AGR_ID|open_rows|open_amt
------|---------|--------
611753|12|100106854.32
505325|6|39322575.51
260351|3|34489644.63
1872|720|9988700.40
302546|120|4177251.00
510222|24|3911721.76
102|1248|3798497.28
1083552|18|2869937.43
494017|12|1449896.58
605694|18|1404539.28
181170|4131|1096789.41
180203|4752|1001354.40
43364|5568|941396.55
606848|9|900948.18
41147|4680|860571.36
103798|4977|807842.15
114374|4819|749047.19
926446|24|713687.98
14017|4608|689179.68
106530|3762|680257.38
254586|2376|673817.40
647454|6|659082.00
7736|4464|656251.92
196822|3120|647743.80
43742|102|638452.00
141240|4758|632317.14
351029|2064|624350.40
7660|4824|610395.84
217814|3120|591212.40
170365|4293|565568.73
13486|3060|561406.20
131227|3|555792.00
89705|4212|544660.74
43048|6390|542370.60
124032|6020|525772.18
18099|4680|515284.56
112462|2376|513652.32
114015|3149|511579.84
286926|3120|511338.60
107393|2376|495260.46
122971|2280|476406.57
224020|4536|468702.00
152117|3060|466307.40
278095|3240|464538.00
2312|360|463051.68
84513|2553|460898.61
179561|6|456177.00
308904|3672|452220.48
11958|4752|452178.00
137709|3240|447931.80
251900|3000|425753.40
404093|6|425172.00
110655|3366|402823.08
96042|2508|396476.61
19446|4680|388090.80
137111|3975|384709.50
130559|3300|383237.40
227289|8|376881.44
131336|3432|376756.38
135952|2173|371104.94
172804|2430|369851.40
2295|96|366821.76
454249|6|366622.98
144032|2430|359460.72
13730|1880|358577.57
307006|2016|357834.24
283079|2112|348715.20
11271|3480|338862.60
51051|2160|335012.64
85799|3120|326046.00
254839|2016|323124.96
80857|2016|320438.40
280600|2760|319983.60
126842|4368|318489.60
266115|1632|315927.36
368178|6|315714.00
99566|2268|315329.76
174017|234|314653.86
344748|2016|312305.28
165974|2214|310404.96
225367|15|310266.15
55018|2295|308549.49
266006|2214|307412.28
316826|1920|307307.04
285796|2760|300538.20
150371|2376|298074.60
60648|2346|293720.22
135670|72|290016.00
331800|1872|288977.76
160825|2346|286242.09
135978|2295|282755.73
225363|19|280930.58
200055|1872|277787.52
204283|1776|275544.96
143969|1530|270315.81
220830|1920|270007.20
69577|1998|267856.20
267123|2208|263816.64
288853|2700|256504.20
123574|2268|256068.54
255213|2376|254487.96
252164|2064|253274.88
151565|2160|251436.96
126413|42|249864.00
120437|1395|246460.50
62410|2208|244341.60
14828|1872|240827.52
68837|1428|240027.90
211426|1968|236211.36
115871|1428|235733.82
522665|6|235158.00
6564|1188|232482.60
494124|6|231815.54
297036|3|230760.00
146847|1176|230652.66
455594|112|230420.48
173435|1134|230042.82
150997|2346|229158.30
96383|2208|229084.32
340176|1479|228930.84
332654|1395|226934.55
362752|3|222495.00
132240|1386|220924.62
16344|1776|220917.60
262296|1920|220574.40
98126|2310|218860.40
233759|2112|218409.60
494121|4|217970.00
373447|1044|217932.12
290969|1968|216716.16
240240|2112|213585.60
513979|120|213565.02
250559|1920|213561.60
84427|1125|211777.65
374835|54|211268.34
55609|1680|210269.76
118450|3016|209997.70
100615|1485|209966.85
494096|6|209688.24
87111|1428|207998.70
147830|768|206140.16
183598|108|205836.00
150282|1998|204979.14
137704|1302|204229.20
446277|54|204120.00
114285|2508|203696.91
132239|1218|202933.08
94906|1674|200879.46
442350|48|200706.00
161939|660|197723.40
271581|1776|194988.48
433043|6|193695.00
93846|1554|193676.28
248206|72|192897.00
118111|2394|191654.52
162277|36|191220.00
196177|30|191034.00
228791|64|189913.12
160307|1287|188843.07
387995|1044|187328.16
494127|4|186260.00
512056|45|184743.00
114825|1218|184059.12
167839|480|183452.64
317297|1152|182349.72
116370|2052|182046.42
86905|330|179467.42
504544|36|177714.00
105889|1080|177549.48
207648|1188|176272.92
65143|1920|175775.04
117107|63|175167.00
84053|1131|173403.75
413027|456|173051.52
404736|55|171963.00
96621|1260|171607.95
123692|630|170272.80
4555|1224|169035.48
459383|54|168444.00
505210|45|168246.00
335908|1386|167564.46
79198|1287|166479.30
114309|1344|165923.10
317633|1152|164549.88
59272|1728|164144.64
200948|1176|164107.44
306871|480|163734.00
380604|1116|163434.24
53635|1248|162421.74
158660|1224|162098.64
129813|45|160380.00
107156|1292|160364.18
19929|1116|160123.32
325649|456|158958.00
305852|1395|157940.10
202372|972|157575.24
9394|1260|156675.24
447957|864|156465.12
69194|2016|155532.96
151593|1470|154588.14
148579|36|154134.00
126588|18|153518.76
276207|30|151764.00
61832|1392|150839.04
121156|1120|150036.80
76486|1734|148614.00
127404|12|147996.00
128214|966|147937.02
359929|1080|147855.60
119973|1728|146557.44
233747|1188|144694.44
276312|1008|142756.56
142409|45|140850.00
454077|624|140668.32
225879|2160|140107.20
523562|18|139740.00
146060|540|138765.90
81565|1134|138713.40
194303|30|138438.00
163452|693|137789.19
81922|48|136218.00
134268|30|135606.00
125233|1260|135334.44
146590|1248|132879.24
310408|45|132795.00
207649|1188|132720.84
269559|552|132360.48
389505|792|132146.28
58993|630|131731.80
1095701|45|131347.10
171839|840|131117.28
84201|63|130473.00
167819|36|130446.00
468223|60|130337.88
189404|48|130080.00
86015|6|130032.00
415372|567|129680.19
124126|1218|128924.88
193682|621|128900.16
476034|6|128723.82
90610|1170|128133.33
131959|726|128025.48
588070|80|127120.40
212009|42|127032.00
233607|798|126711.90
461041|42|125952.00
16370|1260|125487.36
176966|42|125058.00
92953|36|124542.00
56114|1260|124246.08
184435|570|123555.00
171172|54|123126.00
97787|1260|123077.64
64510|234|121564.26
236891|1260|121491.72
218617|30|120576.00
104841|1395|120100.05
102301|42|119604.00
157420|60|119522.64
313864|480|119509.92
395556|528|119065.68
43357|2655|117788.19
178590|588|117475.68
337822|3|117396.00
321499|552|117208.08
104028|6|116697.00
101713|1056|116565.12
410694|6|115998.00
206209|1116|115160.40
228975|1188|114987.60
113702|27|113724.00
270839|30|112962.00
218367|36|112779.00
116167|48|112596.00
117570|660|112347.60
304534|1260|111686.40
159030|36|111447.00
412054|1008|110971.44
329894|42|110634.00
266576|48|109974.00
417009|54|109341.00
29743|24|107418.00
128914|30|106650.00
305324|528|106306.32
352982|36|106254.00
605108|36|105319.32
402083|432|105267.60
100427|18|104868.00
151372|630|104810.40
100903|726|104756.19
973920|39|104629.26
93967|3|103494.00
292603|528|103283.04
84564|24|103224.00
220964|6|103101.00
112764|540|101964.30
129185|6|101934.00
1034510|180|101835.84
141998|690|101476.20
329250|1152|101326.32
128980|720|100702.80
132023|36|100377.00
66900|504|100204.80
110134|660|99966.90
1088558|52|99641.44
34228|60|99253.74
249258|576|99184.08
163453|693|99156.09
139815|27|98667.00
95915|1302|98330.82
243753|1296|98118.72
267638|60|97841.64
68403|1224|97356.60
502080|33|96671.43
184162|36|96027.06
356960|1080|95549.40
84372|54|95382.00
97564|966|95327.40
271162|864|95066.28
264261|528|94815.60
1124405|54|94584.27
393468|54|94053.84
355948|63|93942.00
207022|690|93889.20
213358|528|93782.64
122784|726|93705.81
1965|96|92883.48
160063|570|92622.90
289261|11|92301.00
276586|384|92187.36
268489|528|91949.04
276530|660|91928.40
213996|1008|91557.00
159504|36|91314.00
365561|576|90802.80
99929|60|90746.28
290329|864|90583.20
83325|475|90493.00
18357|756|90383.40
191712|480|90102.96
105661|1344|90013.14
526377|189|89921.58
128816|690|88784.10
396242|36|88488.00
72259|750|87792.00
242653|972|87300.72
120576|6|86820.00
253362|504|86818.08
336314|24|86748.00
103631|24|86658.00
271713|60|85620.00
1100008|30|85614.74
238705|36|85206.00
58477|48|84966.00
1105373|18|84722.52
647456|6|84360.00
34526|24|84240.00
94713|27|84042.00
431204|60|83628.00
121129|570|83369.40
177457|60|83311.92
91628|675|83252.88
304401|126|82772.88
91652|30|82500.00
63539|690|82324.20
132130|528|82297.92
118178|693|82140.30
163981|27|82125.00
207512|24|82008.00
142616|24|82002.00
359554|576|81815.28
104941|18|81480.00
109284|660|81406.50
300412|36|81198.00
390956|576|80916.72
86022|612|80879.20
231254|513|80844.21
95898|6|80658.00
67768|660|80442.90
104075|726|80393.28
51389|528|80242.32
164412|24|80040.00
199394|427|79737.37
163694|72|79187.34
157098|864|79185.60
310625|480|78905.28
162486|198|78887.70
510413|186|78826.02
309516|660|78683.40
139686|792|78677.94
267591|66|78630.00
336834|504|78618.96
211441|3|78529.35
100641|480|78139.92
101306|27|78030.00
221099|24|77670.00
18356|936|77650.56
438142|30|77646.00
86543|759|77203.83
67931|24|76962.00
41033|1116|76511.16
39549|567|76417.83
860075|26|76161.84
494034|40|75911.84
55013|648|75816.27
153303|432|75455.04
88552|27|75411.00
275173|504|75352.08
310261|30|75246.00
212008|432|75186.24
1100270|28|75033.24
86664|504|74917.68
124306|45|74889.00
261461|528|74832.24
139021|660|74821.20
165243|18|74790.00
157713|24|74124.00
242192|30|74046.00
101307|27|73944.00
7856|528|73779.36
92490|42|73710.00
5309|336|73314.36
9585|576|73268.88
91629|600|72955.92
304871|480|72726.48
301998|528|72528.39
124724|24|72414.00
270668|570|72350.70
139833|12|72237.00
165976|570|72040.80
385702|24|72024.00
113760|390|71777.40
128316|18|71639.04
228383|36|71613.00
36627|48|71532.00
479719|18|71304.00
161597|3|71270.85
930595|12|71130.24
107088|6|71022.00
290696|480|70342.56
109231|1287|70305.69
128586|18|70248.00
234110|30|70230.00
128264|546|70224.57
86243|6|70152.00
512050|30|70110.00
120210|504|70095.60
251802|726|69998.61
7637|552|69987.60
1015591|28|69852.96
76985|60|69846.00
43139|675|69687.00
69571|42|69552.00
105222|18|69507.00
347050|528|69447.12
153799|24|69426.00
94215|30|68838.00
102341|504|68799.60
97746|18|68742.00
93972|9|68652.00
123057|6|68598.72
127922|330|68594.70
216581|27|68490.00
92873|27|68202.00
285229|552|68176.32
196503|552|67914.24
97528|24|67782.00
90604|540|67748.76
224803|576|67677.84
325708|18|67599.00
365562|384|67593.36
1084774|28|67507.66
201200|99|67469.76
420210|432|66999.60
100160|390|66957.30
148063|18|66906.00
91204|234|66640.50
396911|528|66506.88
305482|30|66300.00
149792|24|66300.00
456711|42|66030.00
142555|690|65949.00
96339|726|65875.26
253458|504|65779.20
225238|480|65631.84
138586|42|65508.00
431738|108|65501.88
42959|540|64717.11
251938|12|64704.00
162693|78|64638.00
17721|528|64384.08
238996|690|64210.80
326903|528|64145.28
328064|456|63911.52
354967|312|63574.08
66943|24|63552.00
115007|24|63384.00
289389|504|62971.92
271738|552|62866.80
333108|18|62784.00
17808|456|62718.48
620413|36|62670.68
244074|21|62572.98
214860|27|62352.00
400987|36|62346.00
275774|36|62034.00
239780|6|62001.00
309927|27|61776.00
80027|63|61524.00
127392|726|61465.47
198639|18|61422.00
228874|9|61137.00
325309|234|60691.86
489496|8|60599.74
252917|528|60564.24
392288|480|60550.56
98104|690|60434.40
34598|30|60294.00
272385|528|60129.12
13892|483|59936.16
400328|504|59908.56
458667|24|59790.00
244144|690|59664.30
443548|6|59397.00
116065|24|59334.00
4240|912|59280.00
12246|552|59031.60
409500|36|58995.00
192020|24|58806.00
307407|528|58753.68
239826|540|58752.60
71609|30|58470.00
129940|36|58374.00
1019371|24|58021.98
314893|252|58021.53
140928|15|57858.00
311712|144|57795.12
88458|18|57744.00
581160|16|57662.00
148376|80|57531.45
1039104|20|57436.58
226226|33|57360.00
356096|18|57210.00
133505|24|57090.00
125648|30|57024.00
52647|33|56992.02
131733|42|56970.00
287577|552|56954.40
244192|156|56874.12
430771|408|56814.00
71019|24|56598.00
450535|12|56550.00
391287|24|56442.00
222886|252|56053.41
67422|216|55985.58
89410|759|55946.88
43905|24|55878.00
182024|552|55627.44
425916|480|55532.88
114562|18|55380.00
298575|456|55314.24
205919|24|55284.00
57198|528|55145.28
172628|504|55104.72
92819|456|54984.96
304683|456|54908.64
123770|20|54835.00
123125|132|54790.08
423462|18|54534.00
206388|12|54456.00
85504|24|54348.00
81769|30|54156.00
148749|30|54078.00
855408|30|53817.24
32884|384|53670.24
239951|30|53526.00
513309|30|53478.00
259196|504|53334.72
342017|12|53298.00
244279|828|53244.00
229601|552|53228.64
353690|231|53180.19
79382|42|53142.00
60707|6|53124.00
294584|108|53002.62
371425|36|52992.00
267950|456|52881.60
174940|660|52520.10
115648|24|52506.00
200409|12|52448.00
146570|24|52320.00
303754|456|52318.56
517222|36|51741.00
165399|12|51624.00
341545|30|51594.00
496826|18|51474.00
213810|552|51450.48
134129|36|51444.00
309758|384|51437.28
162060|36|51414.66
68766|36|51288.00
518259|12|51132.00
520713|12|50994.00
52767|24|50964.00
211345|30|50928.00
190522|18|50664.00
403543|12|50628.00
151606|198|50608.98
195500|24|50598.00
172531|18|50508.00
115834|24|50456.16
101602|18|50046.00
113648|660|50029.20
134279|18|49830.00
78214|480|49517.52
353325|264|49514.16
92323|726|49452.81
466452|30|49440.00
84097|528|49028.88
72323|54|49022.76
506953|18|48936.00
494039|216|48754.98
64216|66|48714.00
270818|30|48606.00
57633|30|48474.00
150171|18|48444.00
215533|252|48348.72
214001|24|47988.00
365087|18|47982.00
378736|27|47862.00
175248|36|47850.00
136329|24|47772.00
76648|576|47735.04
173311|3|47598.00
156162|18|47352.00
511128|16|47241.46
171590|24|47226.00
95991|24|47208.00
331583|624|46903.74
122427|312|46850.40
109044|27|46782.00
262758|528|46701.12
64403|12|46692.00
127129|12|46680.00
60478|24|46662.00
162987|24|46662.00
223548|552|46637.28
322868|336|46540.08
279100|288|46484.64
448128|12|46224.00
310602|252|46096.38
178983|6|45732.00
286744|36|45660.00
273720|408|45460.80
61282|18|45450.00
144964|24|45438.00
149309|690|45298.20
119429|198|45210.78
123123|108|45111.18
108075|216|45039.24
134566|18|44958.00
370801|18|44844.00
510208|96|44792.58
189614|42|44568.00
219571|18|44376.00
80240|12|44376.00
161176|24|44292.00
223891|336|44193.48
113688|18|44181.00
220544|36|43998.00
157860|12|43980.00
116960|150|43950.30
273533|528|43857.60
242717|456|43846.32
83413|12|43458.00
160562|6|43272.00
77052|18|43242.00
111031|528|43230.96
306716|24|43188.00
156332|12|43182.00
159976|18|43020.00
195357|216|42967.44
291543|360|42906.48
133688|12|42906.00
110381|6|42887.76
53240|195|42884.85
167151|24|42816.00
87040|231|42790.23
160808|24|42780.00
212855|144|42632.52
131686|12|42594.00
98356|336|42543.36
159622|18|42444.00
455714|24|42432.00
261297|12|42378.00
249063|252|42358.26
345828|18|42348.00
219670|12|42240.00
802830|24|42227.94
283470|528|42166.56
459354|12|42060.00
470350|36|42006.00
229989|27|41985.00
60930|21|41931.00
109580|231|41869.80
274694|216|41835.24
643030|16|41788.38
73728|77|41748.63
109863|27|41616.00
694649|12|41544.00
156338|36|41544.00
284727|456|41486.64
179047|30|41430.00
100177|198|41106.24
143880|234|41083.02
92721|6|41043.00
6620|264|40998.00
115729|198|40975.92
456665|24|40908.00
110961|144|40831.20
97979|36|40674.00
321335|528|40661.52
242507|192|40656.24
196555|42|40620.36
350846|9|40569.00
202348|24|40476.00
248480|24|40434.00
134130|27|40392.00
305250|12|40392.00
196462|144|40358.52
52251|12|40275.00
196216|216|40032.54
70937|150|39982.05
132941|12|39960.00
107309|18|39942.00
128366|132|39876.48
129401|216|39804.66
86964|162|39679.92
131275|72|39667.32
511274|36|39660.00
349751|24|39612.00
238532|108|39579.84
512435|24|39564.00
117294|216|39543.30
93228|18|39480.00
285909|18|39396.00
342005|216|39328.56
102213|420|39270.00
112213|18|39240.00
184632|273|39199.23
87219|18|39120.00
103533|231|39059.16
437246|10|38932.00
239043|552|38872.32
104629|273|38832.99
160122|18|38824.83
72400|660|38673.90
229476|216|38510.10
82003|36|38421.00
114649|18|38358.00
115944|6|38340.00
650829|28|38301.36
408610|24|38238.00
58300|136|38222.29
97954|552|38178.72
262741|108|38159.10
134477|12|38136.00
153723|12|38076.00
185300|24|37938.00
478355|12|37830.00
185407|18|37827.78
216315|9|37815.00
122587|18|37800.00
475933|12|37752.00
4182|168|37740.00
99938|216|37693.80
99977|27|37458.00
60309|12|37344.00
408469|192|37206.48
428008|12|37122.00
163056|18|37116.00
118929|132|37090.44
227772|18|37080.00
168314|27|37044.00
77165|252|37034.55
143731|9|36963.00
249164|528|36824.88
91770|162|36745.02
245905|132|36723.36
395241|528|36519.84
184443|231|36486.66
100673|231|36372.63
95250|48|36341.28
260345|207|36246.87
96671|540|36234.00
112792|18|36234.00
85961|12|36192.00
186392|24|36108.00
490206|207|36102.24
385689|180|36049.50
164873|12|36018.00
261885|24|35772.00
95471|273|35766.15
557335|156|35622.66
96898|9|35622.00
142259|18|35616.00
408126|12|35610.00
355640|36|35568.00
254106|9|35514.00
153955|12|35514.00
188205|180|35500.50
414691|144|35493.60
198958|24|35490.00
496282|18|35412.00
230274|12|35349.00
126414|6|35220.00
134945|6|35208.00
368052|36|35196.00
267628|156|35190.24
437553|18|35160.00
123611|12|35082.00
407063|24|34992.00
143641|12|34944.00
83712|18|34896.00
603644|30|34696.80
107271|152|34625.41
94266|234|34579.62
133640|18|34518.00
122608|324|34472.52
264617|18|34434.00
351598|9|34416.00
82548|30|34320.00
129798|24|34320.00
262143|54|34311.06
378078|108|34251.60
250013|252|34248.06
88779|216|34193.34
191451|6|34062.00
274564|360|34021.20
53541|144|34008.12
122795|30|33990.00
88202|198|33957.36
453418|18|33936.00
132605|12|33822.00
483573|27|33750.00
159614|18|33720.00
75722|216|33719.94
80209|24|33710.04
90969|252|33638.01
357328|480|33631.68
358478|132|33630.36
81383|108|33545.40
645928|14|33537.26
142958|216|33483.60
113232|6|33450.00
153953|12|33444.00
181899|12|33402.00
263089|231|33294.24
110806|12|33282.00
187104|156|33227.76
107483|18|33219.00
161831|12|33216.00
68983|198|33209.82
328969|132|33194.88
219087|4|33112.00
236668|198|33042.42
113777|6|32940.00
126283|24|32928.00
98649|24|32922.00
135363|6|32910.00
249485|504|32815.44
192277|18|32736.00
123126|162|32687.04
149416|27|32643.00
310103|27|32598.00
190233|24|32568.00
154487|9|32517.00
148532|210|32482.80
201664|6|32376.00
87268|18|32334.00
192690|216|32305.86
412246|14|32299.54
316403|126|32283.60
116590|27|32283.00
448704|9|32250.00
400879|30|32250.00
62074|24|32238.00
149078|168|32229.12
251602|252|32215.89
273534|528|32127.60
502148|15|32124.00
175641|324|32071.68
125018|18|31974.00
426225|408|31932.96
76396|336|31850.16
61394|162|31802.94
246428|198|31712.40
353786|144|31695.48
127343|6|31620.00
9006|156|31613.52
108334|12|31500.00
68918|30|31392.00
727589|6|31374.00
163290|42|31365.66
152798|144|31286.40
31710|30|31260.00
163100|12|31212.00
439238|18|31194.00
207235|198|31082.40
15890|156|31070.04
163889|18|31068.00
133801|6|31014.00
102157|45|30978.00
32550|18|30960.00
125141|9|30834.00
422891|288|30825.36
160131|24|30744.00
158546|234|30705.48
345824|24|30690.00
212927|112|30669.92
422485|24|30645.22
157971|6|30624.00
195319|9|30618.00
305828|10|30614.10
125703|12|30594.00
86961|234|30590.28
159690|9|30435.00
174386|24|30408.00
72413|198|30349.98
64395|12|30324.00
182584|24|30312.00
90780|30|30276.00
194923|198|30256.92
267218|192|30253.60
64119|6|30198.00
440810|18|30162.00
129297|12|30132.00
566332|24|30052.80
447962|144|30027.96
178346|12|30024.00
263839|120|30015.96
19262|156|29973.96
78217|180|29871.36
155534|12|29868.00
319718|216|29843.91
183756|156|29843.28
412387|3|29790.00
150956|231|29771.70
387173|198|29748.60
105439|27|29745.00
119914|12|29736.00
95392|210|29684.55
129042|195|29619.30
94708|252|29602.23
319522|612|29575.80
110331|210|29517.81
152989|18|29502.00
121155|144|29491.38
97715|252|29491.14
100052|234|29488.68
160895|18|29472.00
97187|234|29423.88
376900|72|29420.82
135302|9|29400.00
197414|24|29358.00
212137|12|29280.00
62365|81|29148.78
128526|6|29016.00
137500|24|29010.00
171104|24|28998.00
57851|18|28944.00
405832|18|28921.20
91645|216|28880.46
80758|144|28829.04
348650|108|28818.36
190489|12|28806.00
362093|24|28776.00
570923|4|28770.08
174498|198|28747.08
594902|9|28737.00
476098|147|28666.68
96156|24|28656.00
498427|294|28644.42
124272|18|28638.00
177251|216|28543.86
156107|198|28531.26
84157|210|28503.51
8429|120|28472.52
422134|96|28392.48
495528|12|28368.00
156665|3|28362.00
234002|132|28333.08
114931|18|28302.00
402320|144|28295.40
34402|12|28158.00
157065|24|28134.00
387009|156|28116.60
192477|12|28116.00
122235|3|28080.00
118279|180|28041.20
77448|12|28032.00
234904|120|28024.56
103367|30|27870.00
131309|15|27852.00
92521|108|27777.78
35444|24|27744.00
197676|24|27738.00
139223|189|27729.03
67340|36|27714.00
251068|144|27709.08
469389|132|27696.60
182463|6|27684.00
118930|132|27582.96
83662|12|27558.00
66517|6|27558.00
329156|6|27534.00
87239|156|27527.88
117031|180|27507.60
178964|6|27471.00
86592|12|27438.00
48959|9|27432.00
114367|24|27390.00
165455|54|27390.00
167642|12|27372.00
125826|6|27360.00
324292|108|27317.40
196172|24|27306.00
35061|18|27270.00
259603|144|27251.88
74664|165|27242.85
199843|168|27191.04
206456|216|27187.92
136273|12|27186.00
32278|216|27184.68
126070|216|27173.52
283600|18|27150.00
156216|84|27119.76
127000|9|27119.07
111164|18|27099.00
181288|198|27067.50
453837|18|27048.00
134463|162|27025.20
497728|112|27010.20
287970|120|27006.24
203200|18|27000.00
351817|24|26970.00
100741|153|26946.70
119980|6|26934.00
147249|6|26904.00
18960|144|26863.80
128640|12|26844.00
91584|132|26823.60
61143|128|26809.12
148744|18|26790.00
151047|144|26777.52
100522|18|26766.00
267536|96|26752.98
364731|144|26743.32
473199|84|26626.44
287576|168|26619.84
266885|216|26605.08
227677|144|26471.34
3498|144|26469.84
91381|58|26450.03
179919|12|26430.00
409128|18|26415.00
138605|18|26394.00
227915|180|26384.94
422851|24|26382.00
85610|21|26364.00
224823|9|26307.00
226407|132|26304.60
129953|231|26268.48
342082|72|26229.96
496099|18|26226.00
27433|132|26205.96
123105|165|26113.35
54420|12|26094.00
156956|234|26063.46
101827|24|26010.00
78566|12|25986.00
266479|120|25982.64
50127|15|25956.00
6692|144|25945.08
94674|210|25839.24
499471|84|25837.80
451681|12|25826.64
146573|12|25812.00
265073|12|25800.00
558114|12|25782.24
267937|156|25779.60
150567|144|25774.38
422203|9|25767.00
91606|12|25728.00
260455|132|25661.52
115712|9|25632.00
99779|231|25625.88
438709|9|25614.00
116319|12|25608.00
296168|132|25600.20
100800|6|25590.00
92740|18|25578.00
238530|108|25525.62
83743|153|25505.78
509912|4|25476.00
220589|24|25476.00
235371|12|25428.00
115448|12|25422.00
128179|12|25398.00
124806|144|25375.08
272625|176|25370.40
222392|6|25362.00
111349|450|25310.40
187550|234|25285.50
220701|216|25264.44
89236|18|25260.00
158716|12|25242.00
84365|27|25137.00
186451|12|25134.00
444853|144|25087.20
309448|108|25060.08
382286|132|25058.76
105696|27|25047.00
629042|85|25028.59
452142|12|25020.00
254841|12|25004.12
166131|132|24972.84
201422|180|24966.54
32187|30|24942.54
16188|120|24906.72
231336|180|24893.10
337743|132|24888.24
223937|144|24862.44
387831|24|24846.00
309080|108|24832.68
98856|216|24827.94
283653|165|24806.40
118375|198|24764.22
103485|9|24759.00
12253|96|24740.52
72276|660|24690.90
204421|105|24672.06
84065|132|24668.28
398187|132|24658.68
68630|24|24648.00
97600|216|24634.08
480079|30|24594.00
140917|54|24584.85
322021|12|24582.00
69629|198|24574.32
278213|132|24557.04
94572|180|24539.40
186679|18|24498.00
251889|198|24393.96
133960|168|24385.41
131125|18|24378.00
119599|9|24363.00
246832|132|24351.12
95863|24|24312.00
73165|12|24258.00
203549|84|24257.40
206886|12|24254.52
96891|12|24240.00
188568|6|24186.00
148783|9|24175.23
139181|6|24144.00
223033|6|24132.00
486691|96|24092.16
97605|216|24063.30
56582|12|23958.00
165851|147|23921.10
116576|12|23904.00
198599|12|23874.00
141781|153|23862.73
524352|6|23856.42
124118|12|23856.00
195470|6|23772.00
137459|9|23769.00
57296|6|23676.00
409977|6|23673.00
175455|216|23661.18
178200|165|23627.55
114627|216|23580.72
300399|144|23571.48
125614|18|23562.00
364187|132|23558.76
119962|270|23550.00
300628|132|23548.08
323709|12|23508.00
221021|12|23484.00
178324|12|23478.00
63686|6|23442.00
71735|18|23436.00
194998|12|23424.00
155405|6|23424.00
103616|18|23412.00
223520|144|23400.24
238849|144|23400.00
124194|12|23394.00
329983|84|23370.00
229606|156|23349.84
252928|144|23340.12
265464|18|23340.00
131440|9|23277.00
99666|216|23276.70
139443|12|23232.00
341692|144|23209.80
15309|120|23148.60
651032|60|23142.15
147984|144|23074.68
64031|195|23054.55
139537|9|23004.00
248724|120|22998.96
285218|144|22993.92
251701|132|22973.64
72348|216|22969.62
120941|231|22964.34
494019|126|22960.14
61593|12|22943.94
523796|180|22935.78
158567|36|22923.00
90919|18|22878.00
233750|144|22863.12
129101|9|22824.00
135917|6|22758.00
343726|24|22710.00
376312|132|22695.72
26533|90|22692.30
140030|6|22692.00
505323|18|22656.00
81825|12|22656.00
80463|9|22644.00
180508|24|22638.00
356703|18|22632.00
437992|132|22594.32
141957|18|22590.00
78321|165|22551.75
157210|216|22525.20
121388|6|22506.00
105780|18|22506.00
221207|6|22500.00
198796|12|22500.00
65207|180|22498.05
151200|18|22464.00
65127|12|22422.00
351122|144|22366.20
87139|9|22356.00
160167|6|22326.00
166313|12|22308.00
68087|15|22296.00
415671|216|22272.84
105489|18|22272.00
254151|144|22242.48
70470|6|22236.00
468127|72|22228.44
180253|165|22216.20
51904|132|22215.96
72293|12|22176.00
511143|18|22167.00
330030|132|22145.88
118907|132|22091.04
188874|12|22074.00
518888|18|22026.00
161428|12|22026.00
159654|6|22023.00
452112|120|21968.64
59184|198|21962.88
22105|144|21927.00
208908|12|21924.00
419416|84|21912.72
251423|156|21858.48
315923|144|21831.00
131082|27|21807.00
44983|18|21765.00
51037|165|21754.35
104915|18|21744.00
125626|9|21690.00
144876|6|21681.00
382453|3|21678.00
255526|36|21672.00
124286|144|21662.88
152879|6|21660.00
164150|18|21618.00
250751|18|21612.00
113350|128|21551.84
93960|144|21547.68
33785|24|21547.26
570921|4|21536.40
68537|12|21516.00
157196|180|21492.18
145867|18|21492.00
113805|6|21480.00
81712|12|21444.00
154068|6|21444.00
78958|162|21442.50
275171|6|21432.00
134348|12|21396.00
16152|100|21368.20
207313|176|21340.00
191653|3|21309.00
513506|126|21301.08
290350|144|21299.04
330744|120|21285.00
91884|126|21284.64
68881|198|21282.84
393957|144|21280.20
274454|6|21264.00
326423|132|21232.56
66281|162|21210.48
182168|180|21187.80
216156|18|21174.00
39304|99|21167.08
377603|72|21148.68
66432|18|21147.30
117518|168|21131.04
647279|9|21122.01
138581|150|21108.60
253859|84|21103.32
466976|156|21093.90
349515|12|21090.00
743056|4|21082.36
391986|132|21081.24
94566|18|21060.00
112827|216|21043.26
503012|102|21019.74
458334|96|20961.48
231316|132|20937.00
213666|132|20925.84
94793|152|20882.14
430747|120|20879.52
408964|6|20874.00
6886|132|20868.36
112192|12|20862.00
325856|6|20844.00
106686|27|20835.00
100870|6|20814.00
188934|6|20808.00
314717|120|20805.72
153949|6|20778.00
148539|18|20736.00
263013|144|20724.36
96755|27|20682.00
131880|128|20659.04
76767|12|20640.00
115689|95|20619.75
325085|132|20618.16
426734|96|20616.84
106774|9|20601.00
150816|12|20574.00
310741|12|20568.00
506053|12|20544.00
250582|108|20527.68
240426|18|20526.00
186714|198|20518.38
173016|6|20478.00
161077|12|20478.00
299937|144|20461.32
310480|144|20442.72
158756|48|20416.26
57134|24|20370.00
249280|9|20358.00
21414|144|20322.12
136927|9|20322.00
123312|15|20316.00
11764|132|20307.00
354702|6|20298.00
455903|45|20286.00
78094|119|20279.98
69805|24|20277.00
59379|6|20268.00
94286|198|20265.12
70164|12|20259.00
509494|66|20256.84
237661|165|20230.65
140119|24|20208.00
123969|12|20205.00
112543|18|20169.00
320156|144|20167.80
111547|152|20165.65
863691|42|20140.80
136509|121|20117.46
121321|63|20106.00
100981|18|20081.94
194358|180|20081.34
130988|6|20052.00
150746|18|20034.00
17375|110|20033.42
136672|18|20010.00
59779|144|19992.96
73879|9|19980.00
154918|6|19974.00
301493|6|19968.00
180106|156|19951.44
211583|132|19947.36
116608|9|19938.00
67679|198|19918.26
447798|84|19913.76
324965|108|19892.76
67477|18|19848.00
95325|6|19830.00
239281|132|19828.44
242520|60|19803.00
360588|10|19800.14
395956|18|19800.00
65567|6|19794.00
295398|120|19771.08
216585|18|19746.00
448808|72|19745.52
19060|120|19732.92
244060|132|19732.68
176357|6|19728.00
84331|6|19710.00
284343|132|19705.56
215375|132|19705.08
119371|18|19701.00
460623|12|19686.00
181163|30|19668.00
105662|216|19655.64
235208|16|19640.00
182017|54|19628.88
146187|6|19626.00
253334|144|19616.52
233419|144|19608.24
185444|216|19600.92
297567|144|19566.72
123393|12|19554.00
115111|12|19554.00
216572|6|19548.00
142009|12|19500.00
171396|144|19455.12
451381|6|19446.00
349504|12|19440.00
426729|96|19417.32
93803|6|19416.00
99961|24|19416.00
98828|162|19412.64
93781|12|19404.00
61750|198|19377.18
162605|18|19374.00
307684|132|19366.44
430675|120|19359.36
238888|12|19338.00
95508|18|19314.00
98719|160|19294.00
33330|18|19284.00
79129|24|19284.00
77466|6|19272.00
95828|12|19248.00
697632|42|19247.10
156148|12|19239.60
327496|132|19214.04
134445|6|19200.00
167446|12|19179.00
125672|12|19170.00
261542|144|19146.96
414414|132|19135.56
264149|108|19126.80
207032|60|19122.60
165292|30|19110.00
386428|132|19071.72
309447|18|19065.00
260993|216|19056.42
263554|6|19044.00
115975|8|19032.00
57078|15|19014.00
471843|6|18990.00
466300|132|18978.00
161348|6|18966.00
396622|102|18962.04
227351|132|18934.08
245636|120|18925.08
266312|165|18898.80
361333|144|18892.20
308115|42|18876.96
333087|26|18837.00
344122|9|18810.00
137322|12|18798.00
46240|9|18795.00
783485|36|18794.20
178398|12|18786.00
296831|120|18749.40
192832|147|18740.19
149756|144|18708.06
141722|132|18705.36
214507|18|18702.00
218340|16|18692.00
157290|12|18690.00
335661|144|18676.32
570914|4|18659.44
465687|96|18654.36
131226|12|18654.00
96580|252|18651.15
118576|12|18648.00
109939|126|18630.00
161777|6|18630.00
113123|132|18623.16
199402|18|18612.00
194940|3|18603.00
136447|15|18597.00
333266|120|18583.68
58737|198|18579.24
98721|27|18576.00
97790|231|18569.04
299079|144|18563.04
1032561|2|18524.00
144900|128|18519.36
119275|6|18498.00
123423|132|18466.50
107000|12|18450.00
146553|12|18444.00
273173|6|18432.00
180937|6|18414.00
282559|132|18396.60
324470|132|18352.68
159308|108|18335.88
192398|18|18318.00
108381|198|18310.32
194421|12|18285.00
21870|132|18261.96
248121|132|18230.76
180673|42|18228.00
82822|6|18222.00
3961|132|18203.28
72734|12|18180.54
106437|144|18180.16
51535|3|18177.00
259799|132|18133.92
251171|132|18124.92
172545|108|18123.24
483742|81|18098.70
246069|18|18090.00
161321|90|18088.50
297522|120|18081.24
253734|132|18079.44
180254|132|18075.24
235992|126|18064.41
485302|6|18054.00
186228|216|18046.98
250567|96|18044.88
245770|120|18031.80
168754|6|18006.00
5108|144|17923.20
37547|132|17887.68
303891|132|17887.08
76995|198|17880.66
114739|18|17856.00
101928|120|17849.52
65701|6|17847.00
375276|84|17845.68
54689|6|17826.00
231204|12|17820.00
165132|36|17783.34
107439|27|17775.36
224935|132|17753.16
157117|12|17750.46
108298|252|17735.97
104531|12|17724.00
63230|12|17712.00
204569|180|17670.24
110781|12|17670.00
95708|54|17658.00
93310|112|17645.76
23480|144|17626.08
131501|144|17616.72
27994|156|17610.12
158087|9|17610.00
217547|64|17600.00
238033|132|17590.68
72832|198|17577.18
170443|6|17550.00
102627|6|17538.00
395392|132|17527.68
210985|132|17520.84
504923|18|17520.00
658778|6|17518.00
104277|12|17514.00
149844|108|17461.20
82747|12|17436.00
124652|18|17430.00
149020|12|17430.00
76284|18|17418.06
237973|6|17418.00
284142|18|17418.00
49040|84|17413.68
322558|66|17400.00
127781|144|17392.32
419997|120|17370.78
147116|96|17370.48
392291|18|17370.00
462980|18|17364.00
401338|36|17343.00
296569|132|17312.88
707795|68|17308.56
407087|48|17307.24
182314|12|17304.00
101842|27|17298.00
301106|84|17296.44
407159|132|17290.32
266422|12|17274.00
258119|12|17274.00
327703|9|17244.00
121786|18|17217.00
161507|132|17211.12
270435|84|17202.12
160563|132|17186.40
106685|144|17183.52
61352|12|17172.00
344730|48|17170.44
519006|12|17169.60
1168460|12|17136.12
158758|12|17106.00
512178|6|17100.00
249231|9|17100.00
78565|9|17100.00
189050|12|17088.00
162902|18|17082.00
139003|198|17068.14
241203|6|17064.00
390603|18|17046.00
67145|12|17040.00
462800|27|17037.00
285516|132|17018.16
80106|126|16974.00
293863|198|16958.88
319830|132|16929.24
241647|144|16926.96
7615|60|16924.20
184817|6|16920.00
201632|6|16920.00
83649|132|16916.40
153251|6|16914.00
385843|9|16911.00
157246|6|16908.00
219292|12|16902.00
61390|144|16855.92
524010|24|16848.00
295667|105|16832.25
215535|120|16830.24
352574|6|16830.00
507746|126|16824.36
118089|18|16812.00
129292|6|16806.00
176956|6|16794.00
470566|18|16782.00
105153|6|16770.00
377406|132|16768.80
484258|3|16761.00
86551|132|16750.08
139421|6|16746.00
179347|216|16745.76
116324|9|16740.00
12370|132|16737.60
312835|120|16705.68
255374|12|16656.00
155581|9|16650.00
309268|6|16650.00
512400|102|16647.36
191878|24|16644.00
405140|108|16636.68
98280|162|16628.94
339805|144|16615.44
184143|24|16614.00
142971|12|16584.00
53485|132|16583.04
696291|15|16582.14
214851|8|16572.00
32559|18|16572.00
2911|72|16570.44
3059|132|16562.16
115929|144|16524.24
78722|144|16515.36
275912|12|16500.00
64642|18|16476.00
288869|12|16476.00
148113|24|16470.00
145386|162|16466.94
361583|96|16425.12
196905|6|16422.00
120597|180|16402.05
248261|132|16394.76
88065|6|16386.00
289487|132|16361.64
276503|72|16360.80
189643|12|16353.00
168049|18|16308.00
20536|88|16304.53
97470|128|16290.56
57883|18|16290.00
153022|12|16284.00
140902|18|16278.00
155760|18|16254.00
64032|180|16243.50
66607|18|16236.00
162020|12|16230.00
431098|24|16212.00
286892|9|16191.00
245450|132|16187.04
402095|132|16182.36
84857|6|16182.00
123591|132|16161.48
469275|9|16158.00
160114|12|16158.00
306046|156|16150.98
356069|6|16104.00
172278|36|16087.20
90605|180|16068.90
158899|6|16051.80
39116|144|16048.32
120836|9|16044.00
307578|132|16029.96
91729|6|16026.00
134643|24|16002.00
268014|12|15978.00
172392|12|15972.00
148731|12|15948.00
254221|132|15936.84
227662|198|15915.78
353689|144|15914.88
284063|108|15913.32
134874|120|15910.92
296128|189|15904.35
459938|24|15900.00
122854|6|15900.00
153794|210|15887.13
409999|144|15873.36
57358|132|15872.76
142349|6|15870.00
102128|231|15860.25
99152|198|15854.76
398645|132|15840.00
465770|108|15835.20
96465|9|15831.00
92905|18|15831.00
12562|132|15827.28
13442|156|15819.96
94188|132|15816.72
259092|132|15816.24
387169|120|15807.12
278046|132|15784.56
260842|144|15780.84
189573|12|15780.00
327652|12|15777.00
244646|144|15766.08
95855|18|15762.00
425353|84|15741.72
164772|156|15727.44
141577|6|15714.00
89875|9|15714.00
92526|6|15708.00
49194|112|15678.88
304322|9|15669.00
125318|12|15654.00
85177|152|15653.91
313151|18|15618.00
68699|12|15618.00
188169|12|15582.00
521409|6|15558.00
358426|84|15549.72
414294|96|15547.80
451569|10|15541.44
157709|9|15534.00
196679|12|15528.00
43900|96|15527.64
93510|9|15525.00
69214|9|15517.68
499060|6|15516.00
240479|6|15516.00
633947|48|15514.17
167567|12|15504.00
164573|24|15498.00
3294|132|15446.40
285893|96|15442.98
328890|54|15426.00
136290|6|15420.00
193873|12|15384.00
59040|198|15383.16
150149|12|15348.00
15002|108|15281.76
443860|6|15270.00
182966|18|15267.00
273400|6|15264.00
154733|12|15264.00
233400|120|15260.76
205061|8|15260.00
387381|132|15250.08
519358|12|15240.00
219029|24|15224.00
98707|144|15215.16
305185|18|15186.00
433674|108|15144.96
82589|12|15138.00
52485|9|15120.00
91509|152|15105.00
195059|132|15061.56
570908|4|15042.56
134994|9|15039.00
397629|6|15036.00
451425|84|15032.04
74494|36|15015.87
336423|12|14988.00
471086|18|14982.00
595630|6|14973.00
161322|6|14964.00
195957|126|14956.62
119816|12|14952.00
499494|24|14952.00
385654|144|14950.68
133342|12|14940.00
92764|6|14931.00
150481|6|14928.00
68852|165|14923.95
80746|27|14922.00
363474|9|14895.00
109430|9|14895.00
146325|165|14879.55
199797|12|14874.00
349730|12|14862.00
219222|144|14859.72
270497|132|14845.56
62577|18|14838.00
340966|18|14826.00
153031|6|14814.00
366461|18|14796.00
114298|96|14789.04
121304|180|14771.10
236786|132|14770.56
159541|12|14766.00
219604|54|14760.00
247055|144|14748.72
105141|120|14741.16
138620|216|14724.00
120705|18|14718.00
315938|6|14706.00
704154|14|14698.56
152352|6|14694.00
65732|6|14688.00
125932|18|14688.00
156691|18|14688.00
128896|12|14682.00
101801|18|14679.00
233042|176|14673.28
676329|10|14647.52
383826|52|14627.00
59859|96|14611.44
497603|171|14601.96
180754|108|14598.84
24901|144|14587.20
210982|132|14577.48
263996|138|14573.04
159831|120|14568.96
63321|6|14568.00
186645|12|14562.00
197173|132|14556.84
91637|165|14546.25
424999|18|14538.00
102558|12|14538.00
123874|6|14532.00
437028|6|14526.00
92021|9|14517.00
181569|84|14514.72
378259|120|14440.56
67804|144|14429.28
223820|26|14400.49
172878|198|14394.96
306264|12|14382.00
411170|6|14382.00
23919|90|14364.40
220349|132|14353.20
105430|152|14326.57
243820|6|14322.00
135829|24|14310.00
215123|18|14310.00
389703|132|14307.84
109307|12|14298.00
170655|144|14297.04
252202|132|14294.28
417735|18|14286.00
449599|18|14286.00
347485|12|14274.00
240169|132|14270.40
115525|144|14268.24
95304|128|14266.72
249705|84|14265.84
469914|18|14265.00
196864|12|14256.00
142736|3|14253.00
60340|132|14241.96
123036|80|14241.00
103336|12|14238.00
215614|96|14236.20
503602|18|14226.00
168471|132|14225.64
231667|3|14220.00
378690|75|14219.70
336341|144|14195.16
131178|12|14178.00
263687|6|14136.00
486078|108|14096.82
296378|144|14085.48
117629|88|14083.96
161340|144|14076.36
302518|18|14076.00
58877|6|14076.00
219958|144|14064.36
104984|9|14058.00
224377|132|14051.16
236961|12|14040.00
96636|132|14024.76
72583|198|14010.84
92165|9|13995.00
86240|6|13992.00
95204|6|13992.00
348638|12|13986.00
45131|6|13986.00
59363|12|13986.00
196455|18|13980.00
173054|180|13968.60
75170|9|13947.00
131605|6|13944.00
514822|72|13932.15
348809|18|13932.00
113315|144|13920.36
221480|12|13914.00
401849|60|13890.72
62726|6|13884.00
255986|48|13868.04
51230|3|13866.00
264495|144|13851.48
24678|132|13849.44
416698|18|13842.00
234179|30|13836.00
245375|90|13835.70
139179|9|13830.00
256228|57|13829.91
53475|120|13802.28
276833|72|13800.00
306468|144|13784.88
226528|144|13776.12
283761|12|13758.00
95658|6|13728.00
43720|70|13726.60
210354|120|13726.08
883556|8|13723.64
294616|132|13723.08
382430|18|13722.00
333239|6|13722.00
152091|12|13710.00
403968|18|13704.00
203403|132|13703.40
90407|60|13680.00
232682|12|13680.00
237123|132|13668.36
163395|24|13666.38
191908|12|13656.00
157422|24|13647.18
60338|6|13638.00
53621|18|13629.00
296102|12|13626.00
60467|132|13596.72
274886|144|13595.76
322515|120|13582.68
4866|132|13576.32
6705|144|13573.56
87579|12|13572.00
46804|6|13563.00
414956|16|13548.00
87105|12|13542.00
92465|6|13530.00
157099|6|13530.00
275437|144|13518.96
8654|132|13517.16
503226|18|13500.00
213883|144|13491.60
222534|144|13481.52
236326|132|13480.32
159972|6|13476.00
218300|132|13469.64
179858|18|13464.00
307424|48|13458.12
76064|12|13446.00
214480|48|13440.00
251973|12|13434.00
308322|12|13428.00
230410|6|13416.00
93797|24|13416.00
241869|18|13410.00
94975|144|13392.72
310506|9|13374.00
192518|18|13374.00
39820|6|13368.00
214882|6|13362.00
275322|144|13350.96
241011|132|13345.32
300851|144|13309.80
129473|80|13301.20
241386|132|13296.72
161530|24|13296.00
335003|12|13254.00
260263|132|13252.32
311079|6|13248.00
119479|144|13219.20
166851|18|13206.00
335577|72|13194.00
227112|9|13194.00
297501|6|13194.00
115586|132|13192.56
126554|132|13170.48
483867|6|13140.00
192280|48|13137.90
374952|108|13116.00
22168|80|13097.60
121171|12|13080.00
239910|6|13065.00
190767|144|13062.60
181740|12|13062.00
115625|132|13056.72
149290|6|13056.00
74906|90|13044.30
131146|9|13044.00
36670|88|13036.98
165171|144|13032.24
224155|132|13030.32
157964|6|13026.00
6406|144|13014.84
333389|6|13002.00
189715|12|13002.00
223779|144|12992.76
570905|4|12987.64
220358|144|12976.80
90828|144|12960.00
111636|132|12944.64
103098|12|12942.00
84149|9|12933.00
193123|18|12930.00
134468|18|12918.00
81189|144|12910.08
88341|6|12907.38
16509|132|12900.00
76748|9|12879.00
186799|12|12876.00
38911|144|12865.92
156398|12|12846.00
500049|108|12837.54
196592|120|12837.48
113773|6|12828.00
92918|144|12813.60
150684|18|12810.00
125050|9|12798.00
495536|32|12788.84
266327|9|12762.00
205683|6|12757.08
392051|96|12752.16
126929|96|12731.28
365274|132|12728.88
190376|12|12726.00
231314|6|12720.00
80638|12|12714.00
156528|6|12714.00
259706|114|12708.96
83963|6|12699.00
186125|12|12696.00
68915|6|12689.70
197938|12|12687.00
151599|9|12672.00
412027|18|12672.00
319861|9|12672.00
122742|80|12662.40
321733|12|12642.00
218083|27|12636.00
33931|18|12636.00
177603|18|12618.00
25663|132|12608.76
335204|72|12600.00
456179|12|12600.00
342029|132|12583.20
181840|18|12572.28
122639|12|12570.00
131505|12|12558.00
129682|6|12549.00
189810|12|12546.00
242814|132|12533.28
187430|126|12531.24
118780|12|12528.00
188233|12|12522.00
196294|9|12501.00
221395|6|12486.00
422098|6|12484.50
112634|114|12483.60
184714|18|12474.00
77532|18|12468.00
61972|36|12456.00
147669|15|12450.00
128288|18|12411.00
262476|108|12397.26
67782|6|12396.00
200289|120|12373.92
152843|6|12372.00
161307|6|12360.00
160734|18|12357.00
315716|72|12343.80
189176|12|12342.00
125499|6|12342.00
70884|12|12336.00
155483|216|12330.72
220355|132|12325.08
424265|42|12324.00
278114|132|12304.44
65660|12|12303.00
208423|4|12296.00
120798|6|12246.00
156308|18|12246.00
229883|144|12199.92
187021|144|12195.48
91350|12|12192.00
222400|144|12182.28
234483|3|12180.00
456246|12|12174.00
138037|144|12166.47
154417|9|12150.00
102331|153|12140.21
35259|18|12120.00
136353|12|12120.00
520074|9|12114.00
354612|9|12096.00
306441|6|12078.00
74342|99|12077.89
139952|3|12075.00
89308|9|12069.00
103866|6|12066.00
84321|12|12066.00
145962|6|12048.00
132599|15|12045.00
211664|144|12026.88
155093|6|12000.00
177833|18|11997.00
190488|6|11994.00
234562|132|11993.40
226220|9|11988.00
238551|84|11978.64
369114|96|11973.36
251975|12|11970.00
319489|132|11968.08
132191|36|11964.00
385200|96|11956.56
638814|8|11955.72
191022|144|11954.76
191885|12|11916.00
92766|3|11913.00
67203|6|11910.00
338907|120|11901.96
79730|6|11901.00
137884|77|11875.27
34227|6|11874.00
479763|78|11828.25
209011|8|11828.00
208952|132|11826.36
223207|132|11820.72
235058|132|11804.88
166756|12|11802.00
335907|108|11796.96
33425|6|11790.00
290651|144|11777.52
334041|24|11772.00
105065|168|11760.00
304540|6|11724.00
129567|18|11712.00
147922|6|11706.00
132460|162|11700.54
310407|9|11700.00
183367|12|11694.00
147459|198|11671.56
112930|128|11658.88
115805|18|11637.00
73056|18|11628.00
362488|12|11622.00
178313|9|11619.00
324705|120|11597.16
78914|6|11592.00
232194|132|11577.48
167449|18|11574.00
670377|12|11571.03
27119|132|11545.32
172219|96|11539.80
101176|6|11538.00
458978|6|11535.90
504656|108|11527.44
138502|6|11514.00
162913|12|11499.00
305277|6|11496.00
288172|144|11491.08
149818|180|11471.55
486278|84|11454.00
520703|12|11448.00
306119|9|11448.00
9650|132|11442.48
100568|12|11442.00
87675|6|11442.00
286912|120|11438.64
483592|15|11433.00
523679|6|11430.00
72834|12|11406.00
522656|18|11406.00
148387|6|11400.00
31332|70|11377.60
134277|12|11370.00
112224|18|11364.00
305212|18|11358.00
161463|10|11340.00
231084|6|11340.00
164907|6|11334.00
5489|132|11331.24
374245|3|11322.00
470343|18|11316.00
101312|9|11313.00
128075|144|11310.48
93783|6|11307.00
134881|12|11304.00
227950|4|11300.00
117145|80|11293.30
463799|96|11287.68
173784|144|11272.32
164938|27|11272.05
191981|24|11268.00
232205|156|11265.60
356655|51|11258.52
468252|84|11250.00
95111|18|11244.00
277532|144|11230.44
182773|132|11219.52
125511|6|11217.00
130713|15|11207.73
175991|6|11190.00
175489|18|11190.00
153991|6|11184.00
378012|12|11184.00
183093|12|11172.00
441035|18|11166.00
108188|6|11154.00
516175|114|11143.14
176648|18|11142.00
68256|18|11118.00
18879|99|11088.00
84870|9|11079.00
91811|132|11079.00
63879|12|11076.00
318826|132|11073.24
360345|6|11070.00
12720|132|11065.80
53557|3|11064.00
172968|12|11058.00
162866|24|11052.00
141241|9|11052.00
468353|84|11043.12
320637|72|11037.96
178828|6|11028.00
615046|32|10992.64
131087|30|10992.00
368008|6|10992.00
447723|6|10986.00
20773|144|10962.00
81484|18|10944.00
49146|112|10937.22
329912|132|10923.84
163071|18|10908.00
150436|12|10884.00
132908|18|10878.00
140745|9|10872.00
154990|12|10866.00
159353|12|10866.00
88629|9|10854.00
145517|12|10848.00
101039|6|10848.00
2250|2|10845.06
101468|63|10845.00
143108|9|10845.00
444479|108|10840.20
63907|6|10836.00
56985|6|10824.00
469572|6|10818.00
190315|12|10812.00
340698|96|10800.00
157318|12|10800.00
326038|12|10782.00
93409|24|10770.00
48435|9|10767.00
75101|12|10764.00
156349|18|10764.00
165729|132|10756.68
396573|72|10750.20
83874|12|10746.00
97210|108|10743.36
174875|30|10740.00
94409|132|10734.48
242599|132|10734.00
318483|48|10725.12
170893|6|10722.00
497419|78|10714.98
410128|84|10711.68
87395|9|10710.00
35210|6|10704.00
49738|15|10689.00
67105|12|10686.00
193219|6|10668.00
599328|4|10667.20
231836|132|10638.84
83739|69|10636.17
187476|18|10632.00
342182|144|10626.72
509387|18|10626.00
451978|12|10614.00
145277|12|10614.00
92492|6|10614.00
263807|4|10611.24
48054|12|10608.00
437215|3|10602.00
60745|72|10585.68
242923|12|10583.10
28046|88|10578.70
189344|18|10566.00
112464|12|10551.00
68405|12|10548.00
101991|6|10548.00
135075|12|10543.80
332125|132|10541.40
229219|21|10526.46
220389|8|10500.00
323541|96|10494.48
129740|18|10494.00
148059|6|10494.00
91789|9|10476.00
271959|66|10473.42
502782|38|10471.08
33550|18|10470.00
97133|9|10458.00
124413|12|10452.00
77166|9|10440.00
93106|6|10422.00
48390|12|10413.00
194213|18|10410.00
423555|12|10410.00
130751|9|10404.00
146874|12|10392.00
193927|6|10392.00
421159|9|10386.00
75771|6|10380.00
128715|3|10380.00
58028|6|10380.00
514152|78|10378.92
161749|120|10368.24
468103|78|10368.12
91472|6|10344.00
187036|6|10344.00
191350|18|10326.00
37919|12|10320.00
338015|18|10320.00
259640|6|10314.00
472727|18|10308.00
100310|18|10302.00
175254|9|10296.00
190135|6|10296.00
155666|132|10278.12
71876|12|10278.00
69434|9|10272.00
148904|12|10266.00
137090|18|10266.00
236059|132|10250.64
72572|18|10248.00
83986|9|10233.00
152313|9|10233.00
81215|6|10224.00
141427|18|10224.00
504233|12|10218.00
155762|9|10215.00
76410|9|10206.00
129900|18|10206.00
496424|12|10194.00
166087|6|10194.00
59774|6|10188.00
122408|9|10179.00
84871|9|10179.00
399880|60|10170.48
88798|6|10170.00
59532|12|10170.00
59439|6|10170.00
71162|12|10170.00
129670|3|10167.00
96539|6|10158.00
249901|132|10156.44
366654|18|10152.00
149609|6|10152.00
127195|6|10152.00
264011|6|10146.00
391921|12|10134.00
351151|12|10128.00
112974|12|10122.00
179365|105|10115.70
429494|6|10104.00
88048|12|10104.00
122452|6|10098.00
93758|6|10098.00
85867|60|10080.00
427836|12|10056.00
93829|132|10046.16
427692|18|10038.00
104597|18|10035.00
749142|2|10034.00
514032|12|10032.00
109801|12|10026.00
167285|9|10026.00
165036|180|10010.55
99817|12|10008.00
136842|9|10008.00
160884|51|9999.90
145461|6|9990.00
105835|9|9990.00
103237|9|9963.00
155671|6|9960.00
68771|12|9954.00
199291|120|9950.52
68682|6|9948.00
151719|6|9936.00
118515|6|9924.00
65788|6|9921.00
521555|9|9909.00
102861|80|9906.10
11789|120|9904.68
233076|108|9901.08
71605|234|9900.72
155587|9|9900.00
245168|12|9888.00
436335|6|9876.42
64698|6|9876.00
57793|6|9876.00
144043|12|9864.00
93049|180|9862.92
160868|6|9852.00
160224|6|9846.00
66924|12|9846.00
119233|12|9834.00
99890|3|9831.00
385712|69|9830.13
119699|12|9816.00
407674|120|9812.88
187832|6|9810.00
63589|12|9804.00
31942|80|9800.00
448483|6|9798.00
107630|18|9792.00
80357|18|9780.00
164420|18|9774.00
97610|132|9768.24
48683|132|9765.84
74890|24|9762.00
161197|12|9756.00
427227|6|9732.00
51194|3|9732.00
63710|6|9729.30
506236|9|9729.00
407213|12|9714.00
514742|84|9712.86
116704|12|9708.00
189368|12|9708.00
351140|18|9702.00
376572|12|9696.00
62905|12|9696.00
101849|60|9689.40
178537|12|9684.00
603086|6|9668.00
124122|6|9660.00
320868|18|9639.00
381481|18|9630.00
67431|18|9624.00
174301|12|9624.00
163838|54|9621.72
237211|9|9621.00
58085|6|9612.00
105324|3|9600.00
153195|96|9594.60
39748|132|9571.92
116240|12|9570.00
90991|9|9567.00
235352|6|9564.00
61281|6|9558.00
82946|36|9558.00
301148|9|9558.00
418059|72|9553.92
508199|12|9552.00
291387|18|9552.00
71317|12|9552.00
136166|6|9552.00
93285|6|9546.00
113626|9|9531.00
456775|6|9528.00
273177|12|9528.00
342967|36|9523.68
199257|45|9523.20
181208|30|9516.00
87447|6|9504.00
325204|12|9504.00
101860|9|9504.00
126925|6|9504.00
106873|18|9492.00
117569|12|9480.00
270215|9|9477.00
262354|120|9439.80
72535|12|9438.00
192156|12|9438.00
102148|12|9426.00
146683|18|9423.00
272671|12|9414.00
164017|3|9396.00
200794|12|9360.00
34576|6|9360.00
99672|12|9354.00
513873|90|9325.02
71433|6|9318.00
13801|132|9317.52
86038|9|9306.00
97541|6|9300.00
249247|9|9297.00
66890|12|9288.00
331612|84|9282.48
124476|12|9282.00
128084|18|9279.00
284339|12|9270.00
128575|6|9264.00
423550|18|9264.00
144899|12|9246.00
353992|18|9244.17
98298|9|9243.00
320548|18|9234.00
290919|18|9234.00
149244|6|9210.00
68601|6|9198.00
114859|6|9198.00
211879|12|9192.00
694664|6|9190.00
76667|36|9181.62
481430|6|9180.00
293853|54|9171.66
473702|12|9126.00
131514|18|9126.00
290372|9|9126.00
146752|108|9117.90
186994|9|9117.00
86875|18|9117.00
197569|6|9114.00
197207|6|9114.00
276786|12|9108.00
523181|51|9096.84
180176|18|9096.00
111778|6|9096.00
111558|9|9090.00
54480|6|9087.00
152391|12|9084.00
84475|18|9072.00
149058|18|9072.00
120269|18|9063.00
433266|6|9063.00
89672|18|9054.00
353825|63|9033.36
150195|18|9024.00
134527|12|8994.00
165002|12|8994.00
118232|12|8994.00
270186|12|8994.00
161653|90|8985.24
160706|6|8982.00
122325|6|8970.00
88501|6|8958.00
33268|12|8952.00
113339|18|8946.00
456716|42|8943.00
544857|9|8928.09
77354|6|8928.00
49247|48|8922.48
188042|12|8916.00
96758|9|8892.00
273151|12|8886.00
618628|28|8882.86
314447|9|8874.00
155647|9|8874.00
258559|144|8870.52
86589|12|8868.00
116609|6|8868.00
438329|12|8856.00
492260|12|8856.00
195467|6|8844.00
145028|9|8838.00
195863|9|8835.00
149363|6|8826.00
117452|18|8821.17
497334|6|8820.00
166199|12|8820.00
294745|9|8820.00
192506|6|8814.00
161795|18|8811.00
544062|12|8808.40
15504|120|8806.92
231224|120|8806.56
184551|6|8802.00
100803|9|8802.00
161358|6|8802.00
148365|6|8802.00
104197|9|8793.00
150337|9|8793.00
188388|6|8784.00
646046|36|8778.45
92277|6|8772.00
86529|18|8772.00
32816|70|8766.70
312766|36|8766.00
159021|12|8766.00
192653|6|8760.00
400617|12|8760.00
117035|24|8748.00
379527|12|8742.00
60612|6|8742.00
392815|3|8739.00
427682|6|8736.00
108689|153|8720.49
238315|12|8718.00
95573|18|8711.64
95640|9|8703.00
6873|99|8692.53
106326|24|8676.00
349617|9|8676.00
104942|6|8675.40
261927|6|8670.00
329694|132|8669.04
73878|24|8666.43
399474|60|8666.16
87309|18|8658.00
158795|12|8652.00
84778|6|8652.00
106007|9|8649.00
89813|6|8646.00
156513|3|8637.00
101006|12|8634.00
172958|6|8628.00
150689|9|8622.00
184087|9|8622.00
160775|18|8616.00
81668|12|8616.00
467775|9|8613.00
93243|12|8610.00
139606|12|8610.00
98140|6|8598.00
160595|12|8598.00
309652|6|8598.00
93679|9|8595.00
145912|6|8592.00
93256|9|8586.00
306195|9|8586.00
438674|12|8580.00
161991|6|8580.00
181515|6|8568.00
93694|18|8568.00
129503|9|8553.00
183082|6|8537.94
379699|18|8532.00
34323|6|8532.00
409527|42|8529.60
445001|12|8508.00
462346|6|8508.00
86471|6|8508.00
136346|9|8507.82
157883|6|8490.00
99972|9|8478.00
69935|6|8478.00
164940|12|8478.00
91564|6|8472.00
208627|12|8468.00
225323|132|8464.44
618295|8|8464.28
85637|6|8460.00
177443|12|8454.00
74694|6|8448.00
216362|12|8442.00
122935|9|8442.00
131604|9|8442.00
288874|12|8436.00
159064|9|8433.00
366371|6|8424.00
189720|12|8412.00
186077|6|8406.00
163556|51|8404.83
108731|6|8400.00
196278|12|8400.00
96747|80|8398.80
83886|9|8397.00
504169|6|8394.00
201773|3|8385.00
102168|18|8370.00
115945|24|8368.92
167533|12|8358.00
89759|6|8358.00
25696|6|8346.00
200680|6|8346.00
75346|6|8334.00
67751|12|8328.00
454788|12|8322.00
503528|8|8312.00
468943|102|8302.32
10380|6|8299.48
84392|12|8298.00
87966|6|8298.00
134709|9|8298.00
194394|6|8292.00
42320|12|8268.00
89994|18|8262.00
312568|18|8262.00
139613|24|8256.00
253372|12|8244.00
129586|18|8244.00
455010|12|8244.00
557043|8|8239.46
127329|9|8235.00
459407|12|8232.00
190830|12|8232.00
271859|12|8226.00
276876|6|8220.00
259239|9|8217.00
123040|12|8214.00
157178|9|8208.00
137206|9|8208.00
65651|24|8208.00
513600|60|8203.08
79833|18|8199.00
414644|18|8199.00
91470|3|8196.00
195050|12|8196.00
454267|78|8190.96
273387|18|8184.00
208794|9|8181.00
144663|6|8172.00
95642|9|8172.00
4463|132|8164.92
485821|6|8160.00
482892|6|8154.00
204762|3|8154.00
60168|6|8154.00
295396|120|8148.96
101316|9|8145.00
103559|9|8145.00
464853|6|8142.00
127599|63|8139.96
174795|6|8138.22
110088|9|8136.00
348588|12|8136.00
136437|6|8130.00
109925|6|8124.00
123155|6|8112.00
99565|6|8100.00
168349|6|8076.00
161712|12|8070.00
506204|6|8070.00
193839|12|8064.00
409957|12|8060.22
180226|6|8058.00
121039|12|8058.00
86999|6|8052.00
66985|6|8046.00
187213|6|8040.00
56446|12|8040.00
180928|9|8037.00
62640|12|8028.00
87968|9|8028.00
175960|9|8019.00
244861|120|8017.80
31390|12|8016.00
186330|6|8016.00
65986|60|8005.68
182081|6|7998.00
503975|6|7992.00
233716|132|7983.84
34139|6|7980.00
59192|6|7980.00
48768|3|7974.00
156166|9|7974.00
500752|6|7974.00
251801|9|7974.00
119092|6|7956.00
98549|12|7955.70
85732|9|7947.00
127048|9|7947.00
145792|12|7944.00
466364|6|7938.00
92708|6|7932.00
77887|9|7911.00
118372|9|7911.00
139429|9|7911.00
83985|6|7905.00
128998|18|7902.00
447145|6|7899.00
107048|9|7893.00
103092|9|7893.00
113555|6|7884.00
306308|6|7878.00
102897|6|7872.00
218167|8|7864.00
190451|60|7862.88
254650|66|7861.50
107763|6|7860.00
379174|6|7860.00
104598|18|7857.00
431664|6|7854.00
85407|18|7848.00
341192|6|7848.00
68675|12|7842.00
147111|9|7839.00
152260|18|7824.00
264421|6|7824.00
442991|6|7818.00
81726|6|7818.00
109737|30|7818.00
107160|18|7812.00
80144|12|7812.00
493515|54|7803.90
194216|6|7800.00
208695|12|7794.00
60559|6|7788.00
262934|6|7788.00
292600|12|7788.00
134027|12|7788.00
112939|18|7782.00
433263|8|7780.00
120038|6|7776.00
166477|36|7776.00
172666|66|7775.88
152717|9|7767.00
196634|12|7764.00
47277|70|7761.74
184666|6|7758.00
165268|6|7758.00
134167|6|7758.00
458343|60|7753.02
400705|6|7752.00
105103|12|7747.86
85689|6|7746.00
237881|6|7746.00
272605|12|7746.00
244026|9|7740.00
84479|9|7740.00
117517|3|7731.00
97050|9|7731.00
57768|12|7728.00
132558|6|7722.00
93402|9|7713.00
618396|32|7704.90
459657|12|7704.00
186857|9|7704.00
67319|30|7701.12
53103|3|7695.00
95734|9|7695.00
88430|150|7688.85
427769|6|7686.00
45256|12|7686.00
109520|9|7686.00
424431|6|7686.00
161776|18|7680.00
133300|12|7680.00
254222|9|7677.00
87353|27|7677.00
85971|9|7677.00
107182|9|7677.00
330239|6|7674.00
159503|12|7668.00
81598|12|7668.00
120462|6|7647.00
348614|3|7644.00
143786|12|7639.20
377944|6|7632.00
79260|18|7632.00
94765|9|7626.42
181205|12|7626.00
122911|6|7614.00
455678|12|7614.00
151343|12|7608.00
457375|9|7596.00
125907|12|7596.00
61159|6|7593.00
506508|60|7592.94
91334|6|7590.00
78449|6|7584.00
296632|6|7572.00
341561|12|7572.00
67796|12|7572.00
415502|6|7572.00
145567|30|7566.00
187313|12|7554.00
96777|6|7554.00
81332|18|7551.00
181967|18|7548.00
59176|6|7548.00
119790|12|7546.02
165181|90|7542.60
100207|6|7542.00
369842|60|7539.60
72821|78|7536.84
107626|9|7533.00
57565|6|7524.00
184344|6|7524.00
385539|132|7520.28
111643|6|7518.00
92452|72|7513.02
66136|6|7512.00
132803|18|7506.00
120777|6|7506.00
158127|6|7506.00
34226|6|7500.00
90257|9|7488.00
304592|9|7488.00
246378|6|7482.00
71263|6|7476.00
47994|6|7464.00
64683|6|7464.00
96509|30|7461.48
165682|9|7452.00
356083|6|7452.00
104453|6|7452.00
122156|12|7452.00
132321|6|7446.00
160660|12|7446.00
84198|9|7443.00
68554|6|7440.00
98626|36|7440.00
301674|12|7440.00
162903|6|7428.00
474776|6|7428.00
178409|6|7422.00
141923|6|7416.00
114384|6|7416.00
102320|6|7416.00
441752|36|7415.46
63980|12|7413.66
183277|3|7410.00
397819|54|7408.44
436785|18|7404.00
95192|6|7398.00
185902|6|7392.00
177176|6|7392.00
132559|6|7392.00
192395|6|7392.00
186644|6|7392.00
60804|6|7380.00
73027|6|7380.00
137314|6|7380.00
6526|80|7379.70
167658|144|7377.84
88659|6|7374.00
176646|12|7356.00
90200|120|7355.22
347182|6|7344.00
138557|12|7344.00
189645|6|7341.00
121607|12|7326.00
112053|6|7326.00
475702|9|7326.00
495590|33|7323.78
162818|48|7320.00
60716|12|7314.00
465549|9|7308.00
333304|6|7302.00
68805|6|7302.00
161512|6|7296.00
84993|12|7290.00
362728|9|7290.00
237845|96|7290.00
161487|84|7281.60
129132|18|7281.00
88636|6|7278.00
191000|24|7278.00
156573|6|7278.00
252768|12|7278.00
114733|12|7278.00
127813|12|7272.00
63254|12|7272.00
91189|18|7266.00
129977|6|7266.00
161851|18|7260.00
85740|9|7254.00
154547|6|7254.00
88391|6|7254.00
249206|6|7248.00
66336|6|7248.00
165180|6|7242.00
68222|6|7242.00
401930|9|7236.00
101327|6|7236.00
137235|6|7231.26
283906|6|7218.00
322176|6|7206.00
294245|6|7194.00
359829|18|7191.00
474421|12|7182.00
59094|6|7182.00
226764|6|7179.00
33534|6|7176.00
133136|6|7164.00
445640|18|7158.00
205145|18|7155.00
424416|6|7152.00
330415|6|7146.00
204852|9|7146.00
114209|6|7140.00
110632|6|7140.00
470308|6|7140.00
163207|6|7140.00
514084|12|7140.00
172464|6|7137.00
229737|33|7134.48
455482|6|7134.00
159033|6|7128.00
129736|12|7128.00
228712|6|7128.00
507048|12|7122.00
428460|12|7122.00
114139|12|7116.00
129759|6|7116.00
475181|6|7110.00
159411|6|7110.00
159399|9|7110.00
274640|6|7104.00
191837|6|7104.00
285188|6|7104.00
156898|9|7101.00
101151|9|7092.00
68871|6|7092.00
151467|12|7080.00
163914|6|7074.00
76352|6|7074.00
210484|12|7074.00
190554|12|7068.00
375308|9|7065.00
272799|12|7062.00
94513|18|7056.00
312275|18|7056.00
61384|12|7056.00
111110|12|7050.00
272820|6|7050.00
90237|12|7032.00
173078|6|7032.00
56866|12|7008.00
90182|6|7008.00
348178|6|7008.00
107495|6|7002.00
99978|9|7002.00
298664|6|7002.00
101320|9|6993.00
128441|18|6993.00
241068|6|6990.00
60062|6|6990.00
59914|12|6984.00
174083|6|6984.00
73225|6|6984.00
163319|12|6978.00
185359|18|6978.00
115813|18|6975.00
230718|120|6972.60
127848|3|6969.00
344151|6|6966.00
216388|36|6961.05
107064|6|6960.00
379480|6|6954.00
81449|6|6948.00
312114|6|6948.00
417966|9|6939.00
112316|18|6930.00
35278|6|6930.00
156364|6|6924.00
291947|6|6924.00
129068|3|6921.00
189465|3|6921.00
192927|9|6921.00
48663|30|6918.69
344479|6|6918.00
412087|6|6918.00
109695|6|6918.00
112328|6|6912.00
307939|6|6906.00
103214|6|6902.52
179309|12|6900.00
92910|18|6894.00
56680|12|6894.00
112753|6|6894.00
146141|9|6894.00
261385|12|6894.00
78651|136|6893.84
125886|12|6876.00
127954|12|6876.00
148433|8|6872.00
399427|6|6870.00
147892|12|6864.00
153088|6|6864.00
277163|6|6858.00
181330|12|6858.00
310489|6|6858.00
226655|6|6852.00
87349|6|6852.00
197437|6|6846.00
255785|12|6846.00
89770|6|6840.00
132139|3|6840.00
141106|6|6840.00
135269|24|6840.00
437532|42|6834.66
56413|6|6834.00
135279|6|6822.00
168245|12|6822.00
353146|6|6822.00
174243|6|6822.00
189264|6|6816.00
121858|6|6816.00
17667|9|6816.00
70268|6|6816.00
191909|12|6816.00
381289|6|6810.12
305702|6|6810.00
311076|6|6810.00
100484|6|6810.00
107958|18|6804.00
87310|6|6804.00
83761|6|6804.00
363548|6|6804.00
154018|6|6804.00
354271|12|6804.00
56835|6|6798.00
175887|6|6798.00
34894|6|6792.00
206126|6|6786.00
249879|12|6786.00
518920|6|6780.00
136631|6|6780.00
108993|6|6780.00
306034|6|6774.00
435419|6|6774.00
679629|9|6774.00
177007|6|6774.00
118416|6|6768.00
185577|6|6756.00
451084|6|6749.82
139719|12|6744.00
80004|18|6741.00
162889|12|6738.00
173750|132|6735.12
160611|12|6732.00
103266|6|6721.32
384791|6|6717.00
166880|6|6708.00
94908|6|6708.00
79663|18|6705.00
159473|18|6705.00
380322|12|6702.66
125336|6|6702.00
165245|12|6690.00
63707|6|6690.00
133506|12|6690.00
64088|6|6690.00
264117|48|6682.26
144743|3|6681.00
117508|6|6678.00
216592|6|6678.00
109459|18|6672.00
157141|12|6666.00
138617|6|6666.00
408130|12|6666.00
474024|6|6666.00
164691|6|6666.00
79498|6|6660.00
415250|6|6660.00
69074|12|6660.00
282879|18|6654.00
261441|6|6654.00
333687|6|6648.00
59958|6|6648.00
127382|12|6648.00
192535|9|6645.00
173710|6|6642.00
66469|6|6642.00
154745|6|6642.00
92765|3|6639.00
234706|6|6636.00
304491|6|6636.00
296987|6|6630.00
112041|6|6630.00
144379|6|6630.00
408999|18|6630.00
105130|6|6624.00
133757|18|6624.00
102765|9|6624.00
515974|6|6624.00
109198|6|6624.00
138753|6|6618.00
151465|12|6600.00
131007|9|6597.00
200629|9|6588.00
302793|6|6588.00
69760|6|6588.00
219778|120|6575.52
195392|18|6570.00
513049|9|6570.00
221385|4|6568.00
123432|3|6564.00
160058|12|6564.00
140616|3|6564.00
306381|9|6552.00
165185|6|6546.00
123643|9|6543.00
127156|18|6543.00
130441|6|6528.00
211241|4|6528.00
80190|6|6528.00
162077|6|6528.00
64217|9|6525.00
349110|6|6522.00
82053|6|6522.00
77337|6|6522.00
164632|3|6519.00
134883|6|6516.00
157440|6|6510.00
137490|6|6510.00
105602|12|6504.00
224055|6|6504.00
58651|12|6504.00
112423|9|6498.00
304137|6|6492.00
69310|6|6492.00
246032|6|6486.00
127539|6|6486.00
348941|12|6486.00
78890|6|6480.00
396536|72|6474.72
172312|6|6474.00
116053|6|6474.00
266077|6|6468.00
699664|3|6465.39
110694|9|6462.00
92650|6|6462.00
99089|6|6462.00
447789|18|6456.00
62466|6|6456.00
47832|6|6453.00
161366|3|6453.00
97526|6|6450.00
506352|78|6448.86
163947|78|6447.72
3754|108|6446.16
111669|18|6444.00
89576|24|6420.00
149650|6|6420.00
142653|6|6420.00
72822|12|6420.00
99094|18|6417.00
117205|18|6417.00
125732|9|6408.00
87357|18|6408.00
75665|12|6408.00
66499|12|6396.00
91924|6|6396.00
148605|6|6390.00
103399|18|6390.00
129592|15|6390.00
74598|6|6390.00
34089|6|6390.00
199723|6|6390.00
163436|12|6390.00
190355|6|6384.00
31451|6|6384.00
63869|6|6384.00
495710|6|6378.00
179888|6|6378.00
251897|12|6372.00
149934|12|6372.00
108038|18|6372.00
434996|9|6370.11
408720|16|6366.36
87084|12|6360.00
162915|12|6360.00
220666|6|6360.00
398375|6|6354.00
113654|6|6354.00
72853|6|6354.00
408205|10|6350.00
84210|6|6348.00
401997|12|6348.00
360634|6|6348.00
67978|6|6342.00
95445|6|6342.00
231582|6|6342.00
132609|6|6336.00
238516|12|6336.00
61016|18|6331.74
189031|12|6330.00
35501|12|6330.00
304624|12|6330.00
112071|6|6330.00
380393|6|6330.00
91492|9|6327.00
467973|6|6324.00
158338|6|6324.00
158292|6|6324.00
67391|6|6324.00
133220|12|6324.00
77911|9|6324.00
122807|6|6324.00
198985|6|6318.00
498506|18|6318.00
92763|6|6317.79
126399|6|6312.00
192509|6|6312.00
34517|6|6312.00
495959|9|6309.00
136732|9|6309.00
85595|6|6306.00
65697|12|6306.00
446270|3|6303.00
252807|12|6300.00
170392|12|6300.00
426520|12|6288.00
524214|3|6285.00
67924|6|6282.00
521343|6|6282.00
204680|6|6279.00
217831|12|6276.00
121955|9|6273.00
505020|6|6270.00
80589|12|6270.00
144772|6|6252.00
122964|12|6246.00
179795|6|6234.00
607789|3|6232.05
147284|6|6228.00
382348|6|6228.00
108054|6|6228.00
158018|6|6228.00
129485|6|6222.00
151506|6|6222.00
140542|6|6222.00
197363|12|6222.00
465608|6|6222.00
320493|9|6210.00
125145|9|6210.00
67141|6|6210.00
32633|6|6210.00
249828|6|6210.00
195620|6|6204.00
497813|12|6201.78
127946|9|6201.00
101716|6|6198.00
198280|6|6198.00
174452|6|6198.00
198545|6|6198.00
185674|6|6192.00
505287|6|6192.00
142703|9|6192.00
66338|6|6192.00
446757|6|6192.00
355641|27|6192.00
145172|6|6186.00
172098|6|6180.00
268678|12|6180.00
275094|48|6177.72
181729|12|6174.00
126210|6|6174.00
188477|9|6174.00
178920|6|6168.00
196304|6|6168.00
90992|18|6168.00
516828|6|6168.00
179040|6|6168.00
113810|9|6165.00
149142|6|6162.00
122908|6|6162.00
110995|6|6160.14
33620|6|6150.00
247291|12|6144.00
162963|6|6132.00
68886|126|6131.88
185410|12|6126.00
72205|6|6126.00
434829|6|6126.00
129144|36|6120.00
317013|66|6116.52
183466|12|6114.00
287781|12|6108.00
142725|6|6102.00
132784|6|6102.00
79943|6|6102.00
82040|9|6102.00
488608|12|6096.00
361151|6|6096.00
95807|57|6094.32
155464|12|6090.00
90082|6|6084.00
112544|6|6084.00
183487|6|6084.00
481380|72|6080.40
253852|6|6078.00
401672|6|6078.00
99538|12|6078.00
86728|6|6072.00
84482|6|6072.00
66134|6|6072.00
336211|6|6072.00
296466|6|6072.00
200481|6|6066.00
108724|6|6060.00
34076|6|6060.00
510758|6|6060.00
363704|6|6060.00
95703|6|6060.00
186631|6|6060.00
105388|6|6060.00
87455|6|6060.00
113303|12|6060.00
169006|48|6057.00
460008|36|6055.20
187367|6|6054.00
100513|6|6054.00
335040|6|6048.00
83650|18|6048.00
289247|6|6048.00
125429|6|6048.00
52987|6|6048.00
103772|9|6048.00
403414|6|6048.00
290956|63|6043.23
136937|6|6042.00
125138|6|6042.00
515879|6|6036.00
68794|6|6036.00
311135|6|6036.00
208149|6|6030.00
87738|6|6030.00
203623|6|6030.00
272344|6|6024.00
338254|6|6024.00
434479|6|6018.00
128950|6|6018.00
40416|3|6015.00
65322|6|6015.00
34209|6|6012.00
148394|12|6012.00
33380|6|6012.00
481275|12|6012.00
112546|12|6012.00
77753|6|6006.00
406955|6|6000.00
520534|12|6000.00
95885|6|5994.00
144111|12|5994.00
420248|6|5994.00
274486|6|5988.00
124532|30|5985.00
284864|9|5985.00
193673|12|5983.71
156742|6|5982.00
524374|4|5980.00
88381|9|5976.00
137096|18|5970.24
199386|6|5970.00
134925|6|5970.00
63881|12|5970.00
149785|6|5970.00
131718|18|5967.00
97500|9|5967.00
145557|18|5958.00
345696|12|5958.00
156358|6|5952.00
94984|12|5952.00
182515|6|5946.00
85404|12|5942.58
153262|6|5940.00
77882|6|5934.00
185536|6|5934.00
148106|6|5934.00
79578|6|5928.00
177100|6|5928.00
156767|12|5922.00
162139|6|5922.00
165685|6|5922.00
35411|6|5916.00
42167|6|5916.00
278239|6|5910.00
70499|6|5910.00
117105|6|5910.00
32534|6|5910.00
183279|6|5904.00
227657|6|5904.00
147822|6|5904.00
178853|6|5904.00
57977|6|5904.00
193050|12|5904.00
106259|25|5899.05
186749|6|5898.54
58259|6|5898.00
296279|6|5898.00
201463|12|5898.00
34220|6|5898.00
88558|6|5892.00
182548|6|5892.00
215899|6|5886.00
70677|6|5886.00
69112|6|5886.00
183272|6|5880.00
152175|12|5880.00
408385|6|5880.00
221941|12|5880.00
419776|6|5880.00
103137|6|5880.00
109098|18|5877.00
235983|6|5874.00
148318|6|5874.00
163559|6|5874.00
105278|6|5874.00
218392|6|5868.00
88276|6|5868.00
178688|6|5868.00
68572|6|5868.00
46803|6|5868.00
288967|6|5862.00
104488|12|5862.00
113086|12|5856.00
148024|6|5856.00
202759|6|5856.00
173298|24|5855.28
403803|6|5850.00
64866|6|5850.00
135808|15|5847.00
217926|3|5847.00
441036|6|5844.00
78861|6|5838.00
67808|6|5832.00
450768|12|5826.00
199163|18|5826.00
186731|6|5826.00
194092|6|5826.00
161880|6|5826.00
67135|12|5826.00
374089|18|5823.00
407137|54|5822.34
364525|6|5814.00
209804|12|5814.00
312635|18|5814.00
295784|6|5811.00
203742|144|5808.84
61111|6|5796.00
447642|9|5796.00
78693|6|5796.00
91542|12|5796.00
170196|12|5790.00
171872|12|5790.00
220790|12|5790.00
461156|18|5787.00
106945|6|5785.32
499309|18|5784.00
152888|78|5780.76
181015|6|5778.00
168899|12|5778.00
49938|90|5776.40
231819|6|5772.00
66289|6|5772.00
408782|12|5772.00
93040|6|5772.00
232794|12|5772.00
144919|6|5772.00
83591|6|5772.00
85299|6|5772.00
94212|6|5772.00
83667|6|5772.00
16162|80|5767.20
187391|12|5766.00
107430|3|5766.00
147623|6|5766.00
163016|18|5766.00
146645|6|5766.00
483471|6|5760.00
162623|6|5760.00
148406|12|5760.00
187736|6|5760.00
220430|12|5754.00
171539|6|5754.00
131835|6|5754.00
181443|6|5754.00
365782|6|5754.00
121950|6|5754.00
93283|6|5754.00
109137|6|5748.00
179983|6|5748.00
182510|6|5748.00
294328|6|5742.00
138314|6|5742.00
296783|6|5742.00
147424|6|5742.00
240759|12|5742.00
109835|12|5736.00
133033|6|5736.00
158939|6|5736.00
208961|6|5736.00
48797|6|5736.00
205847|6|5730.00
72948|6|5730.00
467063|6|5730.00
233323|6|5724.00
288124|6|5724.00
234465|6|5724.00
127717|12|5724.00
481695|6|5724.00
272626|6|5724.00
151767|6|5721.60
152588|6|5718.00
164784|6|5718.00
147171|6|5712.00
107070|6|5706.00
359579|6|5706.00
34782|6|5700.00
496226|12|5700.00
101486|12|5700.00
33625|6|5700.00
162538|54|5695.56
184298|12|5694.00
411219|18|5688.00
48008|12|5688.00
209014|8|5684.00
694462|9|5676.72
165286|3|5676.00
506479|48|5674.00
209383|6|5667.00
157022|12|5664.00
479781|12|5658.00
90782|6|5658.00
158586|6|5658.00
63920|18|5658.00
86684|6|5652.00
151340|12|5652.00
75466|6|5652.00
308913|6|5649.00
64662|6|5646.00
423169|6|5646.00
89744|12|5646.00
92784|18|5643.00
134189|6|5640.00
472521|6|5640.00
140764|24|5640.00
132277|12|5634.00
154474|18|5634.00
182550|6|5634.00
76830|6|5634.00
125215|12|5628.00
191304|6|5628.00
33691|6|5628.00
62358|54|5622.36
72640|6|5622.00
176610|6|5622.00
158767|6|5622.00
89972|18|5622.00
62652|6|5622.00
145598|6|5616.00
225949|12|5616.00
56345|6|5610.00
127968|6|5610.00
133307|9|5607.00
405057|6|5604.00
126920|6|5604.00
67979|6|5604.00
85835|6|5604.00
390455|6|5604.00
520505|6|5604.00
471002|6|5604.00
233553|6|5604.00
205247|12|5604.00
141784|6|5604.00
86324|3|5604.00
146463|6|5598.00
242460|6|5598.00
71666|6|5598.00
330053|32|5593.68
127474|6|5592.00
264761|12|5592.00
109043|6|5592.00
162415|6|5592.00
236548|6|5592.00
153300|6|5592.00
132400|6|5592.00
255041|6|5589.00
78793|9|5589.00
110891|9|5589.00
182695|6|5586.00
167598|6|5586.00
144558|6|5586.00
182789|6|5586.00
110109|6|5580.00
173663|6|5580.00
92791|6|5580.00
278362|6|5580.00
112731|6|5580.00
78017|6|5580.00
115667|6|5580.00
275656|12|5580.00
68530|6|5580.00
76739|6|5580.00
369824|18|5580.00
348171|12|5574.00
392230|6|5574.00
264145|6|5574.00
303560|6|5574.00
72570|6|5574.00
152709|6|5574.00
494266|9|5571.36
134392|6|5568.00
181025|6|5568.00
144349|6|5568.00
59116|12|5568.00
151025|12|5568.00
189884|6|5568.00
106909|12|5562.00
110328|6|5562.00
111300|6|5562.00
143076|80|5557.00
115818|6|5556.00
157878|6|5544.00
128337|6|5544.00
63084|6|5538.00
133080|3|5538.00
96807|18|5535.00
217201|6|5532.00
177062|6|5532.00
181618|6|5532.00
81772|12|5532.00
284913|9|5526.00
387402|12|5526.00
341179|9|5520.21
78684|18|5520.00
209371|4|5520.00
112717|18|5517.00
205311|12|5516.00
253972|12|5514.00
360658|6|5514.00
162751|6|5514.00
117604|3|5514.00
189153|12|5508.00
110748|6|5502.00
431698|6|5502.00
78676|6|5496.00
161399|6|5496.00
325427|48|5495.52
158019|3|5493.00
58403|72|5492.04
522421|6|5490.00
96037|6|5490.00
122135|6|5487.00
298662|12|5484.00
185546|6|5484.00
131664|12|5484.00
458861|12|5484.00
103229|18|5481.00
261686|12|5478.00
69036|6|5478.00
90076|6|5478.00
141309|6|5478.00
56897|6|5478.00
88272|6|5472.00
94046|6|5472.00
102654|6|5466.00
33474|6|5466.00
157407|12|5466.00
31282|12|5466.00
82656|12|5466.00
107823|6|5460.00
190552|6|5460.00
161265|6|5460.00
356443|6|5460.00
75116|6|5454.30
167856|6|5454.00
103558|6|5454.00
109036|6|5454.00
34429|6|5454.00
182489|6|5454.00
450219|6|5454.00
58309|6|5454.00
52603|21|5454.00
316755|3|5451.00
92415|6|5448.00
89420|6|5442.00
264848|6|5442.00
105213|12|5442.00
426715|4|5440.00
266151|12|5438.10
135848|6|5436.00
145762|6|5436.00
196738|6|5436.00
112416|6|5436.00
111239|6|5436.00
68456|6|5436.00
85636|6|5436.00
165113|6|5436.00
111227|6|5430.00
81095|6|5430.00
522051|6|5430.00
442707|6|5429.34
57682|12|5424.00
137387|6|5424.00
188948|6|5424.00
79643|6|5424.00
157992|6|5424.00
109487|6|5418.00
137677|6|5418.00
135765|6|5418.00
110904|6|5418.00
155708|6|5418.00
142496|6|5418.00
295954|12|5418.00
86648|6|5412.00
119407|6|5412.00
99668|6|5412.00
157831|15|5409.00
97900|3|5409.00
152696|6|5406.00
34742|6|5400.00
143081|6|5394.00
124242|6|5394.00
76400|6|5394.00
186673|6|5394.00
68756|6|5394.00
70435|60|5392.38
154694|18|5382.00
83124|3|5379.00
435466|12|5376.00
62195|12|5376.00
94792|12|5376.00
98949|12|5370.00
84597|6|5369.64
204662|12|5364.00
294972|12|5358.24
216964|12|5358.00
195268|6|5352.00
104394|6|5346.00
10929|88|5341.27
116584|6|5340.00
220651|12|5340.00
128395|12|5340.00
460158|6|5334.00
122327|6|5334.00
74751|6|5334.00
116470|6|5334.00
216054|6|5334.00
158471|6|5334.00
88770|18|5328.00
168208|12|5328.00
455537|6|5328.00
122254|12|5328.00
633361|2|5326.00
109684|6|5322.00
516192|6|5322.00
68037|6|5322.00
141977|6|5322.00
90085|6|5322.00
137705|6|5322.00
188464|9|5319.00
383323|6|5319.00
97699|6|5316.00
116073|6|5316.00
69651|6|5316.00
83609|6|5316.00
106435|6|5310.00
277070|6|5310.00
75924|6|5310.00
161301|6|5310.00
151490|6|5310.00
155367|6|5304.00
55067|6|5304.00
184424|6|5304.00
92150|6|5304.00
146440|6|5304.00
113287|6|5304.00
190824|6|5304.00
63375|6|5304.00
93854|6|5304.00
181142|9|5301.00
116613|6|5298.00
314238|6|5298.00
61021|6|5298.00
137905|15|5295.00
112412|6|5292.00
86103|6|5292.00
78244|6|5292.00
199420|6|5292.00
498826|6|5292.00
113605|6|5292.00
236300|6|5292.00
470482|6|5286.00
184392|6|5286.00
78885|6|5286.00
86977|6|5286.00
112579|6|5286.00
162187|6|5286.00
516836|12|5286.00
166682|12|5280.00
180719|6|5280.00
143120|6|5280.00
102417|12|5280.00
431849|6|5280.00
188737|12|5280.00
148671|6|5280.00
356534|6|5280.00
55582|6|5280.00
101274|12|5280.00
81843|6|5280.00
99522|6|5280.00
85441|6|5280.00
132566|6|5280.00
163581|48|5280.00
156696|6|5277.00
106252|9|5274.00
192705|6|5274.00
180645|12|5274.00
130742|6|5274.00
115322|6|5274.00
164555|6|5274.00
188743|6|5274.00
156855|6|5274.00
63060|12|5274.00
104388|120|5272.92
99548|72|5271.42
109522|6|5268.00
165972|6|5268.00
78418|6|5268.00
240041|12|5268.00
138005|18|5265.00
192206|6|5262.00
130426|6|5262.00
36701|6|5262.00
54765|6|5262.00
81285|6|5262.00
144839|12|5262.00
109226|9|5257.44
176633|12|5256.00
56091|12|5250.00
142758|6|5250.00
205701|4|5248.00
455898|9|5247.00
453320|6|5244.00
52488|3|5241.00
236787|6|5238.00
157877|6|5238.00
123952|9|5238.00
62937|6|5238.00
429301|6|5232.00
104764|6|5232.00
66159|6|5232.00
192012|6|5232.00
315656|12|5232.00
193858|12|5232.00
201915|8|5224.00
121766|9|5220.00
182670|6|5220.00
101879|9|5220.00
76007|12|5208.00
150022|12|5208.00
184338|12|5208.00
93780|6|5208.00
461109|42|5205.81
261387|12|5202.00
360230|69|5197.05
216198|6|5196.00
398917|6|5196.00
117971|18|5193.00
155726|6|5190.00
134645|9|5190.00
51334|6|5190.00
163057|12|5184.00
156749|6|5184.00
129299|6|5181.00
174054|6|5178.00
250672|9|5175.00
67623|12|5173.74
162715|12|5172.00
301598|12|5172.00
287809|6|5172.00
465733|12|5172.00
66453|6|5166.00
106289|6|5166.00
196928|6|5166.00
98608|9|5166.00
167517|6|5166.00
67117|6|5166.00
143296|6|5166.00
244020|6|5166.00
68104|6|5166.00
192637|6|5166.00
195016|3|5166.00
467486|6|5166.00
247243|6|5166.00
77904|6|5166.00
135216|9|5163.00
98857|72|5161.80
468176|6|5160.00
78884|6|5160.00
94177|6|5160.00
174503|9|5157.00
442979|6|5154.30
261178|6|5154.00
109096|6|5154.00
144359|6|5154.00
283287|6|5154.00
96877|6|5154.00
118713|6|5154.00
484304|6|5154.00
288032|6|5154.00
105248|12|5154.00
89807|6|5154.00
174746|6|5154.00
333223|6|5154.00
125535|6|5154.00
59790|54|5154.00
149065|6|5154.00
162069|6|5148.00
146089|6|5148.00
104224|9|5148.00
149097|9|5148.00
102127|6|5148.00
72153|6|5148.00
450301|6|5148.00
79460|6|5142.00
487680|6|5142.00
350400|3|5142.00
158612|6|5142.00
192622|6|5142.00
262154|6|5142.00
110018|6|5142.00
106679|9|5139.00
321520|9|5136.00
205349|12|5136.00
108764|6|5136.00
173239|12|5136.00
145294|6|5136.00
163896|6|5136.00
32271|18|5136.00
194406|6|5136.00
343715|6|5136.00
144393|12|5131.80
197876|6|5130.00
109104|6|5130.00
34060|6|5130.00
70061|12|5130.00
134198|6|5130.00
218971|6|5130.00
69867|6|5130.00
144176|6|5124.00
89822|6|5124.00
112044|6|5124.00
73096|6|5124.00
69814|6|5124.00
114371|6|5124.00
126664|6|5124.00
152807|6|5124.00
131155|6|5124.00
71832|6|5118.00
179360|6|5118.00
78213|6|5118.00
284921|6|5118.00
60549|18|5118.00
188136|6|5118.00
36711|6|5118.00
359709|6|5118.00
78008|6|5112.00
117709|6|5112.00
165642|6|5112.00
134884|6|5112.00
194837|12|5112.00
111307|6|5106.00
88817|6|5106.00
35508|6|5106.00
117637|12|5106.00
152790|6|5106.00
155111|6|5106.00
110849|9|5103.00
166276|18|5103.00
159364|9|5103.00
46258|9|5100.00
79203|6|5100.00
63779|6|5100.00
160350|18|5100.00
41242|6|5097.00
88420|12|5094.00
89510|18|5094.00
518972|6|5090.40
311490|6|5088.00
77464|6|5088.00
331700|42|5084.52
64064|6|5082.00
72909|6|5082.00
453421|12|5082.00
163627|18|5082.00
485730|6|5076.00
241051|12|5076.00
102394|9|5076.00
62684|12|5076.00
77541|60|5075.28
263643|6|5070.00
191269|6|5070.00
111230|9|5067.00
97842|9|5067.00
195698|12|5064.00
199894|4|5064.00
81746|9|5058.00
138610|9|5058.00
324695|12|5058.00
180295|9|5058.00
149810|12|5058.00
149037|12|5058.00
109458|12|5052.00
151978|6|5052.00
97930|6|5051.10
372129|12|5046.00
154093|6|5046.00
148633|12|5046.00
152053|6|5040.00
180281|12|5040.00
289000|12|5034.00
431316|6|5034.00
140612|6|5034.00
201124|42|5028.24
127536|6|5028.00
63485|12|5028.00
288042|6|5022.00
125637|12|5022.00
144034|6|5022.00
88865|6|5022.00
34820|6|5016.00
290659|6|5016.00
581173|16|5014.56
129146|6|5013.00
84824|6|5010.00
277957|6|5010.00
444855|6|5010.00
160501|6|5010.00
31189|6|5010.00
158055|6|5010.00
290492|6|5004.00
146247|6|5004.00
99939|6|5004.00
186773|6|5004.00
87388|6|5004.00
153084|6|4998.00
143810|9|4998.00
85414|6|4998.00
239064|6|4998.00
151284|6|4998.00
82787|6|4998.00
76511|6|4998.00
183479|6|4998.00
164404|12|4998.00
100929|9|4995.00
89902|9|4995.00
96748|6|4992.00
157131|6|4992.00
183532|6|4992.00
380309|6|4992.00
186332|12|4992.00
187453|6|4992.00
178990|6|4992.00
100309|6|4986.00
446609|6|4986.00
190281|6|4986.00
195070|6|4986.00
125084|9|4986.00
82450|9|4986.00
324077|6|4986.00
109030|6|4983.66
32349|66|4981.92
144994|6|4980.00
70574|6|4980.00
208144|6|4980.00
99740|6|4980.00
96370|12|4980.00
58524|6|4980.00
98634|6|4980.00
152245|6|4979.94
118908|12|4974.00
389790|6|4974.00
135949|6|4974.00
159915|6|4974.00
34239|6|4968.00
113911|6|4968.00
161607|6|4968.00
77746|6|4968.00
135544|12|4968.00
104589|12|4968.00
85699|6|4968.00
182223|12|4962.00
327980|6|4962.00
373290|6|4962.00
356806|12|4962.00
103079|6|4962.00
148654|12|4956.00
109965|12|4956.00
100491|12|4950.00
265627|18|4950.00
57941|6|4944.00
172546|12|4944.00
127464|6|4944.00
56592|6|4944.00
85570|12|4938.00
206509|12|4938.00
448918|6|4938.00
159279|6|4932.00
216844|18|4932.00
31816|18|4928.82
354291|6|4927.26
123965|9|4923.00
85963|9|4923.00
146967|18|4920.00
67616|6|4914.00
226552|12|4914.00
100655|18|4914.00
86799|9|4914.00
114040|9|4914.00
153079|6|4908.00
372583|6|4908.00
82461|9|4905.00
270848|9|4905.00
135138|6|4896.00
124507|9|4896.00
66970|6|4896.00
111915|108|4891.92
156266|18|4890.00
150528|3|4890.00
86138|18|4890.00
484212|6|4884.00
66955|6|4884.00
188840|12|4884.00
123753|6|4878.00
429249|6|4878.00
96693|6|4878.00
85086|12|4872.00
111348|12|4872.00
124973|6|4872.00
108710|12|4866.00
203537|12|4866.00
101916|6|4860.00
187874|9|4860.00
400320|6|4860.00
453013|3|4857.00
146725|6|4854.00
165253|12|4854.00
122445|9|4851.00
491586|9|4851.00
119597|18|4848.00
388978|6|4848.00
161529|24|4848.00
176661|6|4848.00
105644|9|4845.51
106233|12|4842.18
179350|6|4842.00
180535|6|4842.00
264480|6|4842.00
147412|6|4842.00
113990|9|4842.00
256581|9|4833.00
153346|9|4833.00
125066|9|4833.00
221626|48|4831.35
157576|36|4831.11
410148|6|4830.00
487425|12|4830.00
193301|6|4830.00
98666|9|4824.00
75692|9|4818.00
350403|6|4818.00
260884|45|4817.49
120537|12|4812.00
144429|12|4812.00
214974|6|4806.00
128701|6|4806.00
210306|4|4800.00
68435|12|4800.00
418411|12|4800.00
252385|6|4794.00
185019|6|4794.00
231966|12|4792.16
293677|12|4788.00
120424|6|4788.00
168019|6|4788.00
434358|3|4785.00
86109|12|4782.00
160561|12|4780.02
94071|18|4779.00
79605|18|4776.00
128396|3|4773.00
108741|12|4770.00
87221|12|4770.00
174529|6|4770.00
119183|9|4770.00
340166|9|4770.00
422343|72|4767.42
99686|42|4753.62
133420|9|4752.00
125473|18|4752.00
187661|12|4752.00
103395|9|4752.00
66579|3|4749.00
321939|6|4746.00
115839|9|4743.00
150218|9|4741.38
62284|3|4740.00
235825|12|4740.00
220702|12|4740.00
144075|12|4740.00
78083|12|4740.00
1124967|2|4738.00
587666|12|4735.56
178076|6|4734.00
100660|9|4734.00
167629|9|4734.00
138081|3|4734.00
261152|12|4728.00
144877|6|4728.00
157804|6|4728.00
107253|9|4725.00
67124|6|4722.00
111317|6|4716.00
339737|12|4710.00
107233|12|4710.00
203187|12|4710.00
124920|6|4704.00
191983|12|4698.00
157472|9|4698.00
159040|6|4698.00
338275|12|4698.00
329092|15|4695.00
101074|9|4689.00
350739|12|4686.00
464354|6|4686.00
393981|12|4686.00
176878|6|4680.00
189961|9|4680.00
164598|6|4680.00
210663|12|4680.00
86890|6|4680.00
241710|108|4676.40
108304|6|4668.00
109090|12|4668.00
95060|6|4668.00
486742|6|4668.00
322532|18|4662.00
69887|6|4656.00
88396|6|4656.00
115549|9|4653.00
159236|24|4650.24
79630|6|4650.00
268064|6|4650.00
63958|12|4650.00
122729|6|4650.00
67434|12|4644.00
121702|12|4644.00
120129|6|4644.00
498703|12|4638.00
69013|6|4632.00
126153|6|4632.00
112317|6|4632.00
111754|9|4626.00
115034|9|4626.00
87195|9|4626.00
113088|6|4626.00
177261|9|4623.00
158647|6|4620.00
43583|9|4620.00
416195|25|4618.30
506862|51|4617.15
141215|9|4617.00
96443|9|4617.00
152195|9|4617.00
103745|18|4614.00
94614|6|4614.00
482242|6|4614.00
132151|18|4608.00
169882|12|4608.00
87471|9|4608.00
121398|9|4608.00
499237|6|4605.00
64401|6|4605.00
172110|6|4602.00
225665|8|4597.00
191692|6|4596.00
381142|6|4596.00
513775|12|4596.00
438873|6|4596.00
118473|9|4590.00
221539|12|4590.00
113218|6|4590.00
60893|6|4590.00
194372|6|4584.00
151685|6|4584.00
88070|9|4581.00
109364|6|4578.00
71407|30|4578.00
295941|6|4578.00
140491|9|4575.00
126192|18|4572.00
92403|12|4572.00
240302|9|4572.00
343585|6|4566.00
116031|6|4566.00
326656|6|4566.00
84554|9|4563.00
188878|9|4563.00
114288|9|4563.00
147710|6|4560.00
123193|9|4554.00
112628|12|4554.00
100408|6|4554.00
97265|9|4554.00
163989|9|4554.00
115267|6|4548.00
126128|12|4548.00
178604|3|4548.00
92140|9|4545.00
140702|6|4542.00
127373|6|4536.00
59918|3|4536.00
80281|6|4536.00
188817|9|4536.00
496691|54|4532.94
153408|12|4530.00
118858|6|4530.00
155598|12|4530.00
60531|9|4527.00
165867|12|4524.00
164942|18|4519.62
103500|9|4518.00
88551|6|4518.00
129227|9|4509.00
169899|9|4509.00
197040|9|4509.00
288499|9|4509.00
123945|12|4506.00
133399|6|4506.00
355674|48|4501.80
298553|30|4500.00
142678|9|4500.00
108634|9|4500.00
84810|6|4500.00
332990|6|4494.00
83766|24|4488.00
139457|6|4485.72
144594|9|4482.00
112863|6|4482.00
101993|12|4482.00
216071|9|4482.00
191664|12|4482.00
93674|9|4482.00
196026|72|4481.04
185809|6|4476.00
350351|6|4476.00
302677|6|4476.00
121995|9|4473.00
97348|9|4473.00
143585|48|4470.00
142591|6|4470.00
127072|48|4465.20
96950|9|4464.00
158066|9|4464.00
184965|6|4464.00
143203|6|4464.00
392228|9|4464.00
77470|12|4458.00
285392|6|4458.00
142844|12|4458.00
180059|6|4455.00
143799|42|4454.76
79893|12|4452.00
191259|6|4452.00
161408|12|4452.00
106414|9|4446.00
77582|12|4446.00
128133|9|4446.00
72353|6|4446.00
157416|3|4443.00
406371|12|4440.00
310284|6|4440.00
418338|6|4440.00
173162|54|4437.30
194234|12|4434.00
157445|6|4434.00
90809|12|4434.00
149542|6|4428.00
274779|12|4428.00
264052|12|4422.00
131728|30|4422.00
202091|12|4422.00
119321|36|4422.00
115027|9|4419.00
216199|6|4416.00
185233|12|4416.00
132499|6|4410.00
350592|9|4410.00
151990|6|4404.00
158412|6|4404.00
503879|6|4404.00
96078|21|4398.78
512146|18|4398.00
455672|6|4392.00
137881|3|4392.00
90435|9|4392.00
66540|12|4392.00
165591|9|4392.00
157823|18|4392.00
117695|9|4388.85
51249|3|4386.00
95923|9|4383.00
115815|9|4383.00
135938|9|4383.00
291522|9|4383.00
130476|6|4380.00
99523|6|4380.00
82867|9|4374.00
140744|9|4374.00
398527|12|4374.00
97271|6|4374.00
212809|6|4374.00
302067|6|4374.00
158997|9|4374.00
275419|6|4368.00
293566|6|4368.00
132386|12|4368.00
111225|9|4365.00
332475|12|4362.00
190700|6|4356.00
206430|9|4356.00
39514|9|4353.00
102420|6|4350.00
325491|6|4350.00
245510|18|4347.00
122192|9|4347.00
95318|9|4347.00
116847|9|4347.00
127035|3|4341.00
163972|9|4338.00
123982|9|4338.00
357566|18|4338.00
68946|18|4332.00
103644|9|4329.00
121116|6|4326.00
33403|6|4321.92
337738|12|4320.00
112232|6|4320.00
103123|24|4320.00
250528|9|4320.00
159359|12|4320.00
111327|9|4320.00
161485|6|4320.00
153375|6|4314.00
331630|12|4314.00
54505|6|4314.00
194322|6|4314.00
237042|18|4311.00
121675|9|4311.00
184102|6|4308.00
221458|6|4308.00
230185|6|4299.30
70864|12|4296.00
259084|12|4296.00
156089|3|4296.00
254867|12|4296.00
213061|12|4290.36
83859|12|4290.00
64710|6|4290.00
394020|6|4288.38
134493|9|4275.00
162116|12|4272.00
155389|6|4272.00
119756|18|4269.06
153727|9|4267.74
97001|18|4266.00
454245|6|4266.00
164927|6|4266.00
112078|9|4266.00
121030|6|4260.00
98351|6|4260.00
490112|12|4260.00
135871|6|4254.00
110954|12|4254.00
156633|6|4254.00
60901|12|4254.00
184030|12|4254.00
84573|108|4249.80
76232|9|4248.00
191926|6|4248.00
349716|6|4248.00
79188|12|4248.00
79785|6|4248.00
272933|12|4248.00
137253|9|4248.00
205112|3|4245.00
482990|12|4242.00
202729|9|4239.00
110855|9|4239.00
177995|48|4238.37
323944|6|4236.36
191432|6|4236.00
167194|12|4236.00
113388|12|4230.00
34892|12|4230.00
359710|9|4224.00
147930|6|4224.00
102535|18|4223.94
100290|9|4221.00
152203|9|4221.00
194930|9|4221.00
238738|12|4218.00
125810|42|4218.00
155529|6|4218.00
80199|12|4212.00
126202|9|4212.00
134069|27|4212.00
329691|4|4212.00
155709|6|4212.00
72240|6|4212.00
160521|6|4206.00
475311|12|4200.00
90396|12|4200.00
77180|12|4194.00
93556|12|4194.00
74521|12|4194.00
130431|54|4192.62
257202|3|4188.00
114485|6|4188.00
88992|9|4185.00
198165|9|4185.00
133704|6|4183.32
245118|12|4182.00
390234|6|4182.00
321808|24|4180.68
89305|32|4180.44
35464|12|4176.00
145963|12|4176.00
188703|12|4176.00
496468|6|4176.00
319875|9|4176.00
122886|12|4170.00
193174|6|4170.00
165169|6|4170.00
237792|6|4170.00
622236|5|4165.00
155252|12|4164.00
69130|6|4164.00
419772|9|4158.00
104814|18|4158.00
187381|6|4158.00
107950|6|4158.00
232061|18|4158.00
181078|9|4158.00
74856|6|4158.00
86317|9|4158.00
219650|4|4156.00
110304|6|4152.00
81581|12|4152.00
89349|3|4152.00
195206|12|4152.00
131352|9|4149.00
186604|6|4146.00
501019|36|4140.04
58126|6|4134.00
74866|6|4134.00
285302|24|4134.00
363583|6|4134.00
92209|12|4134.00
420613|9|4131.00
136055|3|4131.00
67248|12|4128.00
151639|6|4128.00
310641|6|4122.00
87740|12|4122.00
370950|6|4122.00
101326|18|4122.00
424724|9|4122.00
158508|6|4116.00
57548|16|4115.28
287920|6|4110.00
52354|3|4107.00
98040|18|4104.00
98610|3|4104.00
122058|9|4104.00
74899|6|4098.00
184523|6|4098.00
186313|6|4092.00
48181|3|4092.00
102169|9|4086.00
33803|6|4086.00
221424|6|4086.00
247083|6|4086.00
518740|6|4080.00
74935|3|4080.00
83376|9|4077.00
182265|6|4074.00
183963|6|4074.00
89802|6|4074.00
283291|9|4068.00
122488|9|4068.00
192307|18|4068.00
251894|9|4068.00
182576|9|4068.00
59691|12|4062.00
68695|12|4062.00
206726|6|4062.00
122866|6|4062.00
508288|4|4060.00
51913|48|4059.60
148681|12|4056.00
308915|3|4056.00
390285|12|4056.00
361590|4|4052.00
85580|24|4050.00
194382|12|4050.00
242608|12|4050.00
105651|6|4050.00
88686|6|4050.00
320913|45|4049.28
504003|6|4047.00
93534|6|4046.40
128483|6|4044.00
331314|12|4044.00
34257|12|4038.00
457704|6|4038.00
446567|45|4035.30
214983|16|4032.00
129927|9|4032.00
186286|6|4032.00
117484|3|4029.00
86887|6|4026.00
130625|12|4026.00
126546|3|4026.00
78299|18|4023.00
152692|9|4023.00
109906|12|4020.00
147868|6|4020.00
46219|6|4017.00
207501|9|4014.00
126230|6|4014.00
81750|9|4014.00
205243|4|4012.00
183204|6|4008.00
187457|6|4008.00
226289|9|4005.00
401156|9|4005.00
157622|9|4005.00
162431|27|4005.00
338044|48|4003.32
177660|12|4002.00
156241|3|4002.00
186309|12|4002.00
179152|6|4002.00
142901|9|3996.00
129588|3|3993.00
387054|30|3991.74
176568|6|3990.00
61248|12|3990.00
488438|3|3988.26
359811|6|3984.00
108702|6|3984.00
76827|12|3984.00
273790|6|3978.00
140615|27|3976.38
190585|6|3972.00
136093|6|3972.00
117047|3|3972.00
68707|51|3970.11
89842|6|3966.00
381905|3|3966.00
124992|12|3966.00
92053|39|3960.72
32061|12|3960.00
125465|18|3958.74
161084|12|3954.00
97802|12|3954.00
490381|54|3953.58
61188|3|3949.05
92664|12|3948.00
350871|6|3948.00
135238|6|3948.00
56526|12|3948.00
255039|6|3945.00
63353|6|3942.00
302022|6|3942.00
245532|9|3942.00
264521|16|3936.00
235642|6|3936.00
65868|30|3935.58
53969|3|3930.00
93952|9|3929.85
494528|4|3924.26
60509|6|3924.00
167521|6|3924.00
130207|12|3912.00
680020|30|3906.22
157264|9|3906.00
91650|9|3906.00
209409|12|3900.00
182722|6|3900.00
198992|12|3894.00
145242|6|3894.00
189326|6|3894.00
218807|8|3892.00
206222|8|3888.00
84418|6|3888.00
180827|9|3888.00
68042|18|3888.00
91162|9|3888.00
251707|9|3888.00
93752|9|3886.65
117070|6|3882.00
131870|6|3882.00
359060|12|3882.00
64379|6|3879.00
90737|9|3879.00
276391|9|3879.00
512046|6|3870.00
172248|6|3870.00
122591|6|3869.34
144139|12|3864.00
496144|12|3864.00
461029|9|3861.00
115469|9|3861.00
78728|9|3861.00
179973|12|3858.00
162482|6|3858.00
143728|12|3858.00
238983|78|3855.84
140885|3|3855.00
102512|9|3852.00
273596|6|3852.00
92762|3|3852.00
62313|12|3852.00
270737|9|3852.00
129623|9|3852.00
134325|9|3852.00
151315|9|3852.00
53454|3|3849.00
360020|6|3846.00
224057|6|3846.00
139974|6|3846.00
68048|12|3846.00
184322|3|3843.00
441215|9|3843.00
106823|9|3843.00
164476|9|3843.00
136295|9|3843.00
272966|9|3843.00
129666|6|3840.00
59975|3|3837.00
338102|7|3836.00
112831|6|3834.00
114366|6|3834.00
1054349|2|3832.30
580822|2|3832.00
136767|3|3831.00
151476|12|3828.00
112152|12|3822.00
343492|6|3816.00
402685|18|3816.00
292563|6|3810.00
190033|12|3810.00
120268|18|3807.00
389770|6|3804.00
193250|12|3804.00
98322|6|3804.00
204508|9|3798.00
85223|9|3798.00
411070|9|3798.00
513075|4|3796.00
154640|6|3792.00
113187|6|3792.00
71472|18|3792.00
142162|18|3786.00
104122|6|3786.00
151628|6|3786.00
34659|6|3786.00
114661|6|3786.00
107283|6|3786.00
116382|6|3780.00
40948|3|3777.00
105824|3|3774.00
358904|6|3774.00
79719|3|3774.00
216052|9|3762.00
127948|6|3762.00
92929|6|3762.00
302663|12|3756.00
88689|12|3756.00
175529|12|3756.00
94013|9|3753.00
145918|9|3753.00
215249|4|3752.00
87737|18|3750.00
161054|12|3750.00
51229|6|3747.00
97580|9|3744.00
404856|12|3744.00
154425|12|3744.00
99384|9|3744.00
141708|6|3738.00
69667|6|3738.00
61377|6|3738.00
468115|6|3738.00
237133|9|3735.00
390637|9|3735.00
274480|9|3735.00
185311|9|3735.00
89082|9|3735.00
97895|6|3732.00
438367|6|3732.00
401419|12|3732.00
180341|6|3732.00
446926|6|3732.00
66851|6|3726.00
159175|18|3726.00
60364|3|3726.00
131914|9|3726.00
511969|3|3726.00
171611|9|3726.00
145450|9|3726.00
100860|9|3726.00
210592|4|3724.00
160602|3|3723.00
85241|3|3720.00
76533|9|3717.00
96486|9|3717.00
392964|6|3714.00
191403|6|3714.00
218459|4|3712.00
146366|12|3710.82
65604|6|3708.00
155402|9|3708.00
107743|9|3708.00
117514|9|3708.00
92369|9|3708.00
96881|9|3708.00
118301|9|3708.00
180573|18|3706.86
333261|15|3705.00
99355|3|3705.00
337742|6|3702.00
62133|6|3702.00
416272|3|3702.00
264775|12|3702.00
142969|6|3702.00
152886|12|3702.00
101317|9|3699.00
463411|9|3699.00
116490|9|3699.00
146988|9|3699.00
502896|9|3699.00
254010|12|3696.00
265500|6|3696.00
113565|9|3690.00
68535|6|3690.00
88135|6|3690.00
185831|12|3684.00
122761|12|3684.00
128343|6|3684.00
254601|4|3680.00
643293|8|3678.12
47049|6|3678.00
195869|12|3672.00
83553|12|3672.00
14464|4|3668.00
89973|6|3666.00
74590|6|3666.00
104838|6|3666.00
84256|6|3666.00
470558|12|3666.00
54637|9|3666.00
69113|36|3663.96
103277|9|3663.00
124029|9|3663.00
55224|6|3663.00
111009|9|3663.00
498315|3|3660.00
518222|12|3660.00
473341|12|3660.00
439170|45|3658.11
179402|18|3654.00
309699|9|3654.00
425590|12|3654.00
133795|3|3648.00
68942|6|3648.00
68241|3|3645.00
95811|9|3645.00
87069|9|3645.00
504997|8|3640.00
495103|6|3639.00
146522|12|3636.00
143940|9|3636.00
170545|6|3636.00
74096|3|3636.00
1168979|2|3632.68
216960|4|3632.00
217736|3|3631.11
423633|6|3630.00
209273|4|3628.00
103595|9|3627.00
133466|9|3627.00
103955|6|3624.00
406083|57|3622.71
576282|4|3621.44
123630|9|3621.00
378681|12|3618.00
67386|12|3618.00
271574|3|3612.00
403165|12|3612.00
99979|9|3609.00
77605|18|3609.00
445719|9|3609.00
141564|6|3606.00
32638|18|3606.00
178413|12|3606.00
224334|42|3603.99
147185|6|3600.30
349103|9|3600.00
416402|9|3600.00
33565|6|3600.00
173262|9|3600.00
87506|3|3597.00
139538|3|3594.00
67438|18|3594.00
370325|4|3592.00
515333|9|3591.00
313397|9|3591.00
92250|18|3591.00
328721|6|3588.00
493488|12|3588.00
154218|12|3588.00
129423|12|3588.00
99957|6|3588.00
209230|12|3584.00
184670|9|3582.00
297111|6|3582.00
87121|9|3582.00
139714|6|3582.00
356528|9|3582.00
94797|6|3582.00
377053|9|3582.00
99220|9|3582.00
124680|6|3582.00
89473|9|3582.00
144537|9|3582.00
89681|9|3582.00
116553|6|3582.00
258788|6|3576.00
159493|6|3576.00
122099|6|3576.00
132555|6|3576.00
179414|6|3576.00
239187|9|3573.00
229563|3|3573.00
90447|9|3573.00
107761|9|3573.00
216543|4|3572.00
132970|6|3570.00
327286|6|3570.00
448495|54|3566.52
317993|6|3564.00
243553|9|3564.00
59433|12|3564.00
183379|9|3564.00
58784|6|3564.00
149511|9|3564.00
225400|9|3564.00
96469|18|3564.00
183111|12|3564.00
433475|6|3564.00
499258|9|3564.00
373884|12|3558.00
446691|12|3558.00
184393|6|3558.00
122830|6|3558.00
46687|3|3555.66
124729|9|3555.00
308535|9|3555.00
120893|9|3555.00
139708|9|3555.00
84974|18|3552.00
219524|30|3550.14
351906|6|3546.00
469388|9|3546.00
476997|12|3546.00
39012|3|3543.00
1179350|6|3541.44
113463|6|3540.00
177177|6|3540.00
390059|4|3540.00
224961|6|3540.00
158994|6|3534.00
520172|6|3534.00
112042|6|3534.00
34656|12|3534.00
46932|3|3531.00
156291|6|3528.00
153833|12|3528.00
45794|6|3528.00
82890|6|3528.00
231772|10|3524.20
202601|4|3524.00
177752|12|3522.00
161283|12|3522.00
220153|12|3518.88
174720|6|3516.00
447327|9|3510.00
371221|6|3510.00
131255|9|3510.00
89131|12|3504.00
49734|3|3504.00
192774|18|3501.00
128194|3|3501.00
31387|6|3498.00
142158|6|3498.00
159657|12|3498.00
174553|6|3498.00
125771|3|3495.00
335613|9|3492.00
253916|6|3492.00
161538|6|3492.00
100321|9|3492.00
168541|12|3492.00
432005|84|3490.74
198006|6|3486.00
197963|6|3486.00
142953|6|3486.00
140770|6|3486.00
103717|6|3486.00
70182|6|3486.00
450951|6|3486.00
277272|6|3486.00
169817|6|3486.00
143816|6|3486.00
153266|6|3486.00
99515|12|3486.00
153750|6|3486.00
116906|6|3480.00
186409|6|3480.00
452899|6|3480.00
156883|6|3474.00
152247|6|3474.00
67465|6|3474.00
88658|6|3474.00
123597|6|3474.00
132673|9|3474.00
67123|3|3471.00
615052|16|3469.82
62692|12|3468.00
277101|6|3468.00
423262|12|3468.00
137018|9|3465.00
319703|9|3465.00
128830|30|3465.00
107776|18|3465.00
139634|3|3465.00
374455|6|3462.00
59456|12|3456.00
188828|12|3456.00
40956|3|3456.00
59522|6|3456.00
129631|3|3453.00
127527|3|3450.00
109281|6|3450.00
150445|9|3447.00
183805|12|3444.00
306090|12|3444.00
464904|3|3441.00
451635|4|3440.00
86360|6|3438.00
475924|9|3438.00
58041|6|3438.00
111618|6|3438.00
465743|6|3438.00
97921|18|3438.00
72265|6|3438.00
346513|9|3438.00
182338|6|3438.00
408369|6|3438.00
199042|6|3438.00
335568|9|3438.00
118790|6|3438.00
102567|9|3438.00
454695|60|3432.24
206308|6|3432.00
74398|6|3432.00
179162|6|3432.00
295574|6|3432.00
93611|9|3429.00
94903|9|3429.00
101175|9|3429.00
59343|9|3429.00
115055|9|3429.00
59807|12|3426.00
133986|6|3426.00
33687|6|3426.00
100789|6|3426.00
258604|24|3426.00
346566|6|3426.00
60613|3|3426.00
210179|52|3423.04
64639|6|3423.00
90391|9|3420.00
138619|9|3420.00
119070|9|3420.00
141974|9|3420.00
148702|6|3420.00
395245|9|3420.00
371276|15|3418.05
186207|12|3414.00
102945|9|3411.00
312935|9|3411.00
96272|9|3411.00
226804|3|3411.00
146594|3|3408.00
163832|6|3408.00
111598|6|3405.24
488815|6|3402.00
204599|12|3402.00
119264|9|3402.00
105249|9|3402.00
234560|9|3402.00
150777|9|3402.00
334096|6|3402.00
233518|9|3402.00
159455|12|3402.00
92785|3|3399.00
75499|6|3396.00
177516|6|3396.00
144605|6|3396.00
63384|12|3396.00
164142|12|3396.00
94757|9|3393.00
72899|30|3390.66
157650|6|3390.00
83566|6|3390.00
120172|12|3390.00
166891|12|3390.00
88392|6|3390.00
173931|6|3390.00
338415|12|3388.32
337214|3|3387.00
494451|9|3384.00
149822|6|3384.00
503633|6|3384.00
95737|6|3384.00
179240|6|3384.00
95214|6|3384.00
149287|6|3384.00
701852|6|3379.89
327015|6|3378.00
173187|12|3378.00
59791|6|3378.00
403817|6|3378.00
187258|6|3378.00
162895|6|3378.00
113901|6|3378.00
88215|6|3378.00
190890|6|3378.00
134340|12|3378.00
144950|6|3372.00
444182|6|3372.00
147807|12|3372.00
113697|6|3372.00
214328|12|3372.00
90817|6|3372.00
177850|6|3372.00
88963|6|3372.00
192765|6|3372.00
352991|6|3372.00
162560|6|3372.00
94048|12|3372.00
85627|6|3372.00
162570|6|3372.00
53540|6|3369.00
49557|30|3366.48
123594|6|3366.00
258667|9|3366.00
199046|12|3366.00
190691|6|3366.00
33449|6|3366.00
152209|6|3366.00
287937|6|3366.00
347905|6|3366.00
346258|6|3366.00
69307|6|3366.00
129179|6|3366.00
439343|6|3366.00
70307|30|3363.18
83634|12|3360.00
77345|12|3360.00
167050|6|3360.00
128340|12|3360.00
80477|6|3360.00
125627|6|3360.00
147764|18|3354.00
194754|12|3354.00
272259|12|3354.00
94977|6|3354.00
161658|6|3348.00
129148|6|3348.00
150452|6|3348.00
74798|3|3348.00
79850|9|3348.00
145632|6|3348.00
69138|12|3348.00
87509|3|3345.00
155084|12|3342.00
459912|6|3342.00
138751|6|3342.00
176083|12|3336.00
142379|6|3336.00
186076|12|3336.00
187392|6|3336.00
89392|12|3336.00
169666|6|3336.00
108959|6|3336.00
98920|36|3333.00
95186|6|3330.00
126620|6|3330.00
199130|6|3330.00
277263|6|3330.00
127075|9|3330.00
111817|6|3324.00
76771|6|3324.00
184005|6|3324.00
81632|6|3324.00
192044|6|3324.00
176547|6|3324.00
154965|6|3324.00
198691|12|3324.00
357066|6|3324.00
80953|12|3324.00
146859|6|3324.00
85830|6|3324.00
125724|9|3321.00
32991|6|3318.00
68971|6|3318.00
202322|6|3318.00
116335|6|3318.00
154744|6|3318.00
323899|12|3312.00
163233|18|3312.00
100399|9|3312.00
114957|9|3312.00
178923|6|3312.00
61195|6|3306.00
108586|3|3306.00
177146|25|3304.20
95846|12|3300.00
58056|6|3300.00
373043|6|3300.00
196918|12|3300.00
108136|6|3300.00
85119|18|3300.00
141779|9|3294.00
129383|12|3294.00
156757|6|3294.00
157045|12|3294.00
123877|18|3294.00
455209|6|3294.00
493199|9|3292.74
187033|6|3288.00
148102|6|3288.00
148769|6|3288.00
145981|12|3288.00
133327|12|3288.00
106133|6|3288.00
119724|6|3288.00
388248|6|3288.00
136709|6|3288.00
147450|6|3288.00
320854|6|3288.00
136916|6|3288.00
82200|12|3288.00
112241|12|3288.00
130136|9|3285.00
96740|9|3285.00
453775|15|3285.00
103626|9|3285.00
90491|9|3285.00
109708|9|3285.00
82327|9|3285.00
100501|9|3285.00
334194|6|3282.00
226766|6|3282.00
185777|6|3282.00
130741|6|3282.00
321836|6|3282.00
109170|6|3282.00
172200|6|3282.00
175799|6|3282.00
92974|6|3282.00
196248|6|3282.00
136201|6|3282.00
593351|7|3280.34
412172|12|3276.00
144638|9|3276.00
149771|6|3276.00
95176|9|3276.00
86428|9|3276.00
67659|6|3276.00
105241|6|3276.00
125828|9|3276.00
106994|9|3276.00
100908|6|3276.00
387798|9|3276.00
121634|6|3276.00
276989|9|3276.00
152723|6|3276.00
183370|6|3276.00
354794|6|3276.00
102185|6|3276.00
149504|9|3276.00
95035|9|3276.00
121033|9|3276.00
378778|6|3274.44
34549|6|3273.60
684010|8|3271.16
68911|6|3270.00
80412|6|3270.00
99270|12|3270.00
86900|6|3270.00
273833|6|3270.00
218715|6|3270.00
359666|6|3270.00
89419|6|3270.00
114953|6|3270.00
77734|6|3270.00
344423|6|3270.00
149952|6|3270.00
178718|36|3270.00
59319|18|3270.00
307701|69|3267.45
98789|9|3267.00
318214|9|3267.00
97856|9|3267.00
182675|9|3267.00
187352|6|3264.00
162801|6|3264.00
97766|6|3264.00
161941|6|3264.00
152398|6|3264.00
33769|6|3264.00
180007|12|3264.00
348088|6|3264.00
79749|6|3264.00
99508|12|3264.00
76072|6|3264.00
505074|54|3262.32
155588|9|3258.00
85749|6|3258.00
199340|9|3258.00
160638|6|3258.00
83685|9|3258.00
310679|6|3258.00
98878|9|3258.00
119481|12|3258.00
76532|9|3258.00
76065|6|3258.00
131553|6|3252.00
204783|6|3252.00
96071|3|3252.00
160123|6|3252.00
270919|3|3252.00
104347|12|3252.00
235564|9|3249.00
81605|9|3249.00
92568|9|3248.19
104651|6|3246.00
313533|6|3246.00
80271|6|3246.00
110224|12|3246.00
75543|6|3246.00
425739|6|3246.00
414009|6|3246.00
253237|6|3240.00
185972|6|3240.00
58879|12|3240.00
131277|6|3240.00
113867|9|3240.00
61374|12|3240.00
184739|6|3240.00
84080|3|3240.00
109089|6|3234.00
84645|6|3234.00
159927|6|3234.00
184238|6|3234.00
106516|12|3234.00
131781|6|3234.00
166426|6|3234.00
35518|12|3234.00
216221|6|3234.00
156702|6|3234.00
140345|6|3228.00
198747|6|3228.00
78847|6|3228.00
158864|12|3228.00
163594|6|3228.00
151198|6|3228.00
301423|6|3228.00
131189|6|3228.00
148756|6|3228.00
434524|6|3228.00
192799|6|3228.00
147049|3|3225.00
151808|12|3222.00
189137|9|3222.00
183216|6|3222.00
77738|6|3222.00
146127|6|3222.00
90246|6|3222.00
121336|18|3222.00
94311|6|3222.00
86512|6|3222.00
80628|6|3222.00
339424|12|3222.00
212476|6|3222.00
500649|21|3220.05
70447|3|3216.00
135139|3|3216.00
129886|6|3216.00
188833|9|3213.00
374745|6|3210.00
130022|3|3210.00
466815|6|3210.00
175731|6|3210.00
138656|6|3210.00
498750|12|3210.00
176206|9|3204.00
123908|30|3204.00
122331|6|3204.00
81126|12|3204.00
202840|12|3204.00
63818|3|3201.00
195451|6|3198.00
88432|6|3198.00
251974|6|3198.00
126316|6|3198.00
247643|9|3195.00
383236|18|3195.00
187619|6|3192.00
108116|3|3192.00
312759|6|3192.00
160922|12|3192.00
166918|3|3189.00
372818|6|3186.00
176944|6|3186.00
161639|6|3186.00
188071|6|3186.00
208856|6|3186.00
119782|9|3186.00
157544|9|3186.00
188745|6|3186.00
142651|9|3186.00
330404|12|3186.00
307637|6|3186.00
175168|6|3186.00
193024|12|3180.00
178015|6|3180.00
161568|6|3180.00
31393|6|3180.00
110782|6|3180.00
111326|6|3180.00
265749|6|3180.00
139108|6|3180.00
94022|6|3180.00
444328|12|3180.00
100125|6|3180.00
99928|6|3180.00
89280|6|3180.00
200257|6|3180.00
173787|6|3180.00
60484|6|3180.00
152406|6|3180.00
177400|6|3180.00
69844|6|3180.00
405137|9|3177.00
190265|6|3174.00
133172|6|3174.00
523352|6|3174.00
117129|12|3174.00
150020|6|3174.00
70865|6|3174.00
81678|6|3174.00
68425|6|3168.00
69671|6|3168.00
58568|6|3168.00
76630|6|3168.00
125879|9|3168.00
111038|6|3168.00
43345|3|3168.00
88281|9|3168.00
61024|6|3168.00
169639|6|3168.00
70753|6|3168.00
231521|12|3168.00
34143|6|3168.00
240488|3|3167.91
458251|30|3167.82
54523|3|3165.00
176472|6|3162.00
235895|6|3162.00
66999|6|3162.00
187350|6|3162.00
98299|6|3162.00
189439|6|3162.00
128535|6|3162.00
398084|6|3162.00
235953|3|3159.00
132237|6|3156.00
388803|6|3156.00
153640|6|3156.00
183086|6|3156.00
172106|6|3156.00
295992|9|3150.00
32556|6|3150.00
179361|6|3150.00
35089|6|3150.00
337966|6|3150.00
102089|9|3150.00
169654|9|3150.00
183117|6|3150.00
345118|6|3150.00
132136|9|3150.00
89442|6|3150.00
102531|6|3150.00
296494|12|3150.00
86662|18|3147.57
68172|6|3144.00
365069|6|3144.00
94416|6|3144.00
34874|6|3144.00
128624|9|3141.00
96719|9|3141.00
89953|9|3141.00
226139|9|3141.00
95074|18|3138.00
159873|12|3138.00
148460|6|3138.00
141578|12|3138.00
136091|6|3138.00
70197|6|3138.00
155983|6|3132.00
144554|6|3132.00
148587|9|3132.00
125853|6|3132.00
45687|6|3132.00
106181|9|3132.00
90528|9|3132.00
125062|9|3132.00
119723|9|3132.00
147215|9|3132.00
191574|6|3132.00
189735|6|3132.00
196054|6|3132.00
89724|9|3132.00
144246|6|3132.00
117696|9|3132.00
264304|6|3129.00
195154|36|3128.76
32730|6|3126.00
159152|12|3126.00
453094|6|3126.00
356347|6|3126.00
96283|6|3126.00
109607|6|3126.00
439868|6|3126.00
148053|9|3123.00
166947|9|3123.00
105935|9|3123.00
95299|9|3123.00
147366|9|3123.00
81276|9|3123.00
147783|9|3123.00
88488|9|3123.00
104376|9|3123.00
152513|9|3123.00
347931|6|3120.00
61587|6|3120.00
143877|6|3120.00
58497|6|3120.00
133814|6|3120.00
390378|6|3120.00
459786|6|3120.00
59317|6|3120.00
158506|12|3120.00
93294|6|3120.00
137517|9|3114.00
97070|9|3114.00
196944|9|3114.00
311674|6|3114.00
97988|9|3114.00
309858|6|3114.00
101313|9|3114.00
88246|6|3114.00
303835|9|3114.00
194831|9|3114.00
258761|6|3114.00
100127|9|3114.00
145528|6|3114.00
109153|6|3114.00
159275|6|3114.00
190107|9|3114.00
290382|9|3114.00
98176|9|3114.00
78219|3|3111.00
54586|3|3111.00
133206|3|3111.00
150704|6|3108.00
69447|6|3108.00
336062|6|3108.00
87534|6|3108.00
295164|6|3108.00
72036|6|3108.00
72367|6|3108.00
87182|6|3108.00
87208|12|3108.00
47473|6|3105.00
125942|9|3105.00
94741|9|3105.00
209244|4|3104.00
177907|12|3102.00
174440|6|3102.00
143098|12|3102.00
83715|3|3099.00
47002|3|3099.00
86076|6|3099.00
109692|6|3096.00
86359|12|3096.00
57657|6|3096.00
135325|12|3096.00
102793|9|3096.00
132290|9|3096.00
437286|6|3096.00
117144|6|3096.00
65627|12|3096.00
94476|18|3096.00
113966|9|3096.00
67486|18|3094.92
62289|3|3093.00
221658|6|3090.00
108546|6|3090.00
230785|6|3090.00
134744|6|3090.00
149486|3|3090.00
56144|12|3090.00
63154|6|3090.00
236682|6|3090.00
153115|6|3090.00
275596|6|3090.00
222442|24|3086.34
80105|6|3084.00
83342|6|3084.00
157527|6|3084.00
92678|6|3084.00
178792|6|3084.00
388609|6|3084.00
179820|6|3084.00
181664|6|3084.00
62530|6|3084.00
103676|6|3078.00
73377|6|3078.00
168394|6|3078.00
115797|6|3078.00
131307|6|3078.00
358173|6|3078.00
289579|6|3078.00
184189|6|3078.00
33138|6|3078.00
118944|6|3078.00
298498|6|3078.00
146350|6|3078.00
197853|6|3078.00
82742|6|3078.00
90109|12|3072.00
157564|6|3072.00
467147|6|3072.00
120234|6|3072.00
58832|6|3072.00
118846|6|3072.00
186297|6|3072.00
135467|6|3069.00
44569|6|3069.00
184513|6|3066.00
87551|6|3066.00
183159|6|3066.00
162732|6|3066.00
155126|6|3066.00
106730|6|3066.00
357183|6|3066.00
154211|6|3066.00
198092|6|3060.00
188665|6|3060.00
143806|6|3060.00
57284|6|3060.00
380406|6|3060.00
77167|9|3060.00
181625|6|3060.00
82172|6|3060.00
203246|4|3056.00
78131|6|3054.00
153639|6|3054.00
379985|6|3054.00
494863|6|3054.00
188343|6|3054.00
94277|12|3054.00
67039|33|3053.37
182090|6|3048.00
186261|6|3048.00
222738|6|3048.00
241201|6|3048.00
114470|6|3048.00
160057|6|3042.00
496537|9|3042.00
125544|6|3042.00
75064|6|3042.00
93174|6|3042.00
187557|6|3042.00
33731|6|3042.00
60842|6|3042.00
121812|6|3042.00
71179|6|3036.00
115490|6|3036.00
156831|6|3036.00
73122|6|3036.00
114625|6|3036.00
191876|6|3036.00
353187|6|3036.00
61842|6|3036.00
299725|3|3036.00
84547|6|3036.00
133907|3|3033.00
94330|6|3030.00
124431|6|3030.00
195674|6|3030.00
178529|12|3030.00
135051|6|3030.00
207019|6|3030.00
71947|6|3030.00
92257|6|3030.00
168705|6|3030.00
284337|6|3030.00
71543|6|3030.00
33626|6|3030.00
723428|6|3027.44
48855|3|3027.00
108366|3|3024.00
136092|6|3024.00
255040|6|3024.00
459629|12|3024.00
81537|9|3024.00
146063|6|3024.00
437027|3|3024.00
179325|6|3024.00
141348|6|3024.00
119158|6|3024.00
182564|6|3024.00
144467|6|3024.00
181046|6|3024.00
173525|12|3024.00
153221|3|3021.00
521502|6|3021.00
128714|9|3021.00
142425|6|3018.00
63261|6|3018.00
146549|6|3018.00
195893|6|3018.00
153064|6|3018.00
118655|3|3015.00
97492|9|3015.00
191691|9|3015.00
111552|6|3012.00
59786|6|3012.00
452928|6|3012.00
92605|12|3012.00
190308|6|3012.00
179149|6|3012.00
134607|6|3012.00
110080|6|3012.00
290466|12|3012.00
489553|6|3012.00
234064|6|3012.00
180227|6|3012.00
47817|6|3009.00
126630|6|3009.00
450833|6|3006.00
109556|6|3006.00
103143|9|3006.00
507320|6|3006.00
64117|6|3006.00
142394|12|3006.00
81324|9|3006.00
422812|6|3006.00
61050|6|3006.00
113153|6|3006.00
63919|6|3006.00
139450|12|3006.00
259974|6|3006.00
203842|4|3004.00
35069|12|3000.60
84839|6|3000.00
74423|6|3000.00
352334|6|3000.00
199245|6|3000.00
183982|6|3000.00
464130|3|3000.00
152954|6|3000.00
142170|6|3000.00
72154|6|3000.00
142156|6|3000.00
343765|6|2994.00
306781|6|2994.00
521832|6|2994.00
69047|6|2994.00
85408|6|2994.00
147388|6|2994.00
110674|6|2993.10
47302|3|2991.00
95432|9|2988.00
162490|6|2988.00
116867|9|2988.00
114142|6|2988.00
130408|6|2988.00
359379|12|2988.00
417599|9|2988.00
149213|9|2988.00
128383|9|2988.00
94506|9|2988.00
31627|6|2988.00
101513|6|2988.00
516327|6|2988.00
147965|9|2988.00
104737|6|2982.00
410369|6|2982.00
112677|6|2982.00
149606|6|2982.00
173156|6|2982.00
183848|6|2982.00
56775|6|2982.00
205316|6|2982.00
81787|6|2982.00
167143|9|2982.00
33240|6|2982.00
240922|12|2982.00
90132|6|2982.00
147905|6|2982.00
160391|9|2979.00
95039|9|2979.00
186498|9|2979.00
411781|9|2979.00
92716|9|2979.00
118740|9|2979.00
191391|9|2979.00
358531|9|2979.00
99265|9|2979.00
112130|9|2979.00
480091|9|2979.00
195756|6|2976.00
473883|6|2976.00
288345|12|2976.00
445840|12|2976.00
73309|6|2976.00
67001|6|2976.00
100656|6|2976.00
112267|6|2976.00
83505|6|2976.00
191764|6|2976.00
67322|6|2976.00
97607|6|2976.00
196633|6|2976.00
179701|6|2976.00
382658|6|2976.00
33284|12|2970.00
38541|6|2970.00
174055|12|2970.00
74511|6|2970.00
116478|9|2970.00
273308|9|2970.00
100727|9|2970.00
103158|9|2970.00
178299|12|2970.00
115773|9|2970.00
252758|9|2970.00
181308|6|2970.00
56133|6|2970.00
273540|6|2970.00
99695|9|2970.00
371183|6|2970.00
87115|12|2970.00
350673|18|2970.00
35196|6|2970.00
308684|6|2964.00
207578|6|2964.00
117926|3|2964.00
67651|6|2964.00
93828|6|2964.00
129751|6|2964.00
59438|6|2964.00
108358|9|2961.00
102514|9|2961.00
396528|9|2961.00
104961|9|2961.00
116289|9|2961.00
85632|18|2961.00
83309|9|2961.00
49212|3|2961.00
106777|6|2958.00
68578|6|2958.00
154250|6|2958.00
251984|6|2958.00
253276|6|2958.00
523633|6|2958.00
113962|6|2958.00
122123|6|2958.00
208848|6|2958.00
66839|3|2958.00
44265|12|2958.00
70352|60|2958.00
149453|6|2958.00
79377|3|2958.00
421892|12|2958.00
176433|6|2958.00
35360|48|2953.26
482250|6|2952.00
84966|6|2952.00
172346|9|2952.00
86242|6|2952.00
78780|9|2952.00
374220|6|2952.00
209815|6|2952.00
396621|9|2952.00
171359|9|2952.00
104203|9|2952.00
112450|6|2952.00
108744|9|2952.00
85353|9|2952.00
379033|6|2952.00
116738|3|2952.00
100899|9|2952.00
192778|6|2952.00
197223|9|2952.00
184793|6|2952.00
107965|9|2952.00
69562|6|2952.00
39805|3|2949.00
131053|3|2949.00
356206|6|2946.00
303619|6|2946.00
361949|6|2946.00
72228|6|2946.00
134255|6|2946.00
42240|3|2946.00
123721|3|2946.00
231718|6|2943.00
82265|3|2943.00
130515|3|2943.00
190181|6|2940.00
138584|6|2940.00
132110|6|2940.00
35859|6|2940.00
61406|6|2940.00
194732|6|2940.00
55981|3|2940.00
288873|6|2940.00
161997|27|2936.10
356505|6|2934.00
75034|6|2934.00
134961|6|2934.00
116371|6|2934.00
439127|6|2934.00
115606|6|2934.00
270199|12|2934.00
114732|6|2934.00
99584|6|2934.00
51530|3|2934.00
110061|6|2934.00
61020|6|2934.00
76674|6|2934.00
75751|6|2934.00
422822|3|2931.00
46686|3|2931.00
477512|3|2931.00
167221|6|2928.00
121680|6|2928.00
158833|6|2928.00
57521|6|2928.00
102149|6|2928.00
59285|6|2928.00
72015|6|2928.00
186404|6|2928.00
64655|6|2925.00
90502|3|2925.00
146081|6|2922.00
119526|6|2922.00
373829|6|2922.00
217362|6|2922.00
147074|6|2922.00
111397|12|2922.00
288468|6|2922.00
199132|6|2919.00
192050|6|2916.00
455227|12|2916.00
145029|6|2916.00
300315|6|2916.00
182847|6|2916.00
74015|3|2916.00
80101|6|2916.00
180114|6|2916.00
375211|12|2916.00
145426|6|2916.00
150805|6|2913.00
34615|6|2910.00
80472|6|2910.00
109340|18|2910.00
34905|12|2910.00
109741|6|2908.98
415246|8|2908.00
194949|6|2904.00
135750|12|2904.00
252159|6|2904.00
134610|6|2904.00
151839|12|2904.00
484394|6|2901.00
125273|12|2898.00
64065|6|2898.00
264491|6|2898.00
179668|6|2898.00
86527|6|2898.00
206332|9|2898.00
65288|6|2898.00
146781|6|2898.00
79638|6|2898.00
259703|6|2898.00
158171|12|2898.00
179211|6|2898.00
95170|12|2898.00
426863|6|2898.00
362848|6|2898.00
152285|6|2898.00
1207147|4|2896.00
87868|8|2896.00
33796|6|2892.00
360773|6|2892.00
112022|12|2892.00
67767|6|2892.00
72311|6|2892.00
34373|6|2892.00
429641|6|2892.00
116776|6|2892.00
98682|6|2892.00
134923|3|2892.00
85821|6|2892.00
153430|6|2892.00
119420|12|2892.00
119543|6|2892.00
60201|6|2892.00
33758|6|2892.00
88847|6|2892.00
160043|6|2892.00
344149|6|2892.00
93500|3|2889.00
335607|9|2889.00
70652|3|2889.00
455060|3|2889.00
148655|6|2886.00
186775|6|2886.00
358400|6|2886.00
127806|3|2886.00
148860|6|2886.00
225862|3|2886.00
184197|12|2886.00
113001|6|2886.00
224669|6|2886.00
91501|6|2886.00
146012|6|2886.00
165342|6|2886.00
150376|6|2886.00
343011|6|2886.00
33121|6|2886.00
84274|6|2886.00
469453|3|2886.00
184839|6|2886.00
176586|6|2886.00
94211|6|2886.00
425971|6|2886.00
334660|6|2886.00
70183|6|2886.00
75451|6|2886.00
303275|6|2886.00
150359|18|2880.09
296386|6|2880.00
122536|6|2880.00
90499|6|2880.00
88297|6|2880.00
94233|9|2880.00
69242|6|2880.00
186035|6|2880.00
128935|6|2880.00
181278|6|2880.00
105425|6|2880.00
261510|6|2874.00
190195|6|2874.00
77191|6|2874.00
480816|6|2874.00
268233|6|2874.00
219838|42|2874.00
130579|6|2874.00
137100|6|2874.00
76472|6|2874.00
211538|6|2874.00
59736|6|2874.00
520170|6|2874.00
217686|8|2872.00
118760|9|2871.00
205517|3|2871.00
85255|9|2871.00
76420|3|2871.00
112419|9|2871.00
184352|9|2871.00
364741|18|2871.00
149762|6|2868.00
64025|6|2868.00
233881|3|2868.00
69380|6|2868.00
76336|6|2868.00
68001|3|2868.00
157597|6|2868.00
369227|6|2868.00
371540|6|2862.00
193444|12|2862.00
135406|3|2862.00
498277|6|2862.00
159865|6|2862.00
63152|6|2862.00
192496|6|2862.00
71582|3|2862.00
143293|6|2862.00
443436|3|2862.00
160661|12|2862.00
31118|6|2862.00
132637|6|2859.00
91142|3|2859.00
178850|6|2859.00
75311|6|2856.00
145368|6|2856.00
117878|6|2856.00
183110|6|2856.00
67418|6|2856.00
204345|6|2856.00
63337|6|2856.00
221248|6|2856.00
157630|6|2856.00
62898|3|2856.00
59159|6|2856.00
119049|6|2856.00
81321|9|2853.00
141535|9|2853.00
412564|9|2853.00
60091|6|2850.00
160735|6|2850.00
81872|6|2850.00
97513|6|2850.00
161635|6|2850.00
274510|6|2850.00
80831|6|2850.00
244460|6|2850.00
145467|6|2850.00
181013|6|2850.00
68109|6|2850.00
248058|9|2844.00
60010|6|2844.00
128796|12|2844.00
212542|8|2844.00
275644|12|2844.00
221962|6|2844.00
133887|9|2844.00
88619|9|2844.00
88434|9|2844.00
180728|6|2838.00
115888|6|2838.00
187641|6|2838.00
154901|6|2838.00
61378|6|2838.00
192812|6|2838.00
706598|32|2836.68
91538|9|2835.00
152065|9|2835.00
147054|9|2835.00
199121|9|2835.00
105326|9|2835.00
87503|9|2835.00
139848|9|2835.00
417703|9|2835.00
89584|9|2835.00
144260|9|2835.00
124667|9|2835.00
188411|6|2832.00
342958|6|2832.00
95740|6|2832.00
241148|6|2832.00
200934|6|2832.00
112606|6|2832.00
82516|6|2832.00
103451|6|2832.00
61245|6|2826.00
94775|9|2826.00
167893|9|2826.00
34197|6|2826.00
97131|9|2826.00
214521|9|2826.00
182866|6|2826.00
158447|6|2826.00
67586|6|2826.00
426223|12|2826.00
138843|9|2826.00
95043|9|2826.00
370904|9|2826.00
444932|9|2826.00
252972|9|2826.00
125023|9|2826.00
275770|9|2826.00
82612|9|2826.00
172369|9|2826.00
153898|9|2826.00
187924|6|2826.00
79516|9|2826.00
155879|30|2826.00
191595|9|2826.00
323038|6|2826.00
130589|6|2823.00
109494|12|2822.70
425207|66|2821.38
177304|6|2820.00
80146|6|2820.00
34383|6|2820.00
183327|6|2820.00
272842|10|2820.00
122082|6|2820.00
128034|6|2820.00
463329|12|2820.00
124106|9|2817.00
108180|9|2817.00
520584|9|2817.00
110250|9|2817.00
81210|9|2817.00
140379|9|2817.00
83671|9|2817.00
213354|9|2817.00
115656|9|2817.00
100152|9|2817.00
104922|9|2817.00
124188|9|2817.00
119263|9|2817.00
165751|6|2814.00
66821|6|2814.00
78460|12|2814.00
106507|6|2814.00
96849|6|2814.00
146331|6|2814.00
86669|6|2814.00
496149|12|2814.00
497121|6|2813.06
157492|6|2811.00
194860|3|2811.00
518691|6|2808.00
234881|6|2808.00
369197|3|2808.00
87925|9|2808.00
468910|9|2808.00
106227|9|2808.00
121826|9|2808.00
66069|12|2808.00
61555|3|2808.00
155919|6|2808.00
272553|6|2808.00
149451|6|2808.00
195174|6|2808.00
145143|6|2808.00
342435|9|2808.00
508651|6|2808.00
149884|6|2808.00
137105|9|2805.00
131114|6|2802.00
237715|3|2802.00
334112|6|2802.00
178565|6|2802.00
260467|12|2802.00
69567|42|2801.70
115715|9|2799.00
473220|9|2799.00
193850|6|2796.00
153085|6|2796.00
105649|12|2796.00
63651|6|2796.00
308254|6|2796.00
79070|6|2796.00
190580|6|2796.00
158679|6|2796.00
122184|6|2796.00
88968|6|2796.00
393528|3|2796.00
69957|3|2793.00
168656|3|2793.00
302760|6|2790.00
508647|6|2790.00
188012|6|2790.00
185970|3|2790.00
111930|6|2790.00
290618|6|2790.00
479273|6|2790.00
230925|6|2790.00
64611|6|2790.00
504844|6|2790.00
75937|15|2790.00
65772|6|2790.00
68849|6|2790.00
157411|6|2790.00
490636|18|2790.00
407672|6|2790.00
92700|6|2790.00
207393|4|2788.00
138559|6|2787.00
80312|6|2784.00
66435|12|2784.00
475832|6|2784.00
91603|6|2784.00
508172|6|2784.00
253642|6|2784.00
75653|6|2784.00
89114|12|2784.00
464909|6|2784.00
87524|6|2784.00
190513|6|2784.00
123015|6|2784.00
488814|6|2784.00
353123|6|2784.00
94846|6|2784.00
89849|6|2784.00
124293|6|2784.00
163774|6|2784.00
125868|6|2781.30
88232|18|2781.00
233198|36|2779.68
33635|6|2778.00
407700|6|2778.00
125969|6|2778.00
131061|6|2778.00
109557|18|2778.00
182445|6|2778.00
142946|6|2778.00
276778|6|2778.00
421680|6|2778.00
143072|12|2778.00
74510|6|2778.00
287475|6|2778.00
198783|12|2778.00
86537|6|2778.00
99736|6|2778.00
68625|6|2772.00
132761|6|2772.00
157018|36|2772.00
100072|9|2772.00
69090|6|2772.00
67348|6|2772.00
138333|6|2772.00
458152|9|2772.00
373892|6|2772.00
69719|6|2772.00
144378|6|2772.00
199250|6|2772.00
68916|6|2772.00
89588|18|2772.00
119373|12|2772.00
405683|6|2772.00
200345|6|2766.00
144253|6|2766.00
183834|6|2766.00
99605|6|2766.00
60089|12|2766.00
32778|6|2766.00
97756|6|2766.00
63005|6|2766.00
232353|6|2766.00
69684|6|2764.08
401250|3|2763.00
126172|9|2763.00
42295|6|2761.74
416284|30|2760.93
47724|24|2760.12
273293|6|2760.00
61093|6|2760.00
80421|42|2759.61
44340|6|2757.00
427513|6|2754.00
289755|9|2754.00
56192|6|2754.00
83980|6|2754.00
92472|6|2754.00
136374|6|2754.00
229579|6|2754.00
62482|12|2754.00
106755|9|2754.00
150212|9|2752.74
90801|6|2748.00
127856|12|2748.00
54385|6|2748.00
150407|6|2748.00
177711|3|2745.00
135855|9|2745.00
149119|6|2745.00
474008|8|2744.00
78080|6|2742.00
60373|12|2742.00
135960|6|2739.00
159893|6|2736.00
126721|18|2736.00
235106|6|2736.00
172075|6|2736.00
116358|9|2736.00
132570|6|2736.00
172945|9|2736.00
196157|6|2736.00
313949|12|2736.00
117987|6|2736.00
90988|6|2736.00
132269|6|2736.00
143965|6|2736.00
114754|3|2733.00
176271|3|2733.00
222479|6|2730.00
190155|6|2730.00
60286|6|2730.00
245229|36|2730.00
140228|6|2730.00
245961|6|2730.00
90282|6|2730.00
78871|12|2730.00
163059|6|2730.00
176322|6|2730.00
68864|6|2730.00
271701|6|2724.00
403891|12|2724.00
136109|6|2724.00
198150|12|2724.00
113175|6|2724.00
189186|18|2724.00
430553|3|2721.00
140520|6|2718.00
254523|6|2718.00
328967|6|2718.00
251221|6|2718.00
171597|6|2718.00
274171|9|2718.00
132360|18|2718.00
142830|3|2715.00
124853|18|2715.00
127745|9|2712.60
145204|12|2712.00
158920|6|2712.00
183719|9|2712.00
182792|3|2712.00
83807|6|2712.00
77672|6|2712.00
133638|6|2712.00
194816|6|2712.00
82357|9|2709.00
419569|9|2709.00
128052|9|2709.00
116085|9|2709.00
94331|9|2709.00
217614|4|2708.00
142118|6|2706.00
40669|3|2706.00
163961|6|2706.00
100696|6|2706.00
55754|3|2703.00
65634|3|2703.00
46722|3|2703.00
215577|12|2700.00
436312|12|2700.00
67186|6|2700.00
60165|6|2700.00
85413|6|2700.00
89832|9|2700.00
288068|12|2700.00
162684|9|2700.00
452560|39|2697.39
120312|6|2694.00
137157|6|2694.00
89276|6|2694.00
116920|12|2694.00
99405|6|2694.00
215060|6|2694.00
189274|6|2694.00
354820|6|2694.00
157223|6|2694.00
90704|9|2691.00
486815|9|2691.00
475247|9|2691.00
178082|9|2691.00
102763|9|2691.00
157634|12|2690.34
92640|6|2688.00
189111|24|2688.00
190429|6|2688.00
375082|6|2688.00
343679|6|2688.00
186691|6|2688.00
198641|6|2688.00
478115|6|2688.00
157837|6|2688.00
83924|6|2688.00
217117|6|2688.00
181539|3|2688.00
109719|6|2688.00
71977|6|2688.00
127461|6|2688.00
61289|6|2688.00
207271|6|2688.00
97272|6|2688.00
156745|6|2688.00
100694|6|2688.00
81037|6|2688.00
57893|6|2688.00
147010|6|2688.00
177249|6|2688.00
138890|6|2688.00
33131|6|2688.00
106672|9|2682.09
92891|9|2682.00
110329|6|2682.00
96613|9|2682.00
33237|6|2682.00
331984|9|2682.00
287212|6|2682.00
154820|9|2682.00
453829|9|2682.00
335226|9|2682.00
185965|6|2682.00
110272|6|2682.00
122588|9|2682.00
477918|3|2682.00
90744|9|2682.00
95969|9|2682.00
185440|6|2682.00
97609|6|2682.00
69927|6|2682.00
122515|9|2682.00
115468|9|2682.00
163075|18|2682.00
446407|6|2682.00
132674|9|2682.00
85194|9|2682.00
408413|9|2682.00
133|6|2681.34
320438|3|2679.00
82170|3|2676.00
68310|6|2676.00
136845|6|2676.00
133311|6|2676.00
86486|6|2676.00
241281|6|2676.00
158988|6|2676.00
159515|6|2676.00
331634|9|2673.00
104286|9|2673.00
175550|9|2673.00
301056|9|2673.00
111753|9|2673.00
150358|9|2673.00
88797|9|2673.00
146657|9|2673.00
156405|12|2672.04
69016|6|2670.00
113483|6|2670.00
106961|6|2670.00
516385|12|2670.00
431901|6|2670.00
88426|6|2670.00
152444|6|2670.00
142625|6|2670.00
160276|6|2670.00
191900|6|2670.00
147648|6|2670.00
470628|6|2670.00
436544|6|2670.00
373637|12|2670.00
356621|6|2670.00
249553|6|2670.00
112285|6|2670.00
196823|6|2670.00
218593|6|2670.00
147947|6|2670.00
86190|9|2664.00
123620|9|2664.00
105859|9|2664.00
79595|9|2664.00
34360|12|2664.00
142408|12|2664.00
115787|6|2664.00
99644|9|2664.00
130651|3|2664.00
172909|6|2664.00
208548|18|2664.00
122231|9|2664.00
178566|6|2664.00
99037|9|2664.00
184138|9|2664.00
123517|9|2664.00
127556|3|2664.00
450618|6|2664.00
139041|6|2664.00
274141|6|2664.00
131801|6|2664.00
34967|12|2664.00
143307|9|2664.00
358637|9|2664.00
166610|6|2661.00
377126|12|2658.00
130664|3|2658.00
180336|6|2658.00
58648|3|2658.00
245392|3|2658.00
94267|6|2657.46
145716|9|2655.00
114261|9|2655.00
408304|3|2655.00
131249|18|2655.00
125312|9|2655.00
96058|18|2655.00
110058|9|2655.00
84194|9|2655.00
146276|12|2652.00
90087|6|2652.00
342054|3|2652.00
350914|12|2652.00
396143|3|2652.00
498993|3|2652.00
171305|6|2652.00
180710|6|2652.00
30903|6|2652.00
174290|6|2652.00
154330|11|2651.00
57205|6|2646.00
126170|9|2646.00
74326|3|2646.00
63472|3|2646.00
143949|6|2646.00
296684|6|2646.00
187543|6|2646.00
147666|6|2646.00
400711|6|2646.00
316651|3|2643.00
180060|3|2643.00
484896|4|2640.00
186395|6|2640.00
290924|3|2640.00
174892|6|2640.00
121524|3|2637.00
352742|3|2637.00
270507|3|2634.00
301732|6|2634.00
449330|6|2634.00
373300|3|2634.00
67576|12|2634.00
260123|6|2634.00
86511|12|2634.00
405268|6|2634.00
189068|8|2632.00
259020|3|2631.00
203385|6|2631.00
65703|9|2628.00
121856|6|2628.00
312111|6|2628.00
238361|6|2628.00
70094|6|2628.00
69093|6|2628.00
97881|9|2628.00
259900|6|2628.00
334764|6|2628.00
67049|6|2628.00
241273|12|2628.00
87575|6|2628.00
99447|18|2623.68
94223|6|2622.00
59114|6|2622.00
117193|6|2622.00
134052|6|2619.00
83420|6|2616.00
362129|6|2616.00
104968|6|2616.00
314434|6|2616.00
67620|18|2616.00
104907|6|2616.00
127405|6|2616.00
192047|3|2616.00
127263|3|2613.00
76041|12|2610.00
72437|6|2610.00
145462|6|2610.00
112948|6|2610.00
116972|6|2610.00
512522|6|2610.00
230489|6|2610.00
277980|6|2610.00
165678|6|2610.00
146956|6|2610.00
96326|6|2607.00
166289|6|2604.00
42321|6|2604.00
144708|6|2604.00
192282|6|2604.00
498932|6|2604.00
71590|6|2604.00
165295|6|2604.00
118623|9|2601.00
64686|33|2599.41
265436|6|2598.00
410193|6|2598.00
148722|6|2598.00
181259|6|2598.00
68874|6|2598.00
220604|54|2597.10
87567|6|2592.00
189983|6|2592.00
34611|6|2592.00
64052|6|2592.00
64755|6|2592.00
172005|6|2592.00
429624|6|2592.00
81009|6|2592.00
56355|6|2592.00
118529|12|2592.00
74838|3|2592.00
64023|6|2592.00
514473|6|2592.00
351420|6|2592.00
138539|6|2592.00
278063|6|2592.00
148092|6|2592.00
166934|6|2592.00
150818|12|2592.00
489826|6|2592.00
497127|12|2592.00
352860|6|2592.00
108434|12|2590.20
474741|3|2589.00
32854|6|2586.00
433534|6|2586.00
152505|6|2586.00
261356|6|2586.00
137840|6|2586.00
105512|6|2586.00
249289|6|2586.00
73162|12|2586.00
76984|6|2586.00
77603|6|2586.00
136738|6|2586.00
187759|6|2586.00
121724|6|2586.00
360070|6|2586.00
182580|6|2586.00
135713|6|2586.00
62293|12|2586.00
195117|6|2586.00
82243|6|2586.00
177238|6|2586.00
111960|6|2586.00
66876|6|2586.00
283047|6|2586.00
240322|6|2586.00
92080|6|2586.00
89865|6|2586.00
240130|36|2583.99
125875|3|2583.00
131152|3|2583.00
156589|3|2583.00
183395|6|2580.00
117160|3|2580.00
225624|6|2580.00
432471|6|2580.00
437009|6|2580.00
340291|6|2580.00
149392|6|2580.00
133579|3|2577.00
76193|3|2577.00
191141|6|2574.00
152345|36|2574.00
78574|6|2574.00
153323|6|2574.00
93868|6|2574.00
112063|9|2574.00
69942|6|2574.00
335876|6|2574.00
69593|6|2574.00
136274|6|2574.00
120140|6|2574.00
164648|6|2574.00
197967|6|2574.00
149273|6|2574.00
95922|6|2574.00
62258|6|2574.00
41612|6|2574.00
140836|6|2574.00
123521|6|2574.00
114083|6|2574.00
248283|6|2574.00
200793|6|2574.00
164672|6|2574.00
47561|6|2574.00
201624|6|2574.00
114383|12|2574.00
140301|6|2574.00
103324|18|2571.66
207063|3|2571.00
504223|3|2571.00
713379|9|2568.69
211506|12|2568.00
115916|6|2568.00
340458|6|2568.00
134691|6|2568.00
132047|6|2568.00
112729|6|2568.00
70623|6|2568.00
111400|6|2568.00
416189|6|2568.00
134831|3|2568.00
96435|6|2568.00
90244|6|2568.00
61113|6|2568.00
109842|6|2568.00
143491|3|2568.00
97854|6|2568.00
110592|6|2568.00
91505|6|2568.00
182313|6|2568.00
465534|6|2568.00
451215|6|2568.00
197577|6|2568.00
144993|6|2568.00
79204|12|2568.00
506271|6|2568.00
108875|6|2568.00
128493|6|2568.00
130030|6|2568.00
267900|6|2568.00
407860|6|2568.00
100080|6|2568.00
111203|6|2568.00
34850|6|2568.00
38549|3|2565.00
140940|9|2565.00
143886|6|2564.58
211934|8|2564.00
154734|6|2562.00
34604|6|2562.00
75379|6|2562.00
113995|6|2562.00
184494|6|2562.00
69796|6|2562.00
245473|6|2562.00
214976|6|2562.00
136948|6|2562.00
57878|6|2562.00
119684|6|2562.00
154729|6|2562.00
212297|6|2562.00
158130|6|2562.00
112972|6|2562.00
519561|6|2562.00
396864|6|2562.00
335601|6|2562.00
80548|3|2559.00
38887|3|2559.00
158499|6|2556.00
53535|3|2556.00
75926|6|2556.00
193147|6|2556.00
114672|6|2556.00
279281|3|2556.00
200121|6|2556.00
432536|9|2556.00
147317|6|2556.00
192134|3|2556.00
86710|9|2556.00
50323|6|2553.00
420798|6|2550.00
263128|4|2550.00
332714|6|2550.00
94664|6|2550.00
305681|30|2550.00
341483|9|2547.00
87718|9|2547.00
356807|9|2547.00
78916|9|2547.00
144574|9|2547.00
153984|6|2547.00
148015|12|2544.84
71554|6|2544.00
83113|6|2544.00
414995|6|2544.00
157137|6|2544.00
107028|9|2538.00
110568|9|2538.00
262894|9|2538.00
151335|9|2538.00
95971|9|2538.00
436072|9|2538.00
324575|9|2538.00
162373|12|2538.00
93382|9|2538.00
123926|9|2538.00
273318|9|2538.00
90057|9|2538.00
77629|6|2532.00
250729|6|2532.00
77257|9|2529.00
179367|9|2529.00
142025|9|2529.00
123301|9|2529.00
416213|9|2529.00
232615|9|2529.00
174070|9|2529.00
455051|9|2529.00
107282|9|2529.00
236147|9|2529.00
86043|9|2529.00
163713|12|2526.00
126684|6|2526.00
351411|6|2526.00
67569|6|2526.00
65190|6|2526.00
96234|6|2526.00
58348|6|2526.00
383329|6|2526.00
275991|6|2526.00
112568|9|2520.00
136386|9|2520.00
76737|9|2520.00
81068|9|2520.00
122901|9|2520.00
96724|6|2520.00
102728|9|2520.00
117944|6|2520.00
152693|6|2520.00
95709|9|2520.00
294669|6|2517.00
457417|6|2514.00
183685|6|2514.00
134623|6|2514.00
129394|3|2514.00
210851|6|2514.00
69489|66|2514.00
168497|6|2514.00
151184|6|2514.00
106398|6|2514.00
67326|6|2514.00
339947|6|2514.00
117779|18|2514.00
112859|6|2514.00
223451|8|2512.00
79486|9|2511.00
372744|9|2511.00
138466|9|2511.00
84461|9|2511.00
142713|18|2511.00
48947|3|2511.00
119829|9|2511.00
117211|9|2511.00
94026|9|2511.00
162680|3|2508.00
97314|6|2508.00
196601|6|2508.00
414074|6|2508.00
133532|12|2508.00
551285|4|2504.00
688812|9|2502.54
180963|6|2502.00
94762|9|2502.00
443240|9|2502.00
118381|12|2502.00
198426|18|2502.00
118186|12|2502.00
154982|6|2502.00
84557|9|2502.00
73550|15|2499.72
274907|3|2499.00
39367|4|2498.00
122130|6|2496.00
211101|6|2496.00
213689|6|2496.00
378367|6|2496.00
203957|12|2496.00
79945|6|2496.00
520835|6|2496.00
199292|6|2496.00
141170|6|2496.00
144103|6|2496.00
283446|6|2496.00
154019|6|2496.00
188648|6|2496.00
484476|6|2496.00
135230|3|2496.00
139666|6|2496.00
81760|6|2496.00
38978|3|2496.00
160343|6|2496.00
293858|6|2496.00
191288|12|2496.00
327814|6|2496.00
138222|6|2490.00
135244|6|2490.00
142001|6|2490.00
79686|6|2490.00
115592|6|2490.00
161450|24|2490.00
194999|6|2490.00
70022|6|2490.00
116301|6|2490.00
90533|6|2490.00
187146|6|2490.00
89522|6|2490.00
200470|6|2490.00
191514|6|2490.00
79118|6|2490.00
190785|6|2490.00
194199|6|2490.00
32191|6|2490.00
91335|6|2490.00
87050|6|2490.00
69354|6|2490.00
123275|6|2490.00
77853|6|2490.00
178879|6|2490.00
187057|6|2490.00
180180|6|2490.00
231962|6|2490.00
437355|12|2490.00
232067|6|2490.00
67334|6|2490.00
602042|2|2488.00
438521|6|2487.00
127367|3|2484.00
492342|6|2484.00
131767|6|2484.00
59986|6|2484.00
236725|6|2484.00
97805|6|2484.00
33875|6|2484.00
112755|6|2484.00
107934|3|2484.00
247547|6|2484.00
77386|6|2484.00
212943|6|2484.00
415056|6|2484.00
90765|6|2484.00
79148|6|2484.00
362611|3|2484.00
150744|6|2484.00
179245|6|2484.00
192340|12|2484.00
130647|6|2484.00
308470|6|2484.00
516077|6|2484.00
220522|6|2484.00
273661|6|2484.00
148773|6|2484.00
195230|6|2484.00
184268|6|2484.00
218481|6|2484.00
89172|6|2484.00
407841|6|2484.00
70285|6|2484.00
474092|6|2484.00
106576|6|2484.00
63223|6|2484.00
186515|6|2478.00
56776|12|2478.00
297044|6|2478.00
132465|6|2478.00
176804|6|2478.00
287510|6|2478.00
475201|6|2478.00
146175|6|2478.00
97295|6|2478.00
185975|6|2478.00
87845|6|2478.00
228841|6|2478.00
133285|6|2478.00
156701|6|2478.00
189301|6|2478.00
164130|6|2478.00
157678|18|2478.00
113894|6|2478.00
460997|6|2478.00
95837|6|2478.00
198699|6|2478.00
69595|6|2478.00
192853|6|2478.00
398364|6|2478.00
342824|6|2478.00
188514|6|2478.00
447023|12|2478.00
94500|6|2478.00
59738|6|2478.00
164683|6|2478.00
115530|6|2478.00
33693|6|2478.00
504201|12|2478.00
225571|6|2478.00
144166|6|2478.00
385433|6|2478.00
115449|15|2475.00
195134|6|2472.00
198600|12|2472.00
116696|6|2472.00
307733|6|2472.00
201156|6|2472.00
100921|6|2472.00
160770|6|2472.00
188890|6|2472.00
69569|6|2472.00
67731|6|2472.00
85777|6|2472.00
467144|6|2472.00
72049|6|2472.00
312183|6|2472.00
77702|6|2472.00
89341|6|2472.00
70123|6|2472.00
142752|6|2472.00
144539|6|2472.00
73468|6|2472.00
165192|6|2472.00
181006|6|2472.00
256282|6|2472.00
521720|6|2472.00
83531|6|2472.00
514531|6|2472.00
138186|6|2472.00
110223|6|2472.00
96853|6|2472.00
150537|6|2472.00
67914|6|2472.00
265724|6|2472.00
79838|6|2472.00
190563|12|2472.00
128798|6|2472.00
112726|6|2472.00
59115|6|2472.00
145908|6|2472.00
198344|6|2472.00
232367|6|2472.00
266796|6|2472.00
6028|50|2469.30
77111|6|2466.00
123904|6|2466.00
144232|6|2466.00
314561|6|2466.00
97280|6|2466.00
405982|6|2466.00
151904|6|2466.00
168368|6|2466.00
148897|6|2466.00
69792|6|2466.00
86207|6|2466.00
187256|6|2466.00
125829|6|2466.00
111640|6|2466.00
112304|6|2466.00
175299|6|2466.00
224626|6|2466.00
72695|6|2466.00
168508|6|2466.00
72113|6|2466.00
144767|6|2466.00
70530|6|2466.00
63545|6|2466.00
217611|6|2466.00
515562|6|2466.00
406219|6|2466.00
188909|6|2466.00
175117|6|2466.00
220727|6|2466.00
71976|6|2466.00
228273|6|2466.00
68356|6|2466.00
83155|6|2466.00
257021|6|2466.00
504227|6|2466.00
196273|6|2460.00
156132|6|2460.00
71633|6|2460.00
136465|12|2460.00
191143|6|2460.00
35213|6|2460.00
85546|6|2460.00
494586|6|2460.00
203045|6|2460.00
62896|6|2460.00
444267|6|2460.00
88768|6|2460.00
34642|6|2460.00
34643|6|2460.00
265946|6|2460.00
376513|6|2460.00
162288|6|2457.00
310390|9|2457.00
180247|6|2454.00
231229|6|2454.00
326377|6|2454.00
103151|6|2454.00
458339|42|2448.75
510061|9|2448.00
142733|6|2448.00
141683|9|2448.00
222883|24|2448.00
38805|6|2442.00
397144|12|2442.00
48097|3|2442.00
95524|6|2442.00
92852|9|2439.00
499782|3|2439.00
202762|6|2436.00
110024|6|2436.00
93427|6|2436.00
122195|6|2433.00
262574|8|2432.00
82501|12|2430.42
187205|6|2430.00
267352|6|2430.00
237579|3|2430.00
147137|6|2430.00
117075|6|2430.00
107510|18|2430.00
414109|12|2430.00
186232|9|2430.00
380732|6|2430.00
142474|9|2430.00
180614|6|2430.00
44369|3|2430.00
416224|6|2424.00
91712|6|2424.00
60065|6|2424.00
66771|6|2424.00
3599|36|2424.00
35461|6|2424.00
92561|18|2422.35
122236|27|2421.00
101612|9|2421.00
140117|11|2420.00
158559|6|2418.00
261921|6|2418.00
186717|6|2418.00
297487|30|2413.89
95116|6|2413.20
68595|6|2412.00
371890|6|2412.00
133578|6|2412.00
127978|6|2412.00
164071|6|2412.00
118613|3|2412.00
253273|6|2412.00
125925|6|2412.00
218001|6|2412.00
190194|6|2412.00
237120|6|2412.00
81502|6|2406.00
106284|6|2406.00
237097|6|2406.00
133369|6|2406.00
110505|6|2406.00
98462|42|2406.00
259591|6|2406.00
452606|12|2406.00
170064|6|2406.00
64512|6|2406.00
69213|6|2406.00
249957|12|2405.76
93610|9|2403.00
77037|9|2403.00
70715|16|2400.00
100191|6|2400.00
508464|6|2400.00
120857|6|2400.00
481231|6|2400.00
104222|12|2400.00
92544|6|2400.00
373854|6|2400.00
97434|6|2400.00
92374|6|2400.00
193312|12|2400.00
401923|6|2400.00
305756|6|2400.00
218697|6|2400.00
165630|3|2397.00
69996|3|2397.00
132299|3|2394.72
147203|6|2394.00
158574|6|2394.00
114836|6|2394.00
67590|6|2394.00
83771|6|2394.00
122252|12|2394.00
89339|6|2394.00
373410|6|2394.00
55783|6|2394.00
174212|6|2394.00
199725|6|2394.00
141097|12|2394.00
72122|6|2394.00
205013|6|2394.00
81551|6|2394.00
254050|6|2394.00
150125|6|2394.00
335252|6|2394.00
107825|9|2390.67
368366|39|2390.58
133324|6|2388.00
70192|6|2388.00
89275|6|2388.00
150483|6|2388.00
78454|6|2388.00
205988|6|2388.00
107553|6|2388.00
131027|6|2388.00
102810|6|2388.00
164757|6|2388.00
167519|6|2388.00
92031|6|2388.00
115985|6|2388.00
221681|6|2388.00
83138|6|2388.00
137449|6|2388.00
306470|6|2388.00
239237|6|2388.00
289240|6|2388.00
149282|6|2388.00
132401|6|2388.00
95084|6|2388.00
151253|6|2388.00
231138|6|2388.00
145320|6|2388.00
130914|6|2388.00
64613|6|2388.00
99738|6|2388.00
494610|6|2388.00
162169|6|2388.00
66896|6|2388.00
522470|6|2388.00
140766|6|2388.00
93329|6|2388.00
425112|6|2388.00
159885|6|2388.00
68860|6|2388.00
321791|12|2388.00
154597|6|2388.00
295048|6|2388.00
101712|9|2385.00
123352|9|2385.00
89736|9|2385.00
90220|9|2385.00
89954|9|2385.00
186493|9|2385.00
434010|9|2385.00
113542|9|2385.00
115688|9|2385.00
112128|9|2385.00
92243|9|2385.00
118997|9|2385.00
115451|9|2385.00
331116|6|2382.00
69394|6|2382.00
153884|6|2382.00
111631|6|2382.00
77905|6|2382.00
194307|6|2382.00
179253|6|2382.00
121978|6|2382.00
58891|6|2382.00
160582|6|2382.00
31976|6|2382.00
172702|6|2382.00
507145|6|2382.00
105167|6|2382.00
379470|6|2382.00
140237|6|2382.00
71660|6|2382.00
57939|6|2382.00
80490|6|2382.00
196771|6|2382.00
67329|6|2382.00
191531|6|2382.00
97421|6|2382.00
175729|6|2382.00
155859|6|2382.00
193685|6|2382.00
144955|6|2382.00
161638|6|2382.00
166738|6|2382.00
145420|6|2382.00
157525|6|2382.00
264007|6|2382.00
114496|6|2382.00
96374|6|2382.00
305450|6|2379.00
115430|6|2376.54
93370|6|2376.00
155486|6|2376.00
87407|6|2376.00
452451|6|2376.00
33135|12|2376.00
488773|9|2376.00
157315|6|2376.00
198875|6|2376.00
502987|9|2376.00
360951|6|2376.00
115393|6|2376.00
84847|6|2376.00
176649|9|2376.00
86209|6|2376.00
351119|6|2376.00
148023|6|2376.00
191767|6|2376.00
184046|6|2376.00
250509|6|2376.00
145979|6|2376.00
80133|6|2376.00
119494|6|2376.00
183305|6|2376.00
93293|6|2376.00
104281|6|2376.00
85836|6|2376.00
483465|9|2376.00
180969|6|2376.00
150732|6|2376.00
214306|9|2376.00
89647|9|2376.00
112481|6|2376.00
95319|6|2376.00
103779|6|2376.00
154808|6|2376.00
153676|9|2376.00
470392|6|2376.00
173212|6|2376.00
85538|6|2376.00
69741|6|2376.00
104285|9|2376.00
219195|6|2376.00
90511|9|2376.00
229141|9|2376.00
168696|6|2376.00
92657|9|2376.00
116028|9|2376.00
381306|6|2376.00
208860|6|2376.00
50862|3|2373.00
161124|6|2370.00
33608|6|2370.00
78368|6|2370.00
173221|6|2370.00
194734|6|2370.00
217995|6|2370.00
108005|6|2370.00
186202|6|2370.00
436182|6|2370.00
189762|6|2370.00
134248|6|2370.00
189406|6|2370.00
108004|6|2370.00
77049|6|2370.00
66614|6|2370.00
118239|6|2370.00
188861|6|2370.00
79232|6|2370.00
399220|6|2370.00
439165|6|2370.00
61731|6|2370.00
99649|6|2370.00
108349|6|2370.00
184514|6|2370.00
68547|6|2370.00
145181|6|2370.00
243443|6|2370.00
193399|6|2370.00
146390|12|2370.00
341485|6|2370.00
33292|6|2370.00
111578|6|2370.00
61146|6|2370.00
170830|6|2370.00
511120|33|2368.29
244242|4|2368.00
112372|9|2367.00
108186|9|2367.00
453490|9|2367.00
186941|9|2367.00
148230|9|2367.00
130778|6|2367.00
117983|9|2367.00
118778|9|2367.00
260900|9|2367.00
87359|9|2367.00
444953|9|2367.00
204592|9|2367.00
150439|12|2366.82
480634|36|2365.62
56578|6|2364.00
215034|6|2364.00
465951|6|2364.00
78737|6|2364.00
95190|6|2364.00
160679|6|2364.00
95683|6|2364.00
75865|6|2364.00
133572|6|2364.00
159172|6|2364.00
111638|6|2364.00
83534|6|2364.00
44325|6|2364.00
233320|6|2364.00
449874|6|2364.00
233460|3|2364.00
133264|6|2364.00
250919|6|2364.00
133886|6|2364.00
162711|6|2364.00
191291|6|2364.00
153502|6|2364.00
104323|6|2364.00
98830|6|2364.00
115792|6|2364.00
112934|6|2364.00
74033|6|2364.00
358170|6|2364.00
438898|6|2364.00
110428|6|2358.00
147848|6|2358.00
88170|6|2358.00
177996|6|2358.00
106302|18|2352.00
328919|6|2352.00
161449|12|2352.00
88482|6|2352.00
87350|6|2352.00
70186|6|2352.00
137997|9|2349.00
503648|36|2347.65
683929|4|2346.00
129455|6|2343.00
127750|3|2343.00
50569|6|2343.00
423806|10|2340.00
129792|9|2340.00
74002|3|2340.00
370878|6|2340.00
157393|6|2340.00
157753|6|2340.00
446249|12|2334.00
115918|6|2334.00
122616|6|2334.00
145890|6|2334.00
159678|6|2334.00
97112|18|2331.00
173842|6|2328.00
104903|6|2328.00
83059|6|2328.00
128543|6|2328.00
94166|12|2328.00
142450|6|2328.00
330986|4|2324.00
127200|6|2322.00
32914|6|2322.00
86909|9|2322.00
56791|6|2322.00
132537|6|2322.00
69482|12|2322.00
151607|3|2319.00
398542|6|2316.00
166992|6|2316.00
157220|6|2316.00
78233|6|2316.00
167854|6|2316.00
161506|6|2316.00
361484|6|2316.00
321971|6|2316.00
94730|6|2316.00
120187|6|2316.00
188858|18|2313.00
127419|6|2310.00
110341|6|2310.00
148096|6|2310.00
426687|6|2310.00
346156|6|2310.00
202573|3|2310.00
130712|36|2310.00
239949|6|2310.00
316234|6|2310.00
100557|6|2310.00
196203|12|2310.00
150202|6|2310.00
149156|6|2310.00
87438|6|2310.00
131619|36|2308.89
147309|3|2307.00
47344|6|2307.00
110900|6|2304.00
70457|6|2304.00
206681|3|2304.00
373968|6|2304.00
87049|6|2304.00
99661|6|2304.00
126510|9|2304.00
146362|6|2298.00
87030|6|2298.00
140930|6|2298.00
58202|6|2298.00
146073|6|2298.00
122346|6|2298.00
140522|6|2298.00
130001|6|2298.00
111617|12|2298.00
114878|3|2298.00
352927|3|2295.00
62460|6|2295.00
398155|6|2292.00
71742|6|2292.00
178480|6|2292.00
265049|6|2292.00
66512|6|2292.00
184232|6|2292.00
134012|6|2292.00
67284|6|2292.00
442921|6|2292.00
136801|6|2292.00
67298|6|2292.00
68980|6|2292.00
186599|6|2292.00
130307|6|2292.00
217627|6|2292.00
96161|6|2292.00
251909|6|2292.00
86996|6|2292.00
290934|6|2292.00
145553|6|2292.00
63922|6|2292.00
156754|6|2292.00
151948|6|2292.00
105578|6|2292.00
188201|6|2292.00
63704|6|2292.00
42607|3|2289.00
351215|21|2287.74
133280|6|2286.00
160896|6|2286.00
92413|6|2286.00
465950|3|2286.00
190774|6|2286.00
88705|6|2286.00
109492|6|2286.00
160690|6|2286.00
109241|6|2286.00
158887|6|2286.00
194447|6|2286.00
136264|6|2286.00
265722|6|2286.00
132943|6|2286.00
154455|6|2286.00
111910|6|2286.00
495003|6|2286.00
109561|6|2286.00
96505|6|2286.00
109935|6|2286.00
189554|6|2286.00
517857|6|2286.00
72721|6|2286.00
68490|6|2286.00
186793|6|2286.00
104382|6|2286.00
32779|6|2286.00
85481|6|2286.00
328595|6|2286.00
161580|6|2286.00
67756|6|2286.00
179371|6|2286.00
157069|6|2286.00
102500|6|2286.00
59295|6|2286.00
109572|6|2286.00
187894|6|2286.00
374978|6|2286.00
181698|6|2286.00
84965|6|2286.00
149033|6|2286.00
289094|6|2285.94
463119|6|2281.08
377928|6|2280.00
142688|6|2280.00
35326|6|2280.00
99866|6|2280.00
107702|6|2280.00
114414|6|2280.00
83912|6|2280.00
141982|3|2280.00
30907|6|2280.00
74904|6|2280.00
132770|6|2280.00
32679|6|2280.00
189890|6|2280.00
32007|6|2280.00
87946|6|2280.00
94301|6|2280.00
76098|6|2280.00
61747|6|2280.00
305252|6|2280.00
155590|6|2280.00
83618|12|2280.00
182673|6|2280.00
219059|6|2280.00
337555|6|2280.00
147219|6|2280.00
119905|6|2280.00
125600|6|2280.00
149324|6|2280.00
516835|6|2280.00
97306|6|2280.00
183529|6|2280.00
82719|6|2280.00
73376|6|2280.00
439790|6|2280.00
283418|6|2280.00
31854|6|2280.00
411034|6|2280.00
183882|6|2280.00
67611|6|2280.00
145275|6|2280.00
400308|6|2280.00
112967|6|2280.00
177542|6|2280.00
104776|6|2280.00
105811|6|2280.00
31208|6|2280.00
96862|6|2280.00
250458|6|2280.00
123019|6|2280.00
249608|6|2280.00
234844|6|2280.00
134203|6|2280.00
165619|6|2280.00
183010|6|2280.00
144925|6|2279.70
184024|9|2277.00
98650|9|2277.00
75326|6|2274.00
440051|6|2274.00
129683|3|2274.00
153696|6|2274.00
163337|6|2274.00
115657|12|2274.00
365332|6|2274.00
157582|6|2274.00
157735|6|2274.00
57440|6|2274.00
435454|6|2274.00
403867|6|2274.00
67086|6|2274.00
206136|6|2274.00
113066|6|2274.00
139123|6|2274.00
449289|6|2274.00
259026|6|2274.00
340509|6|2274.00
85047|6|2274.00
182951|6|2274.00
61980|6|2274.00
117388|6|2274.00
150126|6|2274.00
192948|6|2274.00
80555|6|2274.00
215615|6|2274.00
478952|6|2274.00
112852|6|2274.00
34312|6|2274.00
109344|6|2274.00
105364|6|2274.00
57857|6|2274.00
469367|4|2273.62
521396|12|2269.62
102153|6|2268.00
154470|6|2268.00
103421|6|2268.00
358246|9|2268.00
145283|6|2268.00
487014|6|2268.00
194727|6|2268.00
115295|6|2268.00
158918|6|2268.00
111497|6|2268.00
123605|6|2268.00
152681|6|2268.00
126868|6|2268.00
59785|6|2268.00
99276|54|2268.00
133503|6|2268.00
336357|6|2268.00
385160|6|2268.00
236357|6|2268.00
107930|6|2268.00
197905|6|2268.00
87934|6|2268.00
269570|6|2268.00
200245|6|2268.00
34216|6|2268.00
272418|6|2268.00
158041|6|2268.00
125387|6|2268.00
215327|6|2268.00
86211|6|2268.00
65702|6|2268.00
489330|6|2268.00
157452|6|2268.00
86671|6|2268.00
211390|6|2268.00
127243|6|2268.00
359330|6|2268.00
128793|6|2268.00
163195|6|2268.00
182603|6|2268.00
107438|6|2268.00
127738|6|2268.00
336367|6|2268.00
71357|6|2268.00
184121|6|2268.00
156567|6|2268.00
135762|6|2268.00
145647|3|2265.00
76489|6|2262.00
151924|12|2262.00
33829|6|2262.00
115611|6|2262.00
33289|6|2262.00
340710|6|2262.00
242882|6|2262.00
86645|6|2262.00
443065|6|2262.00
142117|6|2262.00
152040|6|2262.00
187657|6|2262.00
310953|6|2262.00
90799|12|2262.00
146816|6|2262.00
98998|9|2259.00
260169|9|2259.00
228617|9|2259.00
397398|6|2256.00
263005|12|2256.00
112920|12|2256.00
137149|12|2256.00
146457|6|2256.00
132521|3|2256.00
190270|6|2256.00
44506|6|2250.00
73255|6|2250.00
88103|9|2250.00
108761|9|2250.00
120476|9|2250.00
95372|6|2250.00
157140|3|2250.00
435628|3|2250.00
42632|3|2247.00
73670|90|2245.32
101600|24|2244.00
204424|4|2244.00
172595|6|2244.00
421849|6|2244.00
133287|12|2244.00
191762|6|2244.00
469229|8|2242.92
165810|9|2241.00
131808|9|2241.00
95785|9|2241.00
141377|9|2241.00
118581|9|2241.00
231361|9|2241.00
90658|9|2241.00
161539|9|2241.00
142044|9|2241.00
137154|9|2241.00
94470|9|2241.00
188565|12|2238.00
103147|6|2238.00
260392|12|2232.00
457552|6|2232.00
178959|9|2232.00
124005|9|2232.00
133669|9|2232.00
440964|9|2232.00
95031|9|2232.00
516209|9|2232.00
97542|9|2232.00
109433|9|2232.00
409437|9|2232.00
115001|9|2232.00
143917|9|2232.00
444459|6|2232.00
145295|9|2232.00
148488|9|2232.00
87366|9|2232.00
67615|12|2232.00
118446|9|2232.00
125738|6|2232.00
228875|9|2232.00
151662|9|2232.00
96481|9|2232.00
396240|6|2229.00
90466|12|2226.00
111157|6|2226.00
40060|3|2226.00
118302|9|2223.00
273420|9|2223.00
147469|9|2223.00
182402|9|2223.00
175732|9|2223.00
94140|9|2223.00
191390|9|2223.00
115015|9|2223.00
110644|9|2223.00
139951|9|2223.00
79476|9|2223.00
96541|9|2223.00
218688|9|2223.00
97578|9|2223.00
86394|9|2223.00
497614|12|2220.42
446090|3|2220.00
189924|6|2220.00
165359|6|2220.00
86158|6|2220.00
185921|6|2220.00
49899|6|2220.00
243088|6|2220.00
116639|6|2220.00
230683|18|2217.00
306655|6|2214.00
92609|6|2214.00
96032|9|2214.00
105875|9|2214.00
78825|9|2214.00
118167|6|2214.00
94772|9|2214.00
266182|9|2214.00
81445|9|2214.00
123146|6|2214.00
79481|12|2214.00
188891|6|2208.00
266448|6|2208.00
136657|12|2208.00
339745|6|2208.00
185717|6|2208.00
67154|6|2208.00
56736|6|2208.00
333458|6|2208.00
93031|6|2208.00
135371|6|2207.82
120669|18|2205.00
119910|18|2202.48
130788|6|2202.00
157632|6|2202.00
59816|6|2202.00
162959|6|2202.00
164487|6|2202.00
125608|6|2202.00
456860|6|2202.00
394128|6|2202.00
109465|12|2202.00
492579|6|2202.00
127641|6|2202.00
31115|6|2202.00
159999|11|2200.00
446600|6|2196.00
312006|6|2196.00
88102|6|2196.00
68623|6|2196.00
326946|6|2196.00
78242|6|2196.00
127128|6|2196.00
105314|6|2196.00
160772|6|2196.00
306927|6|2196.00
198386|6|2196.00
158288|6|2196.00
236889|9|2196.00
93421|6|2196.00
156406|6|2196.00
483643|6|2196.00
61981|6|2196.00
78656|6|2196.00
223448|6|2195.88
437952|4|2194.00
153117|6|2191.50
89963|6|2190.00
227914|6|2190.00
90967|6|2190.00
193230|6|2190.00
148253|6|2190.00
69837|6|2190.00
207663|6|2190.00
133889|6|2190.00
31966|6|2190.00
351353|6|2190.00
196903|6|2190.00
296064|6|2190.00
258622|12|2190.00
325909|6|2190.00
75923|6|2190.00
160730|6|2190.00
137222|6|2190.00
113902|6|2190.00
69540|6|2190.00
115073|6|2190.00
118898|6|2190.00
111472|12|2190.00
196908|6|2190.00
78883|6|2190.00
109431|6|2190.00
145168|6|2190.00
166233|6|2190.00
407631|6|2190.00
30625|6|2190.00
118251|6|2190.00
332673|6|2190.00
410727|6|2190.00
86146|6|2190.00
194977|6|2190.00
141847|6|2190.00
67150|6|2190.00
32717|6|2190.00
282903|6|2190.00
123867|6|2190.00
100432|6|2190.00
32272|6|2190.00
506040|6|2190.00
175829|6|2190.00
86699|12|2190.00
186850|6|2190.00
74569|6|2190.00
150419|12|2188.68
120845|9|2187.00
163232|6|2184.00
479687|6|2184.00
145630|6|2184.00
124292|6|2184.00
110734|6|2184.00
386448|6|2184.00
179043|6|2184.00
152405|6|2184.00
129606|6|2184.00
162604|6|2184.00
68178|6|2184.00
60850|6|2184.00
107752|6|2184.00
91792|6|2184.00
190681|6|2184.00
197668|6|2184.00
318701|6|2184.00
185881|6|2184.00
104763|6|2184.00
66946|6|2184.00
113495|6|2184.00
155573|6|2184.00
313482|6|2184.00
272831|6|2184.00
100750|6|2184.00
330742|6|2184.00
56640|6|2184.00
145407|6|2184.00
179932|12|2184.00
386340|6|2184.00
244082|6|2184.00
150385|6|2184.00
138618|6|2184.00
350958|6|2184.00
373210|6|2184.00
156321|6|2184.00
194590|6|2184.00
111612|6|2184.00
66199|3|2184.00
145667|6|2184.00
92653|6|2184.00
106367|6|2184.00
198468|6|2184.00
92228|6|2184.00
198650|6|2184.00
197259|6|2184.00
249192|6|2184.00
155376|6|2184.00
63833|6|2184.00
138284|6|2184.00
78573|6|2184.00
156559|6|2184.00
167949|6|2184.00
139874|6|2184.00
512268|6|2184.00
219678|6|2184.00
523849|6|2184.00
254098|6|2184.00
265266|6|2184.00
78837|6|2184.00
96397|3|2181.00
494064|27|2180.37
211889|8|2180.00
148588|6|2178.00
108307|6|2178.00
108681|9|2178.00
67523|6|2178.00
343635|6|2178.00
400020|18|2178.00
250002|6|2178.00
483307|6|2178.00
326179|6|2178.00
329696|6|2178.00
111899|6|2178.00
83675|6|2178.00
109808|6|2178.00
161304|6|2178.00
170374|6|2178.00
79247|6|2178.00
113865|9|2178.00
165247|6|2178.00
64472|6|2178.00
195937|6|2178.00
111888|6|2178.00
174138|6|2178.00
30886|6|2178.00
165249|6|2178.00
56698|6|2178.00
67861|6|2178.00
138897|6|2178.00
33535|6|2178.00
138607|6|2178.00
183158|6|2178.00
381691|6|2178.00
252241|6|2178.00
68833|6|2178.00
162138|6|2178.00
250731|3|2178.00
109078|6|2178.00
155968|6|2178.00
152232|6|2178.00
59654|6|2178.00
122586|9|2178.00
229803|6|2178.00
494923|9|2178.00
357033|12|2178.00
87063|6|2178.00
288664|6|2178.00
222268|54|2176.83
126648|6|2173.38
89228|12|2173.26
109969|6|2172.00
153161|6|2172.00
158801|12|2172.00
151819|6|2172.00
148759|6|2172.00
71715|6|2172.00
184399|6|2172.00
259266|6|2172.00
95067|6|2172.00
68887|6|2172.00
124696|6|2172.00
86501|6|2172.00
249049|6|2172.00
136708|6|2172.00
72867|6|2172.00
153540|6|2172.00
199045|6|2172.00
87474|6|2172.00
134219|6|2172.00
61417|6|2172.00
150219|6|2172.00
98732|6|2172.00
166504|6|2172.00
130438|6|2172.00
120569|6|2172.00
320352|6|2172.00
86080|6|2172.00
67503|6|2172.00
192288|6|2172.00
72261|12|2172.00
148855|6|2172.00
118706|6|2172.00
66337|6|2172.00
462766|6|2172.00
75839|6|2172.00
114048|6|2172.00
68116|6|2172.00
104774|6|2172.00
167922|6|2172.00
158871|6|2172.00
191490|6|2172.00
153958|6|2172.00
85320|6|2172.00
34597|6|2172.00
229632|6|2172.00
60543|6|2171.94
700635|6|2168.76
469755|9|2167.68
188725|6|2166.00
398728|6|2166.00
396540|6|2166.00
147817|6|2166.00
121840|6|2166.00
142512|6|2166.00
409596|6|2166.00
34639|6|2166.00
151466|6|2166.00
35273|6|2166.00
124418|6|2166.00
61814|6|2166.00
90961|6|2166.00
173148|6|2166.00
33080|6|2166.00
518465|6|2166.00
76947|6|2166.00
105452|12|2166.00
146264|6|2166.00
336754|6|2166.00
192685|6|2166.00
193501|6|2166.00
177264|6|2166.00
148129|18|2164.50
466385|9|2160.93
477338|6|2160.00
216704|6|2160.00
242363|6|2160.00
58133|6|2160.00
461593|6|2160.00
115597|6|2160.00
367530|10|2160.00
103591|6|2160.00
80907|6|2160.00
286727|9|2160.00
163168|6|2160.00
278702|12|2160.00
201576|4|2156.00
276200|4|2156.00
76313|6|2154.00
353182|6|2154.00
475394|3|2151.00
277560|9|2151.00
128242|6|2151.00
251773|3|2145.00
196491|9|2145.00
209598|39|2143.23
124936|9|2142.00
190980|6|2142.00
110078|12|2142.00
208861|3|2139.93
89896|6|2136.00
131028|6|2136.00
67139|6|2136.00
199192|6|2136.00
341620|6|2136.00
62759|6|2136.00
89812|6|2136.00
160745|6|2136.00
96504|9|2133.00
73524|3|2133.00
68928|12|2130.00
117693|6|2130.00
479120|6|2130.00
165880|6|2130.00
165332|6|2130.00
81517|3|2127.00
48060|6|2127.00
197182|6|2124.00
389520|3|2124.00
356742|12|2124.00
119785|6|2124.00
519047|9|2124.00
248910|6|2124.00
42740|3|2121.00
160138|6|2120.28
90457|12|2118.00
190304|6|2118.00
62035|6|2118.00
158203|3|2118.00
178161|6|2118.00
155035|6|2118.00
195386|6|2118.00
82900|6|2118.00
152629|6|2118.00
57263|6|2118.00
33847|12|2118.00
64818|6|2118.00
78297|6|2118.00
196270|6|2118.00
237204|4|2116.00
90802|9|2115.00
466549|9|2115.00
99835|9|2115.00
132787|6|2112.00
181653|6|2112.00
131860|6|2112.00
60190|6|2112.00
519539|6|2112.00
62027|12|2112.00
178793|6|2112.00
410857|6|2112.00
192732|6|2112.00
364540|6|2112.00
134297|6|2112.00
136342|48|2108.88
264319|4|2108.00
164403|18|2106.66
350589|6|2106.00
119580|9|2106.00
66993|6|2106.00
329511|6|2106.00
97657|9|2106.00
95767|6|2106.00
501139|6|2106.00
77086|6|2106.00
243697|9|2106.00
414162|6|2106.00
67543|6|2106.00
182787|6|2106.00
103577|6|2106.00
426152|9|2106.00
189506|6|2106.00
69409|12|2106.00
185469|6|2106.00
187177|6|2100.00
74056|6|2100.00
141889|6|2100.00
118840|6|2100.00
166492|6|2100.00
243390|12|2100.00
156677|12|2100.00
162087|6|2100.00
159295|6|2100.00
398004|6|2100.00
151379|6|2100.00
227505|6|2100.00
66961|12|2100.00
128547|6|2100.00
141044|9|2097.00
183806|9|2097.00
126396|9|2097.00
128382|9|2097.00
107198|9|2097.00
67380|6|2094.00
155979|6|2094.00
95560|6|2094.00
57973|6|2094.00
202981|6|2094.00
164351|6|2094.00
78797|6|2094.00
483929|6|2094.00
141978|6|2094.00
347194|6|2094.00
111905|6|2094.00
69349|6|2094.00
110910|6|2094.00
67424|6|2094.00
130460|6|2094.00
137210|6|2094.00
283106|6|2094.00
104688|6|2094.00
133487|6|2094.00
332663|6|2094.00
137874|6|2094.00
140654|6|2094.00
91384|6|2094.00
471785|6|2094.00
184431|6|2094.00
205575|6|2094.00
64043|6|2094.00
254825|6|2094.00
63900|6|2094.00
68184|6|2094.00
469054|6|2094.00
89244|6|2094.00
67148|6|2094.00
67955|6|2094.00
188127|6|2094.00
49726|9|2091.00
146017|6|2088.00
75274|6|2088.00
124923|6|2088.00
30908|6|2088.00
68325|6|2088.00
163779|6|2088.00
133712|6|2088.00
142376|6|2088.00
239859|6|2088.00
245782|6|2088.00
151912|6|2088.00
187026|9|2088.00
130834|6|2088.00
104770|6|2088.00
348517|6|2088.00
93239|6|2088.00
119146|6|2088.00
67605|6|2088.00
87446|6|2088.00
134821|6|2088.00
157103|6|2088.00
59122|6|2088.00
80925|6|2088.00
333176|6|2088.00
389045|6|2088.00
166439|6|2088.00
135137|9|2088.00
172888|6|2088.00
378824|6|2088.00
187297|6|2088.00
112722|6|2088.00
217324|6|2088.00
82558|9|2088.00
56682|6|2088.00
114115|6|2088.00
217596|6|2088.00
107187|6|2088.00
86973|6|2088.00
88278|6|2088.00
95025|9|2088.00
130639|6|2088.00
193028|9|2088.00
154743|6|2088.00
221002|6|2088.00
153037|6|2088.00
436012|9|2088.00
144254|9|2088.00
123018|6|2088.00
296682|9|2088.00
273320|9|2088.00
115487|9|2088.00
189759|9|2088.00
140647|6|2088.00
309819|9|2088.00
453963|6|2088.00
86720|6|2088.00
146339|6|2088.00
426771|6|2088.00
87001|6|2088.00
162990|9|2088.00
331330|6|2088.00
190653|6|2088.00
242768|6|2088.00
99708|6|2088.00
118063|6|2088.00
118766|9|2088.00
452127|6|2088.00
33940|6|2088.00
110388|9|2088.00
159276|12|2088.00
157725|9|2088.00
158677|9|2088.00
199032|6|2088.00
31975|6|2088.00
55845|3|2085.00
165284|6|2082.00
187970|6|2082.00
487513|6|2082.00
313657|6|2082.00
58328|6|2082.00
463717|6|2082.00
186508|6|2082.00
156563|6|2082.00
227692|12|2082.00
114980|6|2082.00
68798|6|2082.00
32151|6|2082.00
81069|6|2082.00
146460|6|2082.00
78748|6|2082.00
489121|3|2082.00
155311|6|2082.00
66308|6|2082.00
249324|6|2082.00
313203|6|2082.00
156277|6|2082.00
112585|6|2082.00
96737|6|2082.00
61380|6|2082.00
78981|6|2082.00
82751|6|2082.00
291044|6|2082.00
250320|6|2082.00
105156|6|2082.00
98875|6|2082.00
83830|6|2082.00
60056|6|2082.00
170249|6|2082.00
107487|6|2082.00
194239|6|2082.00
78195|6|2082.00
77523|6|2082.00
108856|6|2082.00
64462|6|2082.00
192594|6|2082.00
363099|6|2082.00
88149|6|2082.00
493904|6|2082.00
298523|6|2082.00
108296|6|2082.00
157128|6|2082.00
98662|6|2082.00
203042|8|2080.00
96848|9|2079.00
136493|9|2079.00
406262|9|2079.00
129337|9|2079.00
129456|9|2079.00
157505|9|2079.00
111344|9|2079.00
94259|9|2079.00
119711|9|2079.00
90432|9|2079.00
430686|9|2079.00
181077|9|2079.00
190913|9|2079.00
506934|9|2079.00
130898|9|2079.00
323318|9|2079.00
77381|9|2079.00
107778|9|2079.00
155338|9|2079.00
182131|9|2079.00
120501|9|2079.00
193117|6|2079.00
122296|9|2079.00
107914|9|2079.00
126710|9|2079.00
198950|6|2076.00
88553|12|2076.00
471720|6|2076.00
186023|6|2076.00
290944|6|2076.00
167992|6|2076.00
147220|6|2076.00
106556|6|2076.00
34583|6|2076.00
193370|6|2076.00
191067|6|2076.00
72906|6|2076.00
185308|6|2076.00
349282|6|2076.00
440299|6|2076.00
100582|6|2076.00
123558|6|2076.00
105991|6|2076.00
158161|6|2076.00
519102|6|2076.00
68392|6|2076.00
68085|6|2076.00
121197|6|2076.00
295179|6|2076.00
242429|6|2076.00
199270|6|2076.00
87460|6|2076.00
142988|6|2076.00
130118|6|2076.00
69690|6|2076.00
181244|6|2076.00
119863|6|2076.00
143231|6|2076.00
68608|6|2076.00
146722|6|2076.00
443030|6|2076.00
219630|6|2076.00
141826|6|2076.00
210372|6|2076.00
204828|6|2076.00
265168|6|2076.00
58713|6|2076.00
146674|6|2076.00
169533|6|2076.00
220348|6|2076.00
73035|6|2076.00
180442|6|2076.00
184321|6|2076.00
159565|6|2076.00
87554|6|2076.00
285345|6|2076.00
155895|6|2076.00
110082|6|2076.00
93647|6|2076.00
112357|6|2076.00
78181|6|2076.00
90566|6|2076.00
146399|6|2076.00
124602|6|2076.00
188195|6|2076.00
31755|6|2076.00
94971|6|2076.00
245037|6|2076.00
58273|6|2076.00
326902|6|2076.00
423866|6|2076.00
431382|6|2076.00
69612|6|2076.00
151669|6|2076.00
155700|6|2070.00
57164|6|2070.00
105245|9|2070.00
154735|6|2070.00
251369|9|2070.00
95090|6|2070.00
96601|9|2070.00
72404|6|2070.00
504354|6|2070.00
228609|9|2070.00
118212|6|2070.00
308270|9|2070.00
98244|9|2070.00
192917|6|2070.00
88083|6|2070.00
159445|6|2070.00
104791|6|2070.00
130410|9|2070.00
130649|9|2070.00
447391|6|2070.00
112975|6|2070.00
196251|6|2070.00
76415|6|2070.00
167540|6|2070.00
143365|6|2070.00
171111|6|2070.00
106143|9|2070.00
129278|6|2070.00
142307|9|2070.00
72742|6|2070.00
94938|6|2070.00
509635|6|2070.00
164930|6|2070.00
109002|6|2070.00
109518|6|2070.00
148799|6|2070.00
153048|12|2070.00
150141|6|2070.00
95495|6|2070.00
120810|6|2070.00
86810|6|2070.00
204706|6|2064.00
151445|6|2064.00
212092|6|2064.00
34129|6|2064.00
61017|6|2064.00
84923|6|2064.00
161093|6|2064.00
196403|6|2064.00
212587|4|2064.00
162584|6|2064.00
144421|6|2064.00
123961|6|2064.00
116402|6|2064.00
152004|6|2064.00
476244|9|2061.00
666399|3|2061.00
176671|9|2061.00
110862|9|2061.00
133124|6|2058.00
187254|6|2058.00
150301|12|2058.00
64016|6|2058.00
69898|9|2055.03
325986|3|2052.00
456825|9|2052.00
190309|6|2052.00
115642|6|2052.00
246057|15|2046.00
195586|6|2046.00
107009|6|2046.00
248615|6|2046.00
140856|6|2040.00
423817|6|2040.00
56048|6|2040.00
60275|6|2040.00
451152|6|2040.00
209199|4|2040.00
157004|6|2038.02
75160|6|2037.00
126824|3|2037.00
155313|6|2034.00
94181|6|2034.00
83398|6|2034.00
221364|24|2034.00
327379|6|2034.00
149960|6|2034.00
112090|6|2034.00
197525|18|2034.00
185558|9|2034.00
47126|3|2031.00
159345|6|2031.00
479540|6|2028.00
142290|12|2028.00
108002|12|2028.00
103267|6|2028.00
409233|6|2028.00
91418|6|2028.00
189067|6|2028.00
188034|6|2028.00
192004|6|2028.00
487836|6|2028.00
116282|6|2022.00
221234|6|2022.00
134676|18|2022.00
77811|6|2022.00
309648|6|2022.00
212112|6|2022.00
58226|6|2016.00
438681|6|2016.00
94295|9|2016.00
178162|6|2016.00
92748|6|2016.00
104168|6|2016.00
160467|6|2016.00
149356|6|2016.00
429300|6|2016.00
75369|6|2010.00
132998|6|2010.00
152653|6|2010.00
179052|6|2010.00
198248|6|2010.00
263564|6|2010.00
363932|6|2010.00
114241|6|2010.00
46765|12|2010.00
62433|6|2010.00
120162|6|2010.00
251556|6|2010.00
29476|6|2010.00
116851|6|2010.00
85399|6|2010.00
242683|6|2007.00
64026|12|2004.00
74019|3|2004.00
83122|6|2004.00
129057|6|2004.00
493023|60|2004.00
79106|6|2004.00
87433|6|2004.00
98948|6|2004.00
285233|6|2004.00
200589|6|2004.00
197212|6|2004.00
181945|6|2004.00
241435|6|2004.00
188295|6|2004.00
191388|6|2004.00
187637|6|1998.00
405088|3|1998.00
159737|6|1998.00
92863|6|1998.00
68143|6|1998.00
221118|12|1998.00
93873|6|1998.00
454499|6|1998.00
149974|6|1998.00
192949|6|1998.00
500548|6|1998.00
486100|6|1998.00
103702|6|1998.00
158383|6|1998.00
329519|6|1998.00
448585|6|1992.00
365123|6|1992.00
120521|6|1992.00
63527|6|1992.00
59526|6|1992.00
67092|6|1992.00
107015|6|1992.00
348694|6|1992.00
227077|6|1992.00
233935|4|1992.00
301802|6|1992.00
182939|6|1992.00
156483|6|1992.00
179692|6|1992.00
272245|6|1992.00
302344|6|1992.00
80058|6|1992.00
176870|6|1992.00
165948|6|1992.00
148197|6|1992.00
113009|6|1992.00
66936|6|1992.00
164871|6|1992.00
320615|6|1992.00
189673|6|1992.00
139336|6|1992.00
35496|6|1992.00
195037|6|1992.00
127573|6|1992.00
289404|6|1992.00
168097|6|1992.00
70177|3|1992.00
262769|6|1992.00
160200|6|1992.00
67528|6|1992.00
67303|6|1992.00
77780|6|1992.00
475658|12|1992.00
90921|6|1992.00
138046|6|1992.00
243302|6|1992.00
122900|6|1992.00
234436|6|1992.00
167516|6|1992.00
67654|6|1992.00
151128|6|1992.00
32661|6|1992.00
151162|6|1992.00
176227|6|1992.00
379602|6|1992.00
117359|6|1992.00
143931|9|1989.00
79736|9|1989.00
334762|6|1986.00
377728|6|1986.00
249407|6|1986.00
350507|6|1986.00
173568|6|1986.00
129399|6|1986.00
94308|6|1986.00
33203|6|1986.00
180491|6|1986.00
288398|6|1986.00
34529|6|1986.00
57742|6|1986.00
149722|6|1986.00
485609|6|1986.00
162727|6|1986.00
165386|6|1986.00
124290|6|1986.00
93695|6|1986.00
248311|18|1986.00
152517|6|1986.00
85635|6|1986.00
249183|6|1986.00
112969|6|1986.00
80315|6|1986.00
250625|6|1986.00
93327|6|1986.00
111630|6|1986.00
98588|6|1986.00
59541|6|1986.00
518813|6|1986.00
336302|6|1986.00
166519|6|1986.00
103442|6|1986.00
271968|6|1986.00
124828|6|1986.00
61717|12|1986.00
71342|6|1986.00
394505|6|1986.00
140948|6|1986.00
299401|6|1986.00
89261|6|1986.00
144570|6|1986.00
126388|6|1986.00
71318|6|1986.00
31018|6|1986.00
182273|6|1986.00
62226|6|1986.00
142312|6|1986.00
173119|6|1986.00
294625|6|1986.00
130158|6|1986.00
89184|6|1986.00
218889|6|1986.00
389500|6|1986.00
168952|6|1986.00
61886|6|1986.00
120672|6|1986.00
284951|6|1986.00
69100|6|1986.00
102757|6|1986.00
217113|6|1986.00
91948|6|1986.00
147455|6|1986.00
59432|6|1980.00
60379|6|1980.00
80249|6|1980.00
93833|6|1980.00
149403|6|1980.00
227152|6|1980.00
112778|6|1980.00
98268|6|1980.00
256139|6|1980.00
92414|6|1980.00
72298|6|1980.00
412698|6|1980.00
208225|6|1980.00
437835|6|1980.00
156915|6|1980.00
108727|6|1980.00
67722|6|1980.00
123022|6|1980.00
109974|6|1980.00
61423|6|1980.00
343717|6|1980.00
79361|6|1980.00
143339|6|1980.00
107214|6|1980.00
197267|6|1980.00
147247|6|1980.00
278242|6|1980.00
162048|6|1980.00
211556|6|1980.00
245779|12|1980.00
52400|3|1980.00
140162|6|1980.00
106776|6|1980.00
100906|6|1980.00
111030|6|1980.00
68847|6|1980.00
319040|6|1980.00
127935|6|1980.00
90375|6|1980.00
31869|6|1980.00
158000|6|1980.00
98161|6|1980.00
107095|6|1980.00
79483|12|1980.00
350768|3|1980.00
107766|6|1980.00
120934|6|1980.00
80022|6|1980.00
264080|6|1980.00
460114|6|1980.00
81365|6|1980.00
87170|6|1980.00
33914|6|1980.00
68254|6|1980.00
501207|6|1977.00
221426|4|1976.00
157580|6|1974.00
133984|6|1974.00
250689|6|1974.00
332984|6|1974.00
198425|6|1974.00
458421|6|1974.00
428710|6|1974.00
87107|6|1974.00
85057|6|1974.00
248238|6|1974.00
67539|6|1974.00
172091|6|1974.00
163761|6|1974.00
308450|6|1974.00
184018|6|1974.00
425762|6|1974.00
194281|6|1974.00
135219|6|1974.00
148796|6|1974.00
118594|6|1974.00
120957|6|1974.00
68470|6|1974.00
130370|6|1974.00
60728|6|1974.00
152090|6|1974.00
233995|6|1974.00
72326|6|1974.00
171781|6|1974.00
180700|6|1974.00
90465|12|1974.00
114268|6|1974.00
96604|6|1974.00
72621|6|1974.00
271942|12|1974.00
95324|6|1974.00
157991|6|1974.00
159914|6|1974.00
155298|6|1974.00
340902|6|1974.00
72967|6|1974.00
34508|6|1974.00
448316|6|1974.00
33552|6|1974.00
104887|6|1974.00
155359|6|1974.00
179615|6|1974.00
177265|6|1974.00
60001|6|1974.00
66483|6|1974.00
399479|6|1974.00
72417|12|1974.00
61368|6|1974.00
83128|6|1974.00
220372|4|1972.00
103959|9|1971.00
128419|9|1971.00
296732|9|1971.00
137903|6|1968.00
174807|6|1968.00
358209|6|1968.00
76331|6|1968.00
59577|6|1968.00
61609|6|1968.00
171864|6|1968.00
404565|6|1968.00
95327|6|1968.00
80066|6|1968.00
111298|6|1968.00
34027|6|1968.00
92248|6|1968.00
59576|6|1968.00
123738|6|1968.00
476672|12|1968.00
246953|6|1968.00
127759|6|1968.00
93675|3|1968.00
113158|6|1968.00
123604|6|1968.00
86647|6|1968.00
35144|6|1968.00
278619|18|1968.00
150604|6|1968.00
92805|9|1962.00
72426|6|1962.00
84750|6|1962.00
253120|9|1962.00
63519|6|1962.00
81613|6|1962.00
158069|9|1962.00
126215|6|1962.00
122779|9|1962.00
203263|4|1960.00
191311|6|1956.00
47152|6|1956.00
166549|3|1956.00
149920|6|1956.00
99148|6|1956.00
502685|6|1956.00
202621|4|1956.00
416051|27|1954.92
125649|9|1953.00
143250|27|1953.00
89649|6|1950.00
92331|6|1950.00
193178|6|1950.00
445917|6|1950.00
264538|6|1950.00
283631|6|1950.00
364151|4|1948.00
91851|9|1944.00
191522|6|1944.00
138596|6|1944.00
77701|9|1944.00
112582|6|1944.00
203353|6|1944.00
159193|6|1944.00
41241|6|1944.00
138977|9|1944.00
98603|9|1944.00
420096|9|1944.00
128050|6|1944.00
131945|9|1944.00
159539|6|1944.00
161206|6|1944.00
38095|6|1944.00
360404|6|1944.00
95654|9|1944.00
189798|9|1944.00
163684|6|1941.00
145317|12|1938.00
162406|6|1938.00
190139|6|1938.00
123542|6|1938.00
332326|6|1938.00
147991|6|1938.00
336707|9|1935.00
191158|9|1935.00
77575|9|1935.00
393694|9|1935.00
96392|9|1935.00
45435|6|1935.00
519572|9|1935.00
183125|9|1935.00
100053|9|1935.00
201462|9|1935.00
96012|9|1935.00
149263|9|1935.00
231184|9|1935.00
89881|9|1935.00
104443|18|1935.00
122839|9|1935.00
86045|9|1935.00
294533|6|1932.00
143113|6|1932.00
191498|6|1932.00
81441|12|1932.00
203640|4|1932.00
109013|6|1932.00
74837|6|1932.00
174198|9|1926.00
98801|9|1926.00
115216|9|1926.00
115104|9|1926.00
139649|18|1926.00
95378|6|1926.00
110059|9|1926.00
87358|9|1926.00
210010|9|1926.00
438755|9|1926.00
402639|9|1926.00
155044|6|1926.00
56894|4|1926.00
226221|9|1926.00
248397|9|1926.00
79059|9|1926.00
104366|9|1926.00
235563|9|1926.00
104599|9|1926.00
97251|9|1926.00
183909|9|1926.00
114671|9|1926.00
47900|3|1926.00
78709|6|1926.00
157344|6|1926.00
107159|9|1926.00
192719|48|1924.02
414389|12|1920.00
142546|6|1920.00
300440|6|1920.00
118007|6|1920.00
294627|6|1920.00
32954|6|1920.00
92052|3|1917.00
137999|9|1917.00
95420|9|1917.00
210157|9|1917.00
115461|9|1917.00
244856|9|1917.00
61567|12|1914.00
187152|6|1914.00
133935|12|1914.00
102501|6|1914.00
94978|6|1914.00
79318|6|1914.00
64316|6|1914.00
144426|6|1914.00
298303|6|1914.00
154439|6|1914.00
198146|6|1914.00
150541|6|1914.00
237426|6|1914.00
175263|6|1914.00
64907|24|1911.00
250349|6|1908.00
135081|6|1908.00
130492|6|1908.00
355965|6|1908.00
131133|6|1908.00
115206|6|1908.00
117896|6|1908.00
139200|6|1908.00
64306|6|1908.00
180053|6|1908.00
434137|6|1908.00
227269|6|1908.00
467788|6|1908.00
134621|6|1908.00
184686|6|1908.00
99827|18|1908.00
179146|6|1908.00
226105|6|1908.00
128449|6|1908.00
64053|12|1906.26
426991|6|1905.00
128261|3|1903.11
97185|6|1902.00
190036|6|1902.00
107753|6|1902.00
88333|6|1902.00
124406|9|1902.00
136735|12|1902.00
88801|6|1902.00
183116|6|1902.00
140818|6|1902.00
193784|6|1902.00
155736|6|1902.00
285647|6|1902.00
103756|6|1902.00
186919|6|1902.00
79494|6|1902.00
150530|6|1902.00
148255|6|1902.00
181154|6|1902.00
107828|6|1902.00
204529|4|1900.00
209321|4|1900.00
125791|6|1899.00
618091|4|1898.32
230808|6|1896.00
86233|6|1896.00
54388|3|1896.00
67147|6|1896.00
85511|6|1896.00
419852|6|1896.00
100530|6|1896.00
383065|6|1896.00
441466|6|1896.00
130047|6|1896.00
105682|6|1896.00
314885|6|1896.00
87188|6|1896.00
110707|6|1896.00
60066|6|1896.00
70063|6|1896.00
189552|6|1896.00
151921|6|1896.00
88827|6|1896.00
81224|6|1896.00
283105|6|1896.00
170616|6|1896.00
315974|12|1896.00
114556|18|1896.00
59174|3|1892.94
137063|6|1890.00
150627|6|1890.00
202330|6|1890.00
228335|6|1890.00
155559|6|1890.00
229969|6|1890.00
71512|6|1890.00
239059|6|1890.00
451361|6|1890.00
146047|6|1890.00
57833|6|1890.00
468017|6|1890.00
69415|6|1890.00
186737|6|1890.00
190035|6|1890.00
480956|6|1890.00
219951|9|1890.00
407910|6|1890.00
61252|6|1890.00
264206|6|1890.00
33976|6|1890.00
113197|6|1890.00
495718|6|1890.00
166586|6|1890.00
294589|6|1890.00
164993|6|1890.00
67680|6|1890.00
35224|6|1890.00
81766|6|1890.00
180544|6|1890.00
152732|6|1890.00
63079|6|1890.00
64697|6|1890.00
252801|6|1890.00
156699|6|1890.00
177382|6|1890.00
71007|6|1890.00
129135|6|1890.00
183298|6|1890.00
94045|6|1890.00
152397|6|1890.00
452864|6|1890.00
34523|6|1890.00
159951|6|1890.00
134132|6|1890.00
197514|6|1890.00
254946|6|1890.00
380477|6|1890.00
67312|6|1890.00
291664|6|1890.00
34819|6|1890.00
131175|6|1890.00
424711|6|1890.00
79887|6|1890.00
70528|6|1890.00
465710|6|1890.00
173929|6|1890.00
329806|6|1890.00
92077|6|1890.00
414889|6|1890.00
162154|6|1890.00
63868|6|1890.00
197505|6|1890.00
75157|6|1890.00
67854|6|1890.00
231716|6|1890.00
158337|6|1890.00
183840|6|1890.00
78995|12|1890.00
32819|6|1890.00
186809|6|1890.00
167754|6|1890.00
113898|6|1890.00
73831|6|1890.00
207993|8|1888.00
181507|6|1884.00
181470|6|1884.00
154568|6|1884.00
148800|6|1884.00
113636|6|1884.00
503752|6|1884.00
139291|6|1884.00
31919|6|1884.00
57725|6|1884.00
183160|6|1884.00
168118|6|1884.00
72305|6|1884.00
461671|6|1884.00
193443|6|1884.00
389290|3|1884.00
214961|6|1884.00
31443|6|1884.00
455998|6|1884.00
179437|6|1884.00
56443|6|1884.00
145369|6|1884.00
366808|6|1884.00
189194|6|1884.00
164126|6|1884.00
140127|6|1884.00
141307|6|1884.00
198355|6|1884.00
32791|6|1884.00
204309|6|1884.00
156888|6|1884.00
195717|6|1884.00
145030|6|1884.00
34154|12|1884.00
109833|6|1884.00
132939|6|1884.00
234950|6|1884.00
96742|6|1884.00
139044|6|1884.00
292001|6|1884.00
251919|6|1884.00
111576|6|1884.00
192574|6|1884.00
134564|6|1884.00
473933|6|1884.00
124467|6|1884.00
109858|6|1884.00
142107|6|1884.00
78836|6|1884.00
134144|6|1884.00
204758|6|1884.00
134057|6|1884.00
311222|6|1884.00
302138|6|1884.00
86231|6|1884.00
31317|6|1884.00
132873|6|1884.00
115436|6|1884.00
172121|6|1884.00
70241|6|1884.00
196193|6|1884.00
85471|6|1884.00
102526|6|1884.00
471582|6|1884.00
196493|6|1884.00
462216|6|1884.00
81206|6|1884.00
79948|6|1884.00
212918|6|1884.00
200320|6|1884.00
216877|6|1884.00
96913|9|1881.00
137742|6|1878.00
184339|6|1878.00
58575|6|1878.00
67712|6|1878.00
71979|6|1878.00
193942|6|1878.00
444021|6|1878.00
71045|6|1878.00
195151|6|1878.00
445507|6|1878.00
315061|6|1878.00
161982|6|1878.00
237218|6|1878.00
188617|6|1878.00
475831|6|1878.00
197969|6|1878.00
186414|6|1878.00
140451|6|1878.00
179811|6|1878.00
289978|6|1878.00
450006|6|1878.00
108835|6|1878.00
120512|6|1878.00
360206|6|1878.00
98144|6|1878.00
114355|6|1878.00
117992|6|1878.00
161328|6|1878.00
128327|6|1878.00
258519|6|1878.00
160192|6|1878.00
133869|6|1878.00
95707|6|1878.00
140941|6|1878.00
110580|6|1878.00
54866|6|1878.00
484874|6|1878.00
370862|6|1878.00
446701|6|1878.00
345461|6|1878.00
178830|6|1878.00
154252|6|1878.00
335241|12|1878.00
193132|6|1878.00
168115|6|1878.00
278111|6|1878.00
70889|6|1878.00
162658|6|1878.00
136593|6|1878.00
62956|6|1878.00
434091|6|1878.00
61921|6|1878.00
70190|6|1878.00
522609|6|1878.00
144261|6|1878.00
463673|4|1876.00
231072|6|1875.00
95480|6|1872.00
155819|6|1872.00
301884|6|1872.00
334808|6|1872.00
121813|6|1872.00
85077|6|1872.00
253710|6|1872.00
148677|6|1872.00
156026|6|1872.00
512086|6|1872.00
77868|6|1872.00
316524|6|1872.00
385485|6|1872.00
89243|6|1872.00
400297|6|1872.00
32845|6|1872.00
197311|6|1872.00
119220|6|1872.00
199500|6|1872.00
321832|6|1872.00
114422|6|1872.00
404363|6|1872.00
34331|6|1872.00
69782|6|1872.00
57721|6|1872.00
71359|6|1872.00
148922|6|1872.00
109967|6|1872.00
54994|6|1872.00
77574|6|1872.00
297782|6|1872.00
360661|6|1872.00
107888|6|1872.00
58083|6|1872.00
189763|6|1872.00
66954|6|1872.00
79345|6|1872.00
122849|6|1872.00
398883|6|1872.00
187509|6|1872.00
138150|6|1869.00
53831|3|1869.00
116675|3|1869.00
34399|6|1866.00
74548|6|1866.00
172851|6|1866.00
495977|3|1866.00
109532|6|1866.00
207290|4|1864.00
209083|15|1863.00
356088|6|1860.00
275775|12|1860.00
64802|6|1854.00
94412|6|1854.00
80838|6|1854.00
187835|6|1854.00
97441|6|1854.00
218463|66|1852.14
52763|30|1850.97
125809|6|1848.00
295323|6|1848.00
519826|12|1848.00
79145|6|1848.00
97604|6|1848.00
136811|18|1845.27
310719|9|1845.00
209464|6|1842.00
159856|6|1842.00
126212|6|1842.00
226826|6|1842.00
138588|6|1842.00
135102|6|1842.00
252905|3|1842.00
146818|3|1839.00
506291|6|1836.00
101330|6|1836.00
125963|6|1836.00
61025|6|1836.00
91223|9|1836.00
452578|6|1836.00
66431|6|1836.00
152335|9|1836.00
457691|4|1833.88
489337|3|1833.00
148648|6|1833.00
124873|6|1830.00
191149|6|1830.00
152370|6|1830.00
56999|6|1830.00
198033|6|1830.00
411630|6|1830.00
81208|6|1830.00
141437|6|1824.00
60491|6|1824.00
33762|6|1824.00
125850|6|1824.00
59704|6|1824.00
287242|12|1824.00
263617|6|1824.00
209646|6|1824.00
132981|6|1824.00
95449|6|1824.00
465014|6|1818.00
125036|3|1818.00
208231|6|1818.00
148240|12|1818.00
190383|6|1812.00
113801|6|1812.00
259334|6|1812.00
286886|6|1812.00
137380|6|1812.00
440589|6|1812.00
89214|12|1812.00
110889|6|1812.00
167719|6|1812.00
70569|6|1812.00
148997|9|1809.00
87977|3|1809.00
114925|9|1809.00
284254|9|1809.00
386332|6|1806.00
199540|6|1806.00
134622|6|1806.00
308242|6|1806.00
198728|6|1806.00
192305|6|1806.00
58855|6|1806.00
110909|6|1806.00
187655|6|1806.00
176920|6|1806.00
131472|12|1806.00
65274|6|1806.00
98874|6|1806.00
143919|6|1806.00
133683|6|1806.00
150514|6|1806.00
230470|6|1806.00
426083|6|1806.00
382150|6|1806.00
514430|6|1806.00
160777|6|1800.00
409417|6|1800.00
92838|6|1800.00
493876|6|1800.00
212877|12|1800.00
63880|12|1800.00
509014|6|1800.00
72654|6|1800.00
65973|6|1800.00
193672|6|1800.00
65925|6|1800.00
182817|6|1800.00
124733|9|1800.00
227593|6|1800.00
397469|6|1800.00
226537|9|1800.00
207148|4|1800.00
150422|6|1800.00
107709|9|1800.00
224147|6|1800.00
301465|6|1800.00
306430|12|1800.00
113436|18|1794.24
33457|6|1794.00
150097|6|1794.00
34723|6|1794.00
433683|6|1794.00
303428|6|1794.00
128936|6|1794.00
69165|6|1794.00
64182|6|1794.00
233792|6|1794.00
150276|6|1794.00
73003|6|1794.00
70603|6|1794.00
80071|6|1794.00
87688|3|1794.00
325263|6|1794.00
175569|6|1794.00
191184|6|1794.00
67257|6|1794.00
66967|6|1794.00
88117|6|1794.00
240179|6|1794.00
68331|6|1794.00
68628|6|1794.00
384482|6|1794.00
108749|6|1794.00
140250|6|1794.00
96029|6|1794.00
59234|6|1794.00
181512|6|1794.00
181713|6|1794.00
278106|6|1794.00
189945|6|1794.00
98456|12|1794.00
117591|6|1794.00
466471|6|1794.00
144577|6|1794.00
114759|6|1794.00
166383|6|1794.00
68075|6|1794.00
187635|6|1794.00
152579|6|1794.00
65159|6|1794.00
121175|6|1794.00
101897|6|1794.00
162916|6|1794.00
127038|6|1794.00
207197|4|1792.00
211842|4|1792.00
155423|9|1791.00
218239|3|1791.00
90459|9|1791.00
276234|9|1791.00
128334|9|1791.00
440917|9|1791.00
94706|9|1791.00
107951|9|1791.00
109049|9|1791.00
46908|3|1791.00
506107|3|1791.00
119939|9|1791.00
332699|9|1791.00
97225|9|1791.00
237258|9|1791.00
394167|9|1791.00
95028|9|1791.00
78043|6|1788.00
110600|6|1788.00
81031|6|1788.00
123769|3|1788.00
135819|6|1788.00
138720|6|1788.00
445321|6|1788.00
184378|6|1788.00
523540|6|1788.00
186043|6|1788.00
196750|6|1788.00
86959|6|1788.00
125988|6|1788.00
117759|6|1788.00
68857|6|1788.00
75864|6|1788.00
142155|6|1788.00
133040|6|1788.00
153377|6|1788.00
71012|6|1788.00
190776|6|1788.00
96924|6|1788.00
397602|6|1788.00
128437|18|1788.00
210521|6|1788.00
109415|6|1788.00
235145|6|1788.00
233427|6|1788.00
115043|6|1788.00
158442|6|1788.00
429085|6|1788.00
297480|6|1788.00
152288|6|1788.00
149247|6|1788.00
75509|6|1788.00
273532|6|1788.00
209740|6|1788.00
95301|6|1788.00
114362|6|1788.00
194847|6|1788.00
160060|6|1788.00
59355|6|1788.00
275368|3|1788.00
161274|6|1788.00
162914|6|1788.00
204468|6|1788.00
290692|6|1788.00
251971|6|1788.00
152551|6|1788.00
90443|6|1788.00
67690|6|1788.00
262219|6|1788.00
66992|6|1788.00
116429|6|1788.00
149419|6|1788.00
128202|6|1788.00
161793|6|1788.00
262710|6|1788.00
105789|6|1788.00
187882|6|1788.00
335042|6|1788.00
412107|6|1788.00
138616|6|1788.00
116480|6|1788.00
304034|6|1788.00
40365|6|1788.00
117298|6|1788.00
521625|6|1788.00
84901|6|1788.00
77681|6|1788.00
165162|6|1788.00
310077|6|1788.00
78150|6|1788.00
315066|6|1788.00
161159|6|1788.00
125562|6|1788.00
194515|6|1788.00
191401|6|1788.00
193320|6|1788.00
155998|6|1788.00
443080|6|1785.00
511915|3|1785.00
132586|6|1784.82
549550|9|1782.30
67460|6|1782.00
523687|6|1782.00
110066|6|1782.00
238613|9|1782.00
183797|6|1782.00
154142|9|1782.00
177906|6|1782.00
246076|6|1782.00
87853|6|1782.00
304506|6|1782.00
31903|6|1782.00
153187|6|1782.00
84058|6|1782.00
136271|6|1782.00
364757|9|1782.00
111666|6|1782.00
154665|6|1782.00
499819|6|1782.00
87295|9|1782.00
87619|6|1782.00
287386|6|1782.00
103538|12|1782.00
193242|6|1782.00
187735|6|1782.00
195212|6|1782.00
496593|6|1782.00
115865|6|1782.00
34971|6|1782.00
217881|6|1782.00
155720|9|1782.00
201030|6|1782.00
173121|6|1782.00
148520|6|1782.00
80865|9|1782.00
285857|6|1782.00
508060|6|1782.00
134316|9|1782.00
180173|6|1782.00
250532|6|1782.00
198886|6|1782.00
374886|6|1782.00
95296|6|1782.00
200282|9|1782.00
68814|6|1782.00
81741|6|1782.00
409924|6|1782.00
411811|6|1782.00
158744|6|1782.00
164654|6|1782.00
98869|6|1782.00
176115|6|1782.00
112369|6|1782.00
101399|6|1782.00
166773|6|1782.00
99223|9|1782.00
314244|9|1782.00
273242|6|1782.00
59152|6|1782.00
67306|6|1782.00
39724|3|1782.00
190160|6|1782.00
88809|6|1782.00
214309|6|1782.00
155850|9|1782.00
189179|9|1782.00
126985|6|1782.00
199608|6|1782.00
156775|6|1782.00
201566|9|1782.00
86348|6|1782.00
95242|9|1782.00
70072|6|1782.00
524188|9|1782.00
110973|9|1782.00
159316|6|1782.00
96488|9|1782.00
106448|6|1782.00
192780|6|1782.00
67140|6|1782.00
119648|9|1782.00
94942|6|1782.00
63086|6|1782.00
110723|6|1782.00
158191|6|1782.00
207533|6|1782.00
156028|9|1782.00
70723|6|1782.00
463192|9|1782.00
118403|6|1782.00
110676|6|1782.00
156972|6|1782.00
102609|9|1782.00
236441|6|1782.00
116158|9|1782.00
413657|6|1782.00
111449|6|1782.00
98583|36|1777.50
170254|6|1776.00
120735|6|1776.00
178908|6|1776.00
175886|6|1776.00
86362|6|1776.00
165206|6|1776.00
160991|6|1776.00
70775|6|1776.00
153952|6|1776.00
150820|6|1776.00
165351|6|1776.00
58082|6|1776.00
68545|6|1776.00
196804|6|1776.00
420884|6|1776.00
181390|6|1776.00
167042|6|1776.00
359206|6|1776.00
92660|6|1776.00
72614|6|1776.00
238588|6|1776.00
84835|6|1776.00
435870|6|1776.00
64764|6|1776.00
92336|6|1776.00
179358|6|1776.00
354510|6|1776.00
509321|6|1776.00
59241|6|1776.00
203136|6|1776.00
158938|6|1776.00
478273|6|1776.00
86098|6|1776.00
75316|6|1776.00
156362|6|1776.00
73196|6|1776.00
159446|6|1776.00
402014|6|1776.00
405771|6|1776.00
101488|6|1776.00
138713|6|1776.00
110054|6|1776.00
81008|6|1776.00
195651|6|1776.00
159977|6|1776.00
451930|6|1776.00
59011|6|1776.00
314383|6|1776.00
95803|6|1776.00
491973|6|1776.00
239316|6|1776.00
144967|15|1776.00
421433|6|1776.00
110981|12|1776.00
60987|6|1776.00
162463|6|1776.00
57450|6|1776.00
84892|6|1776.00
69811|6|1776.00
62795|6|1776.00
67089|6|1776.00
122889|6|1776.00
324177|6|1776.00
161140|6|1776.00
34809|6|1776.00
140078|6|1776.00
72607|6|1776.00
72201|6|1776.00
326643|6|1773.09
130148|3|1773.00
163666|9|1773.00
512416|9|1773.00
103070|9|1773.00
81510|9|1773.00
53129|3|1773.00
128161|9|1773.00
118230|9|1773.00
673698|8|1772.16
109071|6|1770.00
73364|6|1770.00
155109|6|1770.00
77274|6|1770.00
183296|6|1770.00
376475|6|1770.00
59141|6|1770.00
174162|6|1770.00
60641|6|1770.00
84495|6|1770.00
32961|6|1770.00
379242|6|1770.00
359961|3|1770.00
59954|6|1770.00
50800|2|1768.52
48330|21|1768.05
52342|6|1767.00
139658|6|1764.00
98220|9|1764.00
284602|6|1764.00
136054|3|1764.00
34557|6|1758.00
220294|12|1756.08
128629|6|1755.00
148390|6|1752.00
121121|6|1752.00
78127|12|1752.00
77674|6|1752.00
147689|12|1752.00
126266|6|1752.00
207201|6|1752.00
470957|6|1752.00
204083|18|1751.16
564998|8|1749.76
144329|6|1746.00
106821|6|1746.00
72731|6|1746.00
172837|6|1746.00
29994|6|1746.00
209212|6|1746.00
423222|6|1746.00
217571|4|1744.00
74260|3|1743.00
79910|6|1740.00
113164|3|1740.00
217870|4|1740.00
134949|12|1740.00
161805|6|1740.00
294642|6|1737.00
259609|9|1737.00
165491|3|1737.00
145816|6|1734.00
155114|6|1734.00
191959|18|1734.00
88079|6|1734.00
93139|6|1734.00
473970|6|1734.00
162074|6|1734.00
191128|6|1734.00
44380|3|1734.00
498238|4|1732.00
48059|6|1731.00
96851|6|1731.00
408737|6|1728.00
153296|6|1728.00
201168|4|1728.00
161762|6|1728.00
325887|6|1728.00
116191|6|1728.00
33776|6|1728.00
156846|6|1728.00
204894|8|1724.00
241604|6|1722.00
251269|6|1722.00
266073|36|1722.00
79144|6|1722.00
186298|6|1722.00
364660|6|1722.00
512433|6|1722.00
69079|6|1722.00
503722|6|1722.00
234165|6|1722.00
186412|10|1720.00
105507|3|1719.00
227460|6|1716.00
138494|3|1716.00
58110|6|1716.00
241802|6|1716.00
222435|18|1716.00
148346|6|1716.00
64069|6|1716.00
392143|12|1716.00
68689|6|1716.00
125262|6|1716.00
136100|6|1716.00
152793|6|1716.00
156314|6|1716.00
127438|6|1713.00
350647|3|1713.00
366708|6|1710.00
263397|6|1710.00
81260|6|1710.00
116864|6|1710.00
76229|6|1710.00
87993|6|1710.00
69192|6|1710.00
155737|6|1710.00
70479|6|1710.00
75707|6|1710.00
66346|6|1710.00
440833|6|1710.00
492728|6|1710.00
34253|6|1710.00
102584|6|1710.00
103239|6|1710.00
61911|6|1710.00
142645|6|1710.00
75455|6|1707.00
687883|6|1704.33
134157|6|1704.00
189967|6|1704.00
304053|3|1704.00
133488|6|1704.00
185729|6|1704.00
339139|3|1704.00
350911|6|1704.00
154984|3|1704.00
178271|6|1704.00
113426|6|1704.00
233627|6|1704.00
188562|6|1704.00
203786|6|1704.00
364280|6|1704.00
163528|6|1704.00
61634|6|1698.00
186371|6|1698.00
334341|6|1698.00
97215|6|1698.00
103608|6|1698.00
123380|6|1698.00
506540|6|1698.00
136371|6|1698.00
361364|18|1698.00
191084|6|1698.00
29473|6|1698.00
69264|6|1698.00
195441|6|1698.00
485892|6|1698.00
327984|6|1698.00
172213|6|1698.00
55876|3|1698.00
104972|6|1698.00
170480|6|1698.00
146972|6|1698.00
357320|6|1698.00
121605|6|1698.00
168733|6|1698.00
78800|6|1698.00
152866|6|1698.00
65448|6|1698.00
338644|6|1698.00
29867|6|1698.00
107522|6|1698.00
169709|6|1698.00
200253|6|1692.42
68051|6|1692.00
65690|6|1692.00
264532|6|1692.00
168452|6|1692.00
522092|6|1692.00
132039|6|1692.00
69131|6|1692.00
180582|6|1692.00
276113|6|1692.00
475786|6|1692.00
89107|6|1692.00
164850|6|1692.00
107590|6|1692.00
367212|6|1692.00
144273|6|1692.00
132225|6|1692.00
66522|3|1692.00
83832|6|1692.00
66897|6|1692.00
57089|6|1692.00
178900|6|1692.00
67279|6|1692.00
58048|6|1692.00
90833|6|1692.00
113660|6|1692.00
155811|6|1692.00
120302|6|1692.00
133802|12|1692.00
143025|6|1692.00
67865|6|1692.00
66895|6|1692.00
307525|6|1692.00
34385|6|1692.00
85400|6|1692.00
148056|6|1692.00
66883|6|1692.00
95019|6|1692.00
115969|6|1692.00
70069|6|1692.00
69006|6|1692.00
89213|6|1692.00
84827|6|1692.00
94585|6|1692.00
341411|6|1692.00
76164|6|1692.00
306668|6|1692.00
126758|6|1692.00
195590|6|1692.00
189195|6|1692.00
65209|6|1692.00
147690|12|1692.00
117601|6|1692.00
176494|6|1692.00
66880|6|1692.00
193272|6|1692.00
159325|6|1692.00
118462|6|1692.00
68609|6|1692.00
166630|6|1692.00
119423|6|1692.00
67370|6|1692.00
191741|6|1692.00
111451|6|1692.00
166001|6|1692.00
165331|6|1692.00
180546|6|1692.00
30896|6|1692.00
143425|6|1692.00
196901|6|1692.00
490437|6|1692.00
318909|6|1692.00
200752|6|1692.00
136849|6|1692.00
153431|6|1692.00
297072|6|1692.00
191172|6|1692.00
87166|6|1692.00
178804|6|1692.00
141997|3|1689.00
143054|6|1689.00
7664|3|1689.00
46197|3|1689.00
456887|6|1688.85
291983|6|1686.00
177813|6|1686.00
38896|3|1686.00
68069|6|1686.00
84551|6|1686.00
127686|6|1686.00
144764|6|1686.00
308217|6|1686.00
87501|6|1686.00
128206|6|1686.00
68816|6|1686.00
164059|6|1686.00
115719|6|1686.00
33918|6|1686.00
131696|6|1686.00
347898|6|1686.00
205513|6|1686.00
111782|6|1686.00
105511|6|1686.00
144186|6|1686.00
326671|6|1686.00
96629|6|1686.00
74905|6|1686.00
151201|6|1686.00
419722|6|1686.00
477070|6|1686.00
56511|6|1686.00
57751|6|1686.00
72730|6|1686.00
170468|12|1686.00
121783|6|1686.00
69850|6|1686.00
46512|3|1686.00
114449|6|1686.00
141193|6|1686.00
197260|6|1686.00
135996|6|1686.00
250005|6|1686.00
84989|6|1686.00
31545|6|1686.00
197442|6|1686.00
187787|6|1686.00
231697|6|1686.00
134059|12|1686.00
136010|6|1686.00
181421|6|1686.00
112588|6|1686.00
223211|6|1686.00
112023|6|1686.00
287018|6|1686.00
91243|6|1686.00
263543|6|1686.00
83390|6|1686.00
148155|6|1686.00
97041|6|1686.00
142711|6|1686.00
76380|6|1686.00
187645|6|1686.00
96060|6|1686.00
163053|6|1686.00
62889|6|1686.00
320240|6|1686.00
315734|6|1686.00
159373|6|1686.00
81564|6|1686.00
62141|6|1686.00
90973|6|1686.00
129092|6|1683.24
90185|6|1680.00
340750|6|1680.00
192032|6|1680.00
72386|6|1680.00
356526|6|1680.00
63157|6|1680.00
495966|6|1680.00
152812|6|1680.00
147172|6|1680.00
231497|6|1680.00
76329|6|1680.00
504823|6|1680.00
196820|6|1680.00
179505|6|1680.00
151625|6|1680.00
237652|6|1680.00
66300|6|1680.00
170647|6|1680.00
303119|6|1680.00
190054|6|1680.00
229915|6|1680.00
361620|6|1680.00
251016|12|1680.00
114050|6|1680.00
67350|6|1680.00
301314|6|1680.00
333820|6|1680.00
70655|6|1680.00
156017|6|1680.00
68828|6|1680.00
67716|6|1680.00
74812|6|1680.00
131177|6|1680.00
58262|6|1680.00
35281|6|1680.00
114404|6|1680.00
441735|6|1680.00
114901|6|1680.00
91607|6|1680.00
214508|6|1680.00
141113|6|1680.00
59820|6|1680.00
199311|6|1680.00
114768|6|1680.00
87316|6|1680.00
477074|6|1680.00
156196|6|1680.00
181701|6|1680.00
290538|6|1680.00
47734|3|1680.00
191749|6|1680.00
67749|6|1680.00
64899|6|1680.00
198876|6|1680.00
242483|6|1680.00
157958|6|1680.00
91613|6|1680.00
498417|6|1680.00
79708|6|1680.00
275431|6|1680.00
88337|6|1680.00
61156|6|1680.00
126924|6|1680.00
71908|6|1680.00
74893|6|1680.00
87475|6|1680.00
189519|6|1680.00
47993|6|1680.00
35685|6|1674.00
94853|6|1674.00
340093|6|1674.00
96020|6|1674.00
96564|6|1674.00
58365|6|1674.00
72125|6|1674.00
177022|6|1674.00
118593|6|1674.00
156569|6|1674.00
58522|6|1674.00
130105|6|1674.00
466182|6|1674.00
509028|6|1674.00
206059|6|1674.00
57266|6|1674.00
262193|6|1674.00
33845|6|1674.00
187250|6|1674.00
109516|6|1674.00
58985|6|1674.00
82277|6|1674.00
81728|6|1674.00
44323|6|1674.00
254939|6|1674.00
33864|6|1674.00
283271|6|1674.00
158537|6|1674.00
163196|6|1674.00
120743|6|1674.00
63377|6|1674.00
31954|12|1674.00
139715|6|1674.00
346337|6|1674.00
133575|6|1674.00
240979|6|1674.00
79142|6|1674.00
74565|6|1674.00
237639|6|1674.00
211723|6|1674.00
300446|6|1674.00
101147|6|1674.00
216916|4|1672.00
219691|3|1671.00
125563|3|1668.00
121839|6|1668.00
61432|6|1668.00
133964|3|1668.00
421841|6|1668.00
112913|6|1668.00
53993|6|1665.00
231786|9|1665.00
64281|3|1665.00
135029|9|1665.00
72252|3|1662.00
347452|6|1662.00
155278|6|1662.00
186334|6|1662.00
294267|3|1662.00
71857|3|1662.00
207711|4|1660.00
243169|4|1660.00
271078|4|1656.00
153121|9|1656.00
175964|9|1656.00
428827|9|1656.00
93129|9|1656.00
209077|4|1656.00
351444|12|1656.00
297693|12|1656.00
80233|9|1656.00
37003|12|1655.94
61387|6|1653.00
120551|6|1650.00
168972|6|1650.00
155334|6|1650.00
126942|6|1650.00
65058|6|1650.00
449432|4|1648.00
360466|9|1647.00
504618|18|1647.00
87720|9|1647.00
201597|9|1647.00
229826|9|1647.00
90884|9|1647.00
147089|9|1647.00
146323|9|1647.00
211432|3|1644.00
156249|18|1644.00
176153|12|1644.00
138009|18|1644.00
299150|4|1644.00
116721|6|1644.00
201788|6|1644.00
146835|3|1644.00
55941|3|1644.00
51071|3|1641.00
128548|3|1641.00
46179|3|1641.00
188949|3|1641.00
184433|3|1641.00
109420|9|1638.00
239261|6|1638.00
147363|9|1638.00
150135|9|1638.00
435632|9|1638.00
123612|9|1638.00
314347|9|1638.00
191831|9|1638.00
90633|9|1638.00
83510|9|1638.00
152119|6|1638.00
142022|6|1638.00
103712|9|1638.00
499461|12|1638.00
109168|9|1638.00
161015|6|1638.00
153583|9|1638.00
103621|9|1638.00
229820|9|1638.00
169522|9|1638.00
119131|6|1638.00
242313|9|1638.00
171943|6|1638.00
80933|9|1638.00
99269|9|1638.00
96974|9|1638.00
56385|3|1635.00
73401|3|1635.00
141259|6|1635.00
491324|12|1632.00
238829|6|1632.00
200204|6|1632.00
117103|6|1632.00
180290|6|1632.00
126127|6|1632.00
70631|3|1632.00
126616|6|1632.00
317705|3|1632.00
194256|6|1632.00
38673|6|1629.54
288205|9|1629.00
96464|9|1629.00
197225|9|1629.00
230544|9|1629.00
77361|9|1629.00
99750|9|1629.00
112839|9|1629.00
157304|9|1629.00
155064|9|1629.00
113581|9|1629.00
491918|9|1629.00
167525|9|1629.00
378854|9|1629.00
94752|9|1629.00
86388|9|1629.00
414865|9|1629.00
184379|9|1629.00
113006|9|1629.00
97893|9|1629.00
53957|3|1629.00
205185|6|1626.00
195781|6|1626.00
387305|3|1626.00
135469|6|1626.00
150284|6|1626.00
147989|6|1626.00
182820|6|1626.00
64988|6|1626.00
192800|6|1626.00
45513|6|1626.00
168366|6|1626.00
53407|9|1623.00
132367|3|1623.00
492944|9|1620.00
141117|6|1620.00
145968|6|1620.00
140830|6|1620.00
76996|9|1620.00
147465|6|1620.00
319990|6|1620.00
99930|6|1620.00
86868|6|1620.00
315827|3|1620.00
391360|6|1620.00
443656|3|1617.00
189849|3|1617.00
65016|3|1617.00
141844|6|1614.00
481622|48|1614.00
306920|6|1614.00
106568|6|1614.00
158312|6|1614.00
58194|6|1614.00
124649|6|1614.00
132025|3|1614.00
113255|6|1614.00
214967|6|1614.00
52918|3|1614.00
330647|6|1614.00
67555|6|1614.00
350390|3|1614.00
190381|6|1614.00
138484|3|1611.00
511021|6|1608.00
108960|6|1608.00
121916|6|1608.00
317200|6|1608.00
84100|6|1608.00
155878|6|1608.00
145511|6|1608.00
125974|6|1608.00
387152|6|1608.00
437708|6|1608.00
74502|6|1608.00
481998|4|1608.00
55217|3|1608.00
72680|6|1608.00
132544|6|1608.00
218718|6|1608.00
86585|6|1608.00
343076|6|1608.00
146330|6|1608.00
187244|6|1608.00
114226|6|1608.00
60407|6|1608.00
141089|3|1608.00
67242|6|1608.00
124513|12|1608.00
117741|6|1608.00
106538|6|1608.00
112759|6|1608.00
157225|6|1608.00
105318|6|1608.00
397800|8|1606.76
84083|3|1605.00
190417|3|1605.00
475404|6|1602.00
144891|6|1602.00
100599|6|1602.00
90427|6|1602.00
73374|6|1602.00
174598|6|1602.00
158881|6|1602.00
438237|9|1602.00
78781|6|1602.00
125970|6|1602.00
84469|6|1602.00
141466|3|1602.00
157498|6|1602.00
197006|6|1602.00
152722|6|1602.00
153897|6|1602.00
72402|6|1602.00
82325|6|1602.00
77355|6|1602.00
343659|6|1602.00
76780|6|1602.00
209641|4|1600.00
259445|6|1596.00
118159|6|1596.00
190471|6|1596.00
131802|6|1596.00
69608|3|1596.00
64100|6|1596.00
142382|6|1596.00
180364|6|1596.00
154553|6|1596.00
67307|6|1596.00
29716|12|1596.00
67723|6|1596.00
460978|6|1596.00
260537|6|1596.00
241547|6|1596.00
167111|6|1596.00
180841|6|1596.00
187727|6|1596.00
113959|6|1596.00
77890|6|1596.00
139691|6|1596.00
122975|6|1596.00
71802|6|1596.00
198553|6|1596.00
149075|6|1596.00
120383|3|1596.00
260988|6|1596.00
377957|3|1596.00
218491|6|1596.00
230803|6|1596.00
179098|6|1596.00
86464|6|1596.00
181021|6|1596.00
303241|6|1596.00
117953|12|1596.00
127503|6|1596.00
98257|6|1596.00
113238|6|1596.00
70813|6|1596.00
121405|6|1596.00
211295|12|1596.00
130906|6|1596.00
154869|18|1596.00
180536|6|1596.00
268181|6|1596.00
68581|6|1596.00
325586|6|1593.84
123973|6|1593.00
61470|3|1593.00
71347|3|1593.00
203134|4|1592.00
215320|4|1592.00
89863|6|1590.00
276171|6|1590.00
144299|6|1590.00
53714|6|1590.00
274387|6|1590.00
140033|3|1590.00
174084|6|1590.00
307052|6|1590.00
54495|3|1590.00
251769|6|1590.00
57943|6|1590.00
73943|6|1590.00
111800|6|1590.00
184013|6|1590.00
228845|6|1590.00
204977|6|1590.00
188186|6|1590.00
67218|6|1590.00
90954|6|1590.00
181870|6|1590.00
227673|6|1590.00
181165|6|1590.00
115473|6|1590.00
183213|6|1590.00
220370|6|1590.00
104720|6|1590.00
126342|6|1590.00
198767|6|1590.00
29913|6|1590.00
234721|6|1590.00
80087|6|1590.00
68836|6|1590.00
385682|6|1590.00
84696|6|1590.00
149814|6|1590.00
105542|6|1590.00
64828|12|1590.00
181688|6|1590.00
131140|6|1590.00
86119|6|1590.00
116768|6|1590.00
141449|6|1590.00
290965|6|1590.00
188856|6|1590.00
58153|6|1590.00
313754|6|1590.00
84781|6|1590.00
106731|6|1590.00
102345|6|1590.00
262424|6|1590.00
132509|6|1590.00
66885|6|1590.00
195723|6|1590.00
183044|6|1590.00
63906|6|1590.00
373516|3|1590.00
139711|6|1590.00
107917|6|1590.00
112469|6|1590.00
514886|6|1590.00
74820|6|1590.00
363061|6|1590.00
43238|3|1590.00
312808|6|1590.00
141448|6|1590.00
89661|6|1590.00
346732|6|1590.00
60389|6|1590.00
184521|6|1590.00
311018|6|1590.00
164249|3|1590.00
34411|6|1590.00
182924|6|1590.00
118102|3|1590.00
94304|6|1590.00
123715|6|1590.00
53906|3|1590.00
111557|6|1590.00
239408|6|1590.00
89718|6|1590.00
69588|6|1590.00
470636|6|1590.00
453653|6|1590.00
263055|6|1590.00
292134|6|1590.00
293851|6|1590.00
238497|6|1590.00
43025|3|1587.00
178629|6|1584.00
189051|6|1584.00
184824|6|1584.00
146352|6|1584.00
68333|6|1584.00
249848|6|1584.00
86849|6|1584.00
126547|6|1584.00
165329|6|1584.00
151257|6|1584.00
79613|6|1584.00
217616|6|1584.00
245063|6|1584.00
117955|18|1584.00
85942|6|1584.00
153428|6|1584.00
32947|12|1584.00
69066|6|1584.00
157064|6|1584.00
353166|6|1584.00
47585|6|1584.00
111226|6|1584.00
69508|6|1584.00
65965|6|1584.00
89615|6|1584.00
67883|6|1584.00
119368|6|1584.00
99101|6|1584.00
238766|6|1584.00
228998|6|1584.00
67587|6|1584.00
146748|6|1584.00
208119|6|1584.00
188549|6|1584.00
175264|6|1584.00
467204|6|1584.00
179431|6|1584.00
168116|6|1584.00
106253|6|1584.00
227563|6|1584.00
97953|6|1584.00
67496|6|1584.00
181501|6|1584.00
31369|6|1584.00
237209|6|1584.00
321274|6|1584.00
61172|6|1584.00
166865|6|1584.00
229654|6|1584.00
135136|6|1584.00
111515|6|1584.00
97501|6|1584.00
31276|6|1584.00
89199|6|1584.00
110930|6|1584.00
35386|6|1584.00
186558|6|1584.00
148780|6|1584.00
231068|6|1584.00
189292|6|1584.00
51440|3|1584.00
303429|6|1584.00
96389|6|1584.00
128040|6|1584.00
128942|6|1584.00
253466|6|1584.00
137399|6|1584.00
119954|6|1584.00
137511|6|1584.00
201538|4|1584.00
87641|6|1584.00
103937|6|1584.00
143853|6|1584.00
62982|6|1584.00
459814|3|1584.00
190656|6|1584.00
183295|6|1584.00
144797|6|1584.00
80503|6|1584.00
76850|3|1581.00
155192|3|1581.00
215483|4|1580.00
200370|6|1578.00
113896|6|1578.00
385803|6|1578.00
126352|6|1578.00
102639|6|1578.00
216911|6|1578.00
91826|6|1578.00
67686|6|1578.00
39909|6|1578.00
187510|6|1578.00
349265|6|1578.00
71133|6|1578.00
155645|6|1578.00
123286|6|1578.00
112796|6|1578.00
381760|6|1578.00
189520|6|1578.00
71779|6|1578.00
138716|6|1578.00
148991|6|1578.00
98399|6|1578.00
159514|6|1578.00
453702|6|1578.00
127720|6|1578.00
67392|6|1578.00
339258|3|1578.00
204412|6|1578.00
195747|6|1578.00
111311|6|1578.00
394384|6|1578.00
79616|6|1578.00
64657|6|1578.00
379643|6|1578.00
71550|6|1578.00
215738|6|1578.00
273007|6|1578.00
33231|6|1578.00
191919|6|1578.00
151193|6|1578.00
73118|6|1578.00
236615|6|1578.00
105953|6|1578.00
81871|6|1578.00
151017|6|1578.00
72673|6|1578.00
89279|6|1578.00
88566|6|1578.00
120647|6|1578.00
69767|6|1578.00
170123|6|1578.00
88330|6|1578.00
134712|6|1578.00
153934|6|1578.00
151613|6|1578.00
171269|6|1578.00
238107|6|1578.00
221940|6|1578.00
33249|6|1578.00
237656|6|1578.00
96412|8|1576.00
40868|3|1575.00
47285|3|1575.00
183141|6|1572.00
140139|6|1572.00
166882|6|1572.00
126157|6|1572.00
76301|6|1572.00
111847|6|1572.00
162447|6|1572.00
158568|6|1572.00
34674|6|1572.00
57658|6|1572.00
33548|6|1572.00
144113|6|1572.00
201071|6|1572.00
248841|12|1572.00
111117|12|1572.00
140814|6|1572.00
148596|6|1572.00
219163|3|1572.00
236624|12|1572.00
383172|12|1572.00
195364|6|1572.00
85593|6|1572.00
146357|6|1572.00
191920|6|1571.46
411594|18|1569.69
130683|9|1569.00
214837|4|1568.00
221942|12|1566.00
440086|9|1566.00
90538|9|1566.00
330287|6|1566.00
126551|6|1566.00
231199|6|1566.00
190279|6|1566.00
69332|12|1566.00
389492|3|1566.00
103580|3|1563.00
62459|3|1563.00
483130|3|1563.00
111992|6|1560.00
135562|6|1560.00
43610|6|1560.00
155731|3|1560.00
45246|3|1560.00
371746|6|1557.66
217039|3|1557.00
173702|3|1557.00
103490|27|1557.00
53056|3|1554.00
126634|3|1554.00
80736|6|1554.00
324805|3|1554.00
647455|6|1554.00
94937|6|1548.00
495700|6|1548.00
45709|6|1548.00
108405|9|1548.00
102435|6|1548.00
294786|3|1548.00
114703|6|1548.00
398152|3|1548.00
97801|24|1547.88
43618|6|1545.00
121339|3|1545.00
84530|3|1545.00
334016|6|1545.00
46598|6|1542.00
127145|3|1542.00
69636|3|1542.00
197088|6|1542.00
131465|6|1542.00
73672|6|1542.00
111464|6|1542.00
163073|6|1542.00
181469|6|1542.00
75273|3|1542.00
113062|18|1542.00
83352|3|1542.00
375574|3|1542.00
42927|9|1539.72
426570|3|1539.00
151705|3|1539.00
110613|9|1539.00
45758|3|1539.00
53861|3|1539.00
104621|9|1539.00
91159|9|1539.00
91720|9|1539.00
125422|3|1539.00
165809|24|1536.00
183012|6|1536.00
90688|12|1536.00
49156|3|1533.00
56342|3|1533.00
51107|3|1533.00
105997|6|1530.00
178050|6|1530.00
72383|12|1530.00
80334|6|1530.00
222039|6|1530.00
103933|6|1530.00
172827|6|1530.00
215420|4|1528.00
216398|4|1528.00
69734|3|1527.00
232592|3|1527.00
129471|3|1527.00
136994|6|1524.00
95183|6|1524.00
99800|6|1524.00
94054|6|1524.00
177742|6|1524.00
207274|4|1524.00
137433|6|1524.00
52216|9|1524.00
403223|6|1524.00
132840|18|1523.52
129286|3|1521.00
67904|6|1518.00
56177|6|1518.00
132273|12|1518.00
386711|6|1518.00
166031|6|1518.00
157314|6|1518.00
154357|6|1518.00
203468|4|1516.00
219137|4|1516.00
74981|3|1515.00
461558|3|1515.00
590080|6|1514.01
111603|12|1512.00
215502|6|1512.00
59679|6|1512.00
226596|3|1512.00
197692|6|1512.00
69263|6|1512.00
109242|6|1512.00
215334|4|1512.00
195950|3|1512.00
180873|6|1512.00
62422|9|1512.00
383966|9|1512.00
462583|6|1512.00
151885|9|1512.00
84246|3|1512.00
184459|10|1510.00
131243|6|1509.00
201849|8|1508.00
474468|6|1506.00
252432|6|1506.00
118874|6|1506.00
189711|6|1506.00
256662|6|1506.00
454647|6|1506.00
53421|3|1506.00
487233|6|1506.00
103234|6|1506.00
304941|3|1506.00
101806|6|1506.00
133825|6|1506.00
299872|6|1506.00
507673|6|1506.00
158614|6|1506.00
87162|6|1506.00
69561|12|1506.00
134283|6|1506.00
148554|12|1506.00
333605|6|1506.00
156270|6|1506.00
98762|9|1503.00
190061|3|1503.00
136057|3|1503.00
134608|3|1503.00
98487|9|1503.00
309530|6|1500.00
68035|3|1500.00
283380|6|1500.00
175832|6|1500.00
373483|6|1500.00
80428|6|1500.00
185336|6|1500.00
115679|6|1500.00
152093|6|1500.00
444775|6|1500.00
178512|15|1500.00
354267|6|1500.00
182929|6|1500.00
474190|3|1500.00
91117|6|1500.00
78604|6|1500.00
105557|6|1500.00
179426|6|1500.00
158043|3|1500.00
91318|6|1500.00
157512|6|1500.00
118451|6|1500.00
150150|3|1500.00
97296|6|1500.00
210049|4|1500.00
72996|6|1500.00
115783|6|1500.00
149114|6|1500.00
304873|6|1500.00
466310|6|1500.00
113608|6|1500.00
101454|6|1500.00
216540|6|1500.00
121904|6|1500.00
135548|9|1498.86
304638|6|1494.00
90668|6|1494.00
152192|6|1494.00
57150|6|1494.00
92259|6|1494.00
131739|6|1494.00
91160|6|1494.00
184694|6|1494.00
522806|9|1494.00
46628|6|1494.00
75632|6|1494.00
81820|6|1494.00
189216|6|1494.00
80232|9|1494.00
85375|6|1494.00
459679|6|1494.00
158880|6|1494.00
290967|6|1494.00
111190|9|1494.00
72435|6|1494.00
92268|6|1494.00
107603|6|1494.00
81254|6|1494.00
160351|6|1494.00
133269|6|1494.00
33183|6|1494.00
246391|6|1494.00
49974|6|1494.00
119112|6|1494.00
309196|9|1494.00
276582|6|1494.00
237771|9|1494.00
84096|6|1494.00
77242|9|1494.00
125972|6|1494.00
207544|6|1494.00
31893|6|1494.00
217369|9|1494.00
93235|6|1494.00
156692|6|1494.00
69334|6|1494.00
63534|6|1494.00
150705|6|1494.00
68789|6|1494.00
252149|6|1494.00
179163|6|1494.00
75816|6|1494.00
83563|6|1494.00
90930|6|1494.00
133674|6|1494.00
67544|6|1494.00
150661|6|1494.00
150761|6|1494.00
90495|6|1494.00
131305|6|1494.00
111167|6|1494.00
402461|6|1494.00
136417|6|1494.00
116882|6|1494.00
83314|6|1494.00
197985|6|1494.00
141527|6|1494.00
97054|9|1494.00
70126|6|1494.00
222773|6|1494.00
305187|6|1494.00
74431|3|1494.00
252302|6|1494.00
308715|6|1494.00
118768|9|1494.00
101182|6|1494.00
187029|6|1494.00
155408|6|1494.00
186555|6|1494.00
88786|6|1494.00
220392|6|1494.00
186578|6|1494.00
110418|6|1494.00
157977|6|1494.00
233651|6|1494.00
78809|6|1494.00
161491|6|1494.00
90796|6|1494.00
124471|12|1494.00
229897|6|1494.00
201739|4|1492.00
58843|3|1491.00
113847|6|1488.06
69846|6|1488.00
73109|6|1488.00
151157|6|1488.00
61962|6|1488.00
67559|6|1488.00
31147|6|1488.00
131121|6|1488.00
305085|6|1488.00
237216|6|1488.00
68631|6|1488.00
97233|6|1488.00
422933|6|1488.00
163736|6|1488.00
176651|6|1488.00
177200|6|1488.00
499853|6|1488.00
91406|6|1488.00
187737|6|1488.00
70110|6|1488.00
145993|6|1488.00
132219|6|1488.00
119958|6|1488.00
109715|6|1488.00
148025|6|1488.00
71573|6|1488.00
165963|6|1488.00
136257|6|1488.00
132621|6|1488.00
73375|6|1488.00
106653|6|1488.00
123297|6|1488.00
254251|6|1488.00
144250|6|1488.00
164033|6|1488.00
148966|6|1488.00
485777|6|1488.00
60023|6|1488.00
513741|6|1488.00
323555|18|1488.00
404748|6|1488.00
385552|6|1488.00
129700|6|1488.00
447357|6|1488.00
233267|6|1488.00
100122|6|1488.00
33122|6|1488.00
401728|6|1488.00
242201|6|1488.00
139033|6|1488.00
195545|6|1488.00
142322|6|1488.00
59496|6|1488.00
138664|6|1488.00
216542|4|1488.00
68743|6|1488.00
90103|6|1488.00
188511|6|1488.00
402017|6|1488.00
153946|6|1488.00
170853|6|1488.00
124979|6|1488.00
253737|6|1488.00
118179|6|1488.00
33313|6|1488.00
163740|6|1488.00
139632|6|1488.00
439949|6|1488.00
511103|6|1488.00
67624|6|1488.00
55989|6|1488.00
114849|6|1488.00
187109|6|1488.00
144672|6|1488.00
94963|6|1488.00
248603|6|1488.00
193880|6|1488.00
390510|6|1488.00
195463|6|1488.00
116546|6|1488.00
76294|6|1488.00
471057|3|1488.00
94475|6|1488.00
120115|6|1488.00
235187|6|1488.00
61253|6|1488.00
60374|6|1488.00
87006|9|1485.00
99893|9|1485.00
370172|9|1485.00
340612|9|1485.00
96394|9|1485.00
91824|15|1485.00
116231|9|1485.00
159481|9|1485.00
81207|9|1485.00
390389|9|1485.00
81840|15|1485.00
465155|9|1485.00
332091|9|1485.00
349285|9|1485.00
95507|9|1485.00
157051|9|1485.00
137504|9|1485.00
198676|9|1485.00
110913|9|1485.00
104374|9|1485.00
413963|6|1482.00
123555|6|1482.00
199094|6|1482.00
94881|6|1482.00
138142|6|1482.00
62508|6|1482.00
68152|6|1482.00
412685|6|1482.00
418179|6|1482.00
71726|6|1482.00
154108|6|1482.00
117187|6|1482.00
324869|6|1482.00
110887|6|1482.00
126880|6|1482.00
98712|6|1482.00
69529|6|1482.00
433150|6|1482.00
98942|6|1482.00
328355|3|1482.00
109641|6|1482.00
187665|6|1482.00
86467|6|1482.00
260296|6|1482.00
151293|6|1482.00
119078|6|1482.00
84340|6|1482.00
325916|6|1482.00
114667|6|1482.00
490814|6|1482.00
500566|6|1482.00
103019|6|1482.00
69576|6|1482.00
68829|6|1482.00
478815|6|1482.00
72254|6|1482.00
499250|6|1482.00
115915|6|1482.00
148321|6|1482.00
161534|6|1482.00
94224|6|1482.00
79946|6|1482.00
81436|6|1482.00
198491|6|1482.00
145406|6|1482.00
67852|6|1482.00
180236|6|1482.00
104944|6|1482.00
133594|6|1482.00
86798|6|1482.00
189090|6|1482.00
67448|6|1482.00
112323|6|1482.00
106646|6|1482.00
146007|6|1482.00
114294|6|1482.00
499850|6|1482.00
118830|6|1482.00
170033|6|1482.00
231085|6|1482.00
129480|6|1482.00
123224|6|1482.00
102591|6|1482.00
34507|6|1482.00
388594|6|1482.00
151695|6|1482.00
187715|6|1482.00
77046|6|1482.00
111395|6|1482.00
69707|6|1482.00
113345|6|1482.00
350303|6|1482.00
164753|6|1482.00
185638|6|1482.00
200147|6|1482.00
61798|6|1482.00
111032|6|1482.00
175335|6|1482.00
72101|6|1482.00
88147|6|1482.00
141111|9|1476.00
94723|9|1476.00
139480|6|1476.00
143887|9|1476.00
178176|6|1476.00
85163|6|1476.00
152718|6|1476.00
363242|6|1476.00
93100|6|1476.00
187186|6|1476.00
166312|6|1476.00
94994|9|1476.00
117448|9|1476.00
132969|6|1476.00
188670|3|1476.00
99727|6|1476.00
397971|6|1476.00
72086|6|1476.00
121700|6|1476.00
128010|6|1476.00
118763|6|1476.00
198986|6|1476.00
80064|6|1476.00
112118|6|1476.00
164944|6|1476.00
449627|6|1476.00
34219|6|1476.00
29465|6|1476.00
124533|6|1476.00
92646|6|1476.00
69800|6|1476.00
114684|9|1476.00
100433|9|1476.00
100027|9|1476.00
277019|6|1476.00
341313|6|1476.00
570360|14|1474.62
400877|3|1473.00
70354|3|1473.00
191739|6|1470.00
110931|6|1470.00
85990|6|1470.00
377044|6|1470.00
85930|3|1470.00
200129|6|1470.00
363288|3|1470.00
286766|3|1470.00
276244|6|1470.00
116250|3|1470.00
212100|4|1468.00
233665|4|1467.96
150906|3|1467.00
231893|3|1467.00
161537|30|1464.00
420764|3|1464.00
178637|6|1464.00
73665|9|1464.00
79544|3|1464.00
400588|6|1464.00
46620|3|1461.00
207816|4|1460.00
211051|4|1460.00
225809|6|1458.00
161978|6|1458.00
118336|6|1458.00
490144|24|1458.00
150929|6|1458.00
75815|6|1458.00
105759|6|1458.00
218129|6|1452.00
277336|6|1452.00
124684|6|1452.00
120032|6|1452.00
107529|6|1451.04
99054|3|1449.00
119347|3|1449.00
97156|9|1449.00
106139|3|1449.00
209360|4|1448.00
368821|4|1448.00
64612|3|1446.00
123260|6|1446.00
489431|6|1446.00
40775|3|1446.00
123080|3|1443.00
377063|3|1443.00
66972|6|1440.00
65510|3|1440.00
167214|3|1440.00
160256|12|1440.00
106294|6|1440.00
54281|3|1440.00
110299|6|1440.00
337021|6|1440.00
56604|3|1440.00
238007|6|1440.00
91000|6|1434.00
124798|6|1434.00
165291|6|1434.00
92930|3|1434.00
518519|6|1434.00
143126|6|1434.00
511592|6|1434.00
55143|3|1434.00
97396|6|1434.00
164699|6|1434.00
69514|6|1434.00
194215|6|1434.00
140528|3|1431.00
171371|3|1431.00
519216|9|1431.00
43723|3|1431.00
494090|3|1428.00
267891|6|1428.00
143379|6|1428.00
144915|6|1428.00
305292|6|1428.00
153411|6|1428.00
173004|3|1428.00
133007|3|1428.00
66076|24|1427.46
116123|18|1426.14
417554|6|1422.00
408868|6|1422.00
286975|3|1422.00
161517|12|1422.00
406263|6|1422.00
227569|24|1422.00
275062|3|1422.00
86375|12|1422.00
73317|18|1419.42
137341|3|1419.00
130854|12|1417.80
107447|12|1416.00
203584|4|1416.00
156649|6|1416.00
106183|6|1416.00
58227|6|1416.00
186891|6|1416.00
117183|6|1416.00
236684|6|1416.00
208418|6|1416.00
239117|6|1416.00
90111|6|1416.00
131749|6|1416.00
63518|3|1416.00
194176|6|1416.00
139115|6|1416.00
44711|3|1413.00
428575|3|1413.00
53579|3|1413.00
90617|9|1413.00
130994|6|1410.00
124336|6|1410.00
174091|6|1410.00
143086|6|1410.00
58111|18|1410.00
519689|6|1410.00
226696|6|1410.00
68917|6|1410.00
201871|6|1410.00
517773|24|1410.00
220194|3|1410.00
187880|6|1410.00
309795|3|1407.00
407797|3|1407.00
138868|6|1404.00
193403|6|1404.00
77736|6|1404.00
369510|6|1404.00
63683|6|1404.00
187588|6|1404.00
444749|6|1404.00
83860|6|1404.00
93080|6|1404.00
144777|6|1404.00
189880|6|1404.00
36136|6|1404.00
92788|6|1404.00
57825|6|1404.00
144317|6|1404.00
181665|6|1404.00
97749|6|1404.00
459366|6|1404.00
194409|6|1404.00
93839|6|1404.00
257899|42|1401.60
193986|6|1401.00
138817|3|1401.00
218993|6|1398.00
217123|6|1398.00
151701|6|1398.00
213461|12|1398.00
61438|6|1398.00
80394|6|1398.00
68715|6|1398.00
142813|6|1398.00
140705|6|1398.00
434424|6|1398.00
63960|6|1398.00
275876|6|1398.00
186214|6|1398.00
202268|6|1398.00
63690|6|1398.00
79037|6|1398.00
499711|6|1398.00
441028|12|1398.00
302365|6|1398.00
450956|6|1398.00
68233|6|1398.00
159075|6|1398.00
186156|6|1398.00
131174|6|1398.00
492254|6|1398.00
188040|6|1398.00
111432|6|1398.00
85186|6|1398.00
1128717|4|1396.00
215682|4|1396.00
363696|9|1395.00
109712|9|1395.00
91371|9|1395.00
186610|9|1395.00
53396|6|1395.00
275720|3|1392.00
170911|6|1392.00
113863|6|1392.00
365204|6|1392.00
182781|6|1392.00
33916|6|1392.00
68951|6|1392.00
148385|6|1392.00
86345|6|1392.00
125383|6|1392.00
273783|6|1392.00
113498|6|1392.00
178827|6|1392.00
414357|6|1392.00
175512|6|1392.00
157267|6|1392.00
124445|6|1392.00
32318|6|1392.00
437993|3|1392.00
87985|6|1392.00
162147|6|1392.00
80123|6|1392.00
175670|6|1392.00
102503|6|1392.00
208556|6|1392.00
129496|6|1392.00
90959|6|1392.00
263270|6|1392.00
117133|6|1392.00
67534|6|1392.00
181681|6|1392.00
276111|6|1392.00
446231|6|1392.00
197507|6|1392.00
298622|6|1392.00
208675|6|1392.00
64798|3|1392.00
184297|6|1392.00
232418|6|1392.00
250257|6|1392.00
117387|6|1392.00
32338|6|1392.00
165512|6|1392.00
69211|6|1392.00
190533|6|1392.00
67314|6|1392.00
165620|6|1392.00
89560|6|1392.00
86096|6|1392.00
152064|6|1392.00
187534|6|1392.00
203261|6|1392.00
77501|6|1392.00
176846|6|1392.00
91056|6|1392.00
131703|6|1392.00
125541|6|1392.00
91150|6|1392.00
86232|6|1392.00
444689|6|1392.00
319332|6|1392.00
447614|6|1392.00
183762|3|1392.00
260764|6|1392.00
97684|6|1392.00
113010|6|1392.00
295059|6|1392.00
520389|6|1392.00
121959|6|1392.00
307997|6|1392.00
83161|6|1392.00
68762|6|1392.00
105840|6|1392.00
187396|6|1392.00
287064|6|1392.00
354393|6|1392.00
129315|6|1392.00
125149|6|1392.00
314227|6|1392.00
66067|6|1392.00
86352|6|1392.00
93332|6|1392.00
226627|6|1392.00
177317|6|1392.00
223152|6|1392.00
156666|6|1392.00
30900|6|1392.00
177503|6|1392.00
159051|6|1392.00
76777|6|1392.00
182736|6|1392.00
137219|6|1392.00
397727|6|1392.00
81179|6|1392.00
34914|6|1392.00
151339|6|1392.00
89763|6|1392.00
153097|6|1392.00
114679|6|1392.00
127662|6|1392.00
48075|6|1392.00
181064|6|1392.00
192641|6|1392.00
436606|6|1392.00
198418|6|1392.00
198485|6|1392.00
31880|6|1392.00
128255|6|1392.00
147109|6|1392.00
122109|6|1392.00
113337|6|1392.00
120069|3|1392.00
118520|6|1392.00
89359|6|1392.00
183142|6|1392.00
90498|6|1392.00
153101|6|1392.00
132979|6|1392.00
71648|6|1392.00
158098|6|1392.00
108340|6|1392.00
136729|6|1389.00
506551|3|1389.00
74344|6|1389.00
53419|3|1389.00
184214|3|1389.00
199992|4|1388.00
203177|4|1388.00
212207|4|1388.00
143337|6|1386.00
220718|6|1386.00
263365|6|1386.00
59305|6|1386.00
253877|6|1386.00
111392|6|1386.00
68332|6|1386.00
164239|6|1386.00
186166|3|1386.00
480585|6|1386.00
182044|6|1386.00
300718|6|1386.00
412731|6|1386.00
193405|6|1386.00
103072|6|1386.00
374947|6|1386.00
182921|6|1386.00
174263|6|1386.00
161709|6|1386.00
110581|6|1386.00
67799|6|1386.00
197749|6|1386.00
125522|6|1386.00
174999|6|1386.00
155152|6|1386.00
67173|6|1386.00
196311|6|1386.00
93481|6|1386.00
218402|6|1386.00
167474|6|1386.00
69683|6|1386.00
34455|6|1386.00
34939|6|1386.00
34023|6|1386.00
321952|6|1386.00
96590|6|1386.00
137678|6|1386.00
192895|6|1386.00
163930|6|1386.00
156935|6|1386.00
70002|6|1386.00
479260|6|1386.00
127604|6|1386.00
68020|6|1386.00
274046|6|1386.00
82463|6|1386.00
82683|6|1386.00
105838|6|1386.00
67371|6|1386.00
162073|6|1386.00
101961|3|1386.00
31284|6|1386.00
67771|6|1386.00
137396|9|1386.00
100200|6|1386.00
154719|6|1386.00
297944|9|1386.00
69840|6|1386.00
274705|6|1386.00
30451|6|1386.00
152927|6|1386.00
165202|6|1386.00
132189|6|1386.00
142963|3|1386.00
164853|6|1386.00
68806|6|1386.00
359774|9|1386.00
180445|6|1386.00
110303|6|1386.00
131920|6|1386.00
67842|6|1386.00
183794|6|1386.00
128177|6|1386.00
86956|6|1386.00
74530|6|1386.00
35023|6|1386.00
108728|6|1386.00
129572|6|1386.00
66968|6|1386.00
110511|6|1386.00
288054|6|1386.00
149089|6|1386.00
69611|6|1386.00
153524|6|1386.00
91543|9|1386.00
190258|6|1386.00
125858|6|1386.00
137824|6|1386.00
129495|6|1386.00
236207|6|1386.00
192797|6|1386.00
489145|6|1386.00
360115|6|1386.00
139671|6|1386.00
215484|4|1384.00
209362|4|1384.00
104008|12|1381.86
453838|48|1380.36
95174|6|1380.00
520256|6|1380.00
196425|6|1380.00
266322|6|1380.00
136069|6|1380.00
217230|6|1380.00
73621|6|1380.00
90978|6|1380.00
176132|6|1380.00
155618|6|1380.00
173205|6|1380.00
109375|6|1380.00
97852|6|1380.00
305742|6|1380.00
103737|6|1380.00
96489|6|1380.00
167132|18|1380.00
498201|6|1380.00
312061|6|1380.00
116554|6|1380.00
85181|6|1380.00
131270|6|1380.00
133891|6|1380.00
81727|6|1380.00
119683|6|1380.00
131202|6|1380.00
503763|12|1380.00
95876|6|1380.00
264570|6|1380.00
148534|6|1380.00
91831|6|1380.00
276116|6|1380.00
382358|6|1380.00
69799|6|1380.00
86039|6|1380.00
76545|6|1380.00
62833|6|1380.00
165481|6|1380.00
185309|6|1380.00
158962|6|1380.00
89406|6|1380.00
76075|6|1380.00
59097|6|1380.00
145292|6|1380.00
162498|6|1380.00
151634|6|1380.00
74187|6|1380.00
94889|6|1380.00
232234|6|1380.00
201754|4|1380.00
148153|6|1380.00
188875|6|1380.00
175840|6|1380.00
33679|6|1380.00
142563|6|1380.00
542458|10|1377.25
123226|9|1377.00
39539|3|1377.00
148787|9|1377.00
93692|9|1377.00
191467|9|1377.00
130179|3|1374.00
160921|6|1374.00
174259|6|1374.00
77256|6|1374.00
471784|18|1374.00
131730|6|1374.00
57999|6|1374.00
34968|6|1374.00
168181|6|1374.00
200846|4|1372.00
249273|4|1372.00
262238|3|1371.00
78136|9|1368.00
111507|9|1368.00
191751|6|1368.00
152834|9|1368.00
400017|9|1368.00
339801|3|1368.00
164151|6|1368.00
125765|6|1365.00
103232|12|1362.00
72225|3|1362.00
71246|6|1362.00
124757|6|1362.00
53441|3|1362.00
97080|6|1362.00
47306|6|1362.00
409815|6|1362.00
103317|6|1360.50
102462|9|1359.00
142317|9|1359.00
102369|9|1359.00
70050|3|1359.00
124450|18|1359.00
107426|9|1359.00
356613|3|1359.00
101026|18|1359.00
115081|6|1356.00
487700|3|1356.00
55653|3|1356.00
38980|3|1356.00
269589|3|1353.00
45213|3|1353.00
510501|4|1352.00
82102|9|1350.00
174523|6|1350.00
112524|12|1350.00
97777|9|1350.00
154933|6|1350.00
117203|9|1350.00
106074|6|1350.00
238623|6|1350.00
311226|9|1350.00
513887|3|1347.00
127188|3|1347.00
122605|3|1347.00
70312|3|1347.00
51452|3|1344.00
241036|3|1344.00
73861|3|1344.00
147463|6|1344.00
229683|3|1344.00
129989|9|1344.00
53514|3|1344.00
96866|3|1344.00
99891|9|1341.00
129038|9|1341.00
80292|9|1341.00
145230|9|1341.00
300618|9|1341.00
333187|9|1341.00
141548|9|1341.00
113043|9|1341.00
89057|9|1341.00
109966|9|1341.00
180009|9|1341.00
104328|9|1341.00
122698|9|1341.00
451085|9|1341.00
91293|9|1341.00
100622|9|1341.00
183377|9|1341.00
99464|9|1341.00
400927|9|1341.00
122703|9|1341.00
136879|9|1341.00
127582|27|1339.65
74902|3|1338.00
106191|6|1338.00
422640|6|1338.00
485428|6|1338.00
225553|6|1338.00
128047|6|1338.00
133736|12|1338.00
240489|3|1335.00
142213|3|1335.00
143044|3|1335.00
54244|3|1335.00
184527|3|1335.00
50990|3|1335.00
398146|9|1332.00
202023|4|1332.00
125949|3|1332.00
125512|9|1332.00
312647|9|1332.00
163005|6|1332.00
97067|9|1332.00
89760|9|1332.00
70077|6|1332.00
496663|9|1332.00
172803|9|1332.00
121748|6|1332.00
418284|9|1332.00
78776|9|1332.00
85289|3|1329.00
410984|3|1329.00
381318|3|1329.00
129651|3|1329.00
380644|3|1329.00
347322|6|1326.00
127615|6|1326.00
251637|6|1326.00
97100|6|1326.00
109015|6|1326.00
70288|6|1326.00
75528|6|1326.00
60067|6|1326.00
107874|6|1325.10
217751|4|1324.00
52564|3|1323.00
112693|9|1323.00
106707|6|1320.00
161135|6|1320.00
128810|6|1320.00
127918|5|1320.00
107350|6|1320.00
143924|6|1320.00
459420|6|1320.00
223409|6|1320.00
78863|6|1320.00
80259|6|1318.32
146558|3|1317.00
90189|6|1314.00
121230|6|1314.00
464119|6|1314.00
390474|6|1314.00
189755|6|1314.00
234260|6|1314.00
363361|6|1314.00
62855|6|1314.00
161860|3|1314.00
493157|18|1314.00
172859|6|1314.00
458534|6|1314.00
71755|6|1314.00
141533|3|1314.00
96125|6|1314.00
112488|24|1312.80
164932|6|1311.00
310293|6|1308.00
94079|6|1308.00
72219|6|1308.00
116518|6|1308.00
179010|6|1308.00
167266|6|1308.00
147086|12|1308.00
270913|6|1308.00
161442|6|1308.00
157317|6|1308.00
349587|4|1308.00
115638|12|1308.00
189257|6|1308.00
145654|12|1308.00
129154|6|1308.00
262173|6|1308.00
136443|6|1308.00
158160|6|1308.00
340426|6|1308.00
185414|6|1308.00
172997|6|1308.00
427290|6|1308.00
194164|6|1308.00
217493|6|1308.00
118562|9|1305.00
267611|3|1305.00
414702|9|1305.00
121310|6|1302.00
148311|6|1302.00
182674|6|1302.00
118994|6|1302.00
82370|6|1302.00
239341|18|1302.00
341243|6|1302.00
194147|6|1302.00
386963|6|1302.00
164749|6|1302.00
284787|6|1302.00
316099|12|1302.00
102724|6|1302.00
182013|6|1302.00
288937|6|1302.00
111584|6|1302.00
452123|6|1302.00
499038|6|1302.00
352972|3|1302.00
39894|3|1302.00
312912|3|1302.00
32859|6|1302.00
375870|8|1300.00
122918|3|1299.00
390654|3|1299.00
49002|3|1299.00
149112|3|1299.00
164312|6|1296.00
86881|6|1296.00
68272|6|1296.00
116219|6|1296.00
188546|6|1296.00
138827|6|1296.00
110115|6|1296.00
79612|3|1296.00
174086|6|1296.00
477835|6|1296.00
67205|6|1296.00
148044|6|1296.00
131370|6|1296.00
134839|6|1296.00
154660|6|1296.00
277373|6|1296.00
98047|6|1296.00
188124|6|1296.00
188030|6|1296.00
306918|6|1296.00
34573|6|1296.00
193181|6|1296.00
162146|6|1296.00
67943|6|1296.00
66908|6|1296.00
146975|6|1296.00
183811|6|1296.00
132858|6|1296.00
312446|6|1296.00
68046|6|1296.00
118333|6|1296.00
293508|6|1296.00
149326|6|1296.00
406998|6|1296.00
82251|6|1296.00
75638|6|1296.00
160117|6|1296.00
78386|6|1296.00
218926|12|1296.00
192077|6|1296.00
93322|6|1296.00
70037|3|1296.00
216880|6|1296.00
178043|6|1296.00
148656|6|1296.00
89399|6|1296.00
58099|6|1296.00
105708|6|1296.00
155145|6|1296.00
170406|6|1296.00
130661|6|1296.00
494879|3|1296.00
420483|6|1296.00
233637|6|1296.00
91813|6|1296.00
183205|6|1296.00
151010|6|1296.00
178963|6|1296.00
276568|6|1296.00
308528|6|1296.00
178105|6|1296.00
67628|6|1296.00
67669|6|1296.00
47598|3|1296.00
361560|6|1296.00
173785|6|1296.00
231095|6|1296.00
155561|6|1296.00
388813|6|1296.00
181668|6|1296.00
144799|6|1296.00
135140|6|1296.00
354576|6|1296.00
242180|6|1296.00
302298|6|1296.00
31023|6|1296.00
523153|6|1296.00
90943|6|1296.00
78649|6|1296.00
393797|6|1295.22
317738|3|1293.00
42885|3|1293.00
311893|3|1293.00
61023|3|1293.00
230038|3|1293.00
186096|3|1293.00
270681|6|1290.00
218262|6|1290.00
66991|6|1290.00
328765|6|1290.00
127356|6|1290.00
254575|6|1290.00
64185|6|1290.00
68418|6|1290.00
79127|6|1290.00
61439|6|1290.00
178682|6|1290.00
150774|6|1290.00
440825|6|1290.00
162941|6|1290.00
161107|6|1290.00
434288|6|1290.00
81983|6|1290.00
150773|6|1290.00
82206|6|1290.00
218764|6|1290.00
234073|6|1290.00
98907|6|1290.00
300780|6|1290.00
31233|6|1290.00
189197|6|1290.00
115121|6|1290.00
191436|6|1290.00
115174|6|1290.00
76952|6|1290.00
429530|6|1290.00
160541|6|1290.00
62680|6|1290.00
69600|6|1290.00
132391|6|1290.00
422647|6|1290.00
168301|6|1290.00
173979|6|1290.00
133767|6|1290.00
131242|6|1290.00
61415|6|1290.00
163653|6|1290.00
112407|6|1290.00
363256|6|1290.00
60822|6|1290.00
186480|6|1290.00
109018|6|1290.00
70412|6|1290.00
132695|6|1290.00
179405|3|1290.00
303794|12|1290.00
68368|6|1290.00
409466|6|1290.00
102690|6|1290.00
343050|6|1290.00
253772|6|1290.00
179368|6|1290.00
58100|6|1290.00
469175|6|1290.00
181295|6|1290.00
154523|6|1290.00
132288|6|1290.00
133234|6|1290.00
129724|6|1290.00
31844|6|1290.00
89536|6|1290.00
191733|6|1290.00
411732|6|1290.00
143651|6|1290.00
131058|6|1290.00
241810|6|1290.00
57481|6|1290.00
443896|6|1290.00
181699|6|1290.00
186132|6|1290.00
135103|6|1290.00
121699|6|1290.00
183496|6|1290.00
384700|6|1290.00
113838|6|1290.00
229776|6|1290.00
130507|6|1290.00
137324|6|1290.00
68593|6|1290.00
166470|6|1290.00
441460|6|1290.00
177981|6|1290.00
32968|6|1290.00
73923|6|1290.00
172041|6|1290.00
108417|6|1290.00
99338|6|1290.00
412554|6|1290.00
56953|6|1290.00
243649|6|1290.00
119406|6|1290.00
119499|6|1290.00
115652|6|1287.78
181722|9|1287.00
54267|3|1287.00
521927|3|1287.00
191104|9|1287.00
132916|3|1287.00
62473|3|1287.00
111460|6|1284.00
112346|6|1284.00
88688|6|1284.00
87400|6|1284.00
111873|6|1284.00
31931|6|1284.00
87516|6|1284.00
302224|6|1284.00
311940|6|1284.00
114909|6|1284.00
72802|6|1284.00
72345|6|1284.00
157557|6|1284.00
402489|6|1284.00
63785|6|1284.00
215687|6|1284.00
66781|6|1284.00
190706|6|1284.00
187766|6|1284.00
112584|6|1284.00
294601|6|1284.00
154973|6|1284.00
111000|6|1284.00
186740|6|1284.00
71592|6|1284.00
421989|6|1284.00
34706|6|1284.00
72865|6|1284.00
118278|6|1284.00
61373|6|1284.00
58754|6|1284.00
513955|6|1284.00
431638|3|1284.00
109702|6|1284.00
154955|6|1284.00
168311|6|1284.00
177957|6|1284.00
303092|6|1284.00
82590|6|1284.00
306843|6|1284.00
68858|6|1284.00
113381|6|1284.00
308976|6|1284.00
68896|6|1284.00
112432|6|1284.00
123084|6|1284.00
74184|6|1284.00
249529|6|1284.00
116802|6|1284.00
172435|6|1284.00
176022|6|1284.00
100922|6|1284.00
124509|6|1284.00
83291|6|1284.00
203688|6|1284.00
117881|6|1284.00
245482|6|1284.00
84094|6|1284.00
444529|6|1284.00
245637|6|1284.00
123872|6|1284.00
130865|6|1284.00
29865|6|1284.00
90163|6|1284.00
493009|6|1284.00
98817|6|1284.00
171146|6|1284.00
515930|6|1284.00
244807|6|1284.00
232382|6|1284.00
102164|6|1284.00
119493|6|1284.00
439099|6|1284.00
68027|6|1284.00
128591|6|1284.00
103210|6|1284.00
200280|6|1284.00
125201|6|1284.00
508708|6|1284.00
174441|6|1284.00
463720|6|1284.00
161913|6|1284.00
209240|6|1284.00
148423|6|1284.00
240503|6|1284.00
242671|3|1284.00
124328|6|1284.00
67658|6|1284.00
57848|6|1284.00
513533|6|1284.00
139682|6|1284.00
101054|6|1284.00
32434|6|1284.00
141242|3|1284.00
292639|6|1284.00
147295|6|1284.00
79517|6|1284.00
184397|6|1284.00
250204|6|1284.00
251019|6|1284.00
371565|6|1284.00
324214|6|1284.00
77720|3|1284.00
110439|6|1284.00
108779|6|1284.00
312095|6|1284.00
159794|6|1284.00
322528|6|1284.00
205118|6|1284.00
144055|6|1284.00
87116|6|1284.00
72800|6|1284.00
39518|3|1281.00
56801|3|1281.00
54900|12|1281.00
110555|6|1278.00
131471|6|1278.00
222505|6|1278.00
150157|6|1278.00
78103|6|1278.00
516638|6|1278.00
75201|3|1278.00
288084|6|1278.00
109950|6|1278.00
34973|6|1278.00
81462|6|1278.00
87452|6|1278.00
56824|6|1278.00
121629|6|1278.00
193851|6|1278.00
58049|6|1278.00
152251|6|1278.00
199880|6|1278.00
106296|6|1278.00
78492|6|1278.00
155124|6|1278.00
117110|6|1278.00
150336|6|1278.00
168556|6|1278.00
422047|6|1278.00
96079|6|1278.00
59518|6|1278.00
383569|6|1278.00
72515|6|1278.00
148957|6|1278.00
48165|3|1278.00
79764|6|1278.00
110823|6|1278.00
112036|6|1278.00
78558|3|1278.00
71728|6|1278.00
95867|6|1278.00
397921|6|1275.00
47262|3|1272.00
71489|54|1272.00
46221|3|1269.00
136078|3|1266.00
155702|12|1266.00
55744|3|1266.00
252404|3|1263.00
84787|3|1262.28
91494|9|1260.00
76710|3|1260.00
404204|9|1260.00
114184|6|1260.00
94251|6|1260.00
96343|3|1260.00
386483|12|1260.00
136602|3|1257.00
608637|6|1256.61
201918|4|1256.00
205442|4|1256.00
276217|4|1256.00
200202|4|1256.00
236069|4|1256.00
225070|6|1254.00
361361|9|1254.00
116981|12|1254.00
478085|6|1254.00
80322|24|1254.00
158528|6|1254.00
97328|6|1254.00
82605|6|1254.00
509972|12|1254.00
393173|6|1254.00
234432|4|1252.00
205441|4|1252.00
93934|10|1251.60
479098|3|1251.00
146534|3|1251.00
54483|3|1251.00
311853|12|1248.00
237263|4|1248.00
212385|4|1248.00
235305|4|1248.00
153218|6|1248.00
127962|3|1248.00
226996|4|1248.00
157517|3|1245.00
55097|3|1245.00
470410|3|1245.00
229269|3|1245.00
69815|3|1245.00
75271|3|1245.00
85523|3|1245.00
117007|3|1245.00
413991|21|1243.62
84229|3|1242.00
140998|3|1242.00
289053|3|1242.00
352364|6|1242.00
56868|3|1242.00
330720|3|1242.00
179665|3|1242.00
45769|3|1242.00
389382|3|1242.00
76987|9|1242.00
96345|3|1242.00
93901|12|1242.00
285521|3|1242.00
237013|3|1242.00
460833|3|1242.00
166130|3|1242.00
67233|6|1242.00
75315|6|1242.00
72187|6|1242.00
138353|6|1242.00
150451|12|1242.00
42613|3|1239.00
45403|3|1239.00
220265|3|1239.00
87010|3|1239.00
137425|3|1239.00
348999|3|1239.00
121044|12|1236.00
126208|3|1236.00
52705|6|1236.00
334228|6|1236.00
81667|6|1236.00
136768|3|1236.00
219910|3|1236.00
96062|3|1236.00
146757|3|1236.00
50570|3|1236.00
205872|3|1236.00
474893|6|1236.00
193831|12|1236.00
140330|3|1236.00
144151|3|1236.00
48523|6|1236.00
137385|6|1236.00
71562|3|1236.00
140685|9|1233.00
95918|9|1233.00
72291|3|1233.00
148772|3|1233.00
43087|3|1233.00
53585|3|1233.00
355037|9|1233.00
491409|9|1233.00
102482|9|1233.00
337646|3|1233.00
111328|9|1233.00
509323|9|1233.00
399301|3|1233.00
111957|9|1233.00
422556|9|1233.00
128251|3|1230.00
113154|6|1230.00
388380|3|1230.00
245471|3|1230.00
96221|6|1230.00
119384|3|1230.00
121720|3|1230.00
114653|3|1230.00
138112|3|1230.00
126731|3|1230.00
57285|3|1230.00
41701|6|1227.00
131811|9|1224.00
467176|6|1224.00
313387|6|1224.00
107262|6|1224.00
255002|12|1224.00
473719|6|1224.00
113421|24|1224.00
190943|6|1224.00
111769|6|1224.00
491423|6|1224.00
197897|12|1224.00
270872|4|1220.00
120981|6|1218.00
158304|6|1218.00
235871|6|1218.00
464930|6|1218.00
360818|6|1218.00
163167|6|1218.00
113190|6|1218.00
159582|6|1218.00
66958|6|1218.00
138672|6|1218.00
187591|12|1218.00
154594|6|1218.00
110016|6|1218.00
482397|6|1218.00
126325|9|1217.52
104991|9|1215.00
231509|3|1215.00
113000|6|1214.40
330988|4|1212.00
69056|6|1212.00
212110|6|1212.00
268102|6|1212.00
88583|6|1212.00
239368|6|1212.00
206665|6|1212.00
496336|6|1212.00
218766|4|1212.00
455276|3|1212.00
204216|6|1212.00
152964|12|1212.00
71006|6|1212.00
94900|6|1212.00
67359|18|1209.84
54588|3|1209.00
126983|3|1209.00
184790|6|1206.00
154275|6|1206.00
107237|9|1206.00
119067|6|1206.00
79333|12|1206.00
310311|6|1206.00
67333|12|1206.00
76370|6|1206.00
464776|9|1206.00
107126|6|1206.00
67194|6|1206.00
295233|6|1206.00
56720|6|1206.00
107299|12|1206.00
132774|6|1206.00
161878|6|1206.00
75019|6|1206.00
149764|9|1206.00
124591|6|1206.00
157130|6|1206.00
144155|3|1206.00
125890|6|1206.00
94883|6|1206.00
160452|6|1206.00
120732|6|1206.00
186055|6|1206.00
219561|6|1206.00
185662|6|1206.00
123944|6|1206.00
160845|3|1203.00
65396|3|1203.00
166027|3|1203.00
111680|6|1200.00
176560|6|1200.00
246208|6|1200.00
72805|6|1200.00
140011|6|1200.00
481657|6|1200.00
291566|6|1200.00
152176|6|1200.00
231250|6|1200.00
235425|6|1200.00
69548|6|1200.00
197608|6|1200.00
426494|6|1200.00
223752|6|1200.00
67400|6|1200.00
315238|6|1200.00
149702|6|1200.00
411807|6|1200.00
62318|3|1200.00
34510|12|1200.00
133794|6|1200.00
96882|6|1200.00
515270|6|1200.00
300774|6|1200.00
196471|6|1200.00
107385|6|1200.00
241909|6|1200.00
94607|6|1200.00
152017|6|1200.00
337944|6|1200.00
111462|6|1200.00
54210|6|1200.00
202087|6|1200.00
78950|6|1200.00
124821|6|1200.00
64821|6|1200.00
101233|3|1200.00
516888|6|1200.00
148914|12|1200.00
150116|12|1200.00
406857|6|1200.00
67449|6|1200.00
135988|6|1200.00
422575|3|1197.00
51724|3|1197.00
240237|3|1197.00
88377|9|1197.00
89974|9|1197.00
98036|9|1197.00
88616|9|1197.00
435517|9|1197.00
125080|3|1197.00
141077|3|1197.00
54370|3|1197.00
145305|9|1197.00
118218|9|1197.00
111289|9|1197.00
119978|9|1197.00
234116|4|1196.00
77061|6|1194.00
159467|6|1194.00
296800|6|1194.00
91992|6|1194.00
315647|6|1194.00
182486|6|1194.00
82774|3|1194.00
175367|6|1194.00
76398|6|1194.00
67091|6|1194.00
125715|6|1194.00
68260|6|1194.00
67015|6|1194.00
58129|6|1194.00
346055|6|1194.00
65197|6|1194.00
53369|3|1194.00
142147|6|1194.00
349682|6|1194.00
94423|6|1194.00
227655|6|1194.00
51350|3|1194.00
123564|6|1194.00
67446|6|1194.00
89557|6|1194.00
200371|6|1194.00
122810|6|1194.00
55117|3|1194.00
330820|6|1194.00
344018|6|1194.00
85393|6|1194.00
59638|3|1194.00
418911|6|1194.00
90923|6|1194.00
67936|6|1194.00
188707|6|1194.00
70494|6|1194.00
71494|6|1194.00
106382|6|1194.00
99905|6|1194.00
67414|6|1194.00
194526|6|1194.00
90546|6|1194.00
92157|6|1194.00
149674|6|1194.00
88466|6|1194.00
188492|6|1194.00
115603|6|1194.00
132801|3|1194.00
49714|3|1194.00
343609|6|1194.00
135717|6|1194.00
74465|3|1194.00
60148|3|1194.00
183355|3|1194.00
37248|6|1194.00
198664|6|1194.00
139906|6|1194.00
188015|6|1194.00
89534|6|1194.00
48297|3|1194.00
157945|6|1194.00
93688|6|1194.00
147197|6|1194.00
132764|6|1194.00
155611|6|1194.00
112576|6|1194.00
110631|6|1194.00
178054|6|1194.00
88343|6|1194.00
111591|6|1194.00
228790|6|1194.00
100176|6|1194.00
522802|6|1194.00
108795|6|1194.00
222299|6|1194.00
293541|6|1194.00
193434|6|1194.00
31497|6|1194.00
96854|6|1194.00
168745|12|1194.00
63156|6|1194.00
108942|6|1194.00
251828|6|1194.00
29704|6|1194.00
429951|6|1194.00
264572|6|1194.00
63876|6|1194.00
174510|6|1194.00
159464|6|1194.00
65841|6|1194.00
56532|6|1194.00
89960|6|1194.00
233666|6|1194.00
57465|6|1194.00
159322|6|1194.00
187436|6|1194.00
450952|6|1194.00
179450|6|1194.00
189765|6|1194.00
182381|6|1194.00
67003|6|1194.00
215992|4|1192.00
119514|3|1191.00
218575|3|1191.00
96850|3|1191.00
140333|3|1191.00
331000|3|1191.00
83225|3|1191.00
328988|3|1191.00
53354|3|1191.00
47421|3|1191.00
373571|3|1191.00
137834|3|1191.00
54280|3|1191.00
44015|3|1191.00
332423|4|1190.96
43648|6|1188.00
81888|9|1188.00
142309|9|1188.00
155600|6|1188.00
161797|6|1188.00
69097|6|1188.00
131773|6|1188.00
143148|3|1188.00
90406|6|1188.00
78464|6|1188.00
136272|6|1188.00
303593|9|1188.00
143139|6|1188.00
102788|9|1188.00
145766|6|1188.00
144219|6|1188.00
84243|3|1188.00
477524|4|1188.00
76763|6|1188.00
238747|6|1188.00
68613|6|1188.00
340908|6|1188.00
68290|6|1188.00
57159|3|1188.00
168662|6|1188.00
178905|6|1188.00
151186|6|1188.00
243754|6|1188.00
490369|6|1188.00
234276|6|1188.00
185859|6|1188.00
152438|6|1188.00
68927|6|1188.00
70466|6|1188.00
71619|3|1188.00
68758|6|1188.00
60717|6|1188.00
23792|3|1188.00
192569|6|1188.00
102959|9|1188.00
152044|6|1188.00
191735|6|1188.00
96552|6|1188.00
110663|9|1188.00
361695|6|1188.00
82520|6|1188.00
210601|6|1188.00
234916|6|1188.00
104068|6|1188.00
116603|6|1188.00
167076|6|1188.00
425950|6|1188.00
197798|3|1188.00
99144|6|1188.00
106819|6|1188.00
105162|9|1188.00
108172|6|1188.00
204352|6|1188.00
69662|6|1188.00
113547|6|1188.00
151091|6|1188.00
387245|6|1188.00
70070|6|1188.00
72926|6|1188.00
67608|6|1188.00
247532|3|1188.00
309866|6|1188.00
34405|6|1188.00
154515|30|1188.00
212272|6|1188.00
119455|9|1188.00
40073|6|1188.00
187690|6|1188.00
187342|6|1188.00
294912|6|1188.00
198469|3|1188.00
128234|6|1188.00
60396|6|1188.00
67510|6|1188.00
160570|6|1188.00
151630|6|1188.00
67316|6|1188.00
53767|3|1188.00
129060|6|1188.00
89298|6|1188.00
115102|6|1188.00
193528|12|1188.00
516363|6|1188.00
137519|9|1188.00
263590|9|1188.00
163936|6|1188.00
86379|9|1188.00
95305|9|1188.00
102936|6|1188.00
112483|6|1188.00
180530|6|1188.00
72379|6|1188.00
69596|6|1188.00
34536|6|1188.00
358428|6|1188.00
96449|9|1188.00
497990|9|1188.00
84528|6|1188.00
143740|6|1188.00
69144|6|1188.00
267635|9|1188.00
145976|6|1188.00
83016|6|1188.00
143803|6|1188.00
102691|6|1188.00
193255|6|1188.00
186420|6|1188.00
89698|12|1188.00
483815|3|1188.00
218943|6|1188.00
117179|6|1188.00
199085|6|1188.00
203624|6|1188.00
69869|6|1188.00
445140|3|1188.00
95475|9|1188.00
280164|6|1188.00
237402|6|1188.00
89784|9|1188.00
78889|6|1188.00
93661|6|1188.00
188726|6|1188.00
118485|6|1188.00
83783|6|1188.00
148849|12|1188.00
162586|6|1188.00
188433|6|1188.00
117977|6|1188.00
140754|6|1188.00
122930|6|1188.00
236712|4|1188.00
86296|6|1188.00
95386|9|1188.00
105559|6|1188.00
64780|6|1188.00
164897|6|1188.00
82630|6|1188.00
35429|6|1188.00
153052|6|1188.00
162025|6|1188.00
184387|6|1188.00
311463|6|1188.00
175303|6|1188.00
165696|6|1188.00
75069|3|1185.00
74941|6|1185.00
76205|3|1185.00
41744|3|1185.00
134617|3|1185.00
73115|3|1185.00
307880|4|1184.00
517022|6|1182.30
81896|6|1182.00
88273|6|1182.00
230846|6|1182.00
96011|6|1182.00
156625|6|1182.00
183855|6|1182.00
78747|6|1182.00
109727|6|1182.00
77335|6|1182.00
163830|6|1182.00
408115|6|1182.00
125859|6|1182.00
220163|3|1182.00
91852|6|1182.00
161153|6|1182.00
122903|6|1182.00
119997|12|1182.00
149924|6|1182.00
86179|6|1182.00
85735|6|1182.00
131482|3|1182.00
382713|6|1182.00
298708|6|1182.00
100804|6|1182.00
56986|6|1182.00
146156|6|1182.00
44226|3|1182.00
313593|6|1182.00
181797|6|1182.00
155071|6|1182.00
325082|6|1182.00
112741|6|1182.00
170251|6|1182.00
84774|6|1182.00
109707|6|1182.00
71509|6|1182.00
205806|6|1182.00
494424|3|1182.00
82398|6|1182.00
60915|6|1182.00
122852|6|1182.00
123852|6|1182.00
59476|6|1182.00
71872|6|1182.00
86411|6|1182.00
224224|6|1182.00
161595|6|1182.00
120753|3|1182.00
137974|6|1182.00
137182|6|1182.00
70199|6|1182.00
174776|6|1182.00
58213|3|1182.00
109810|6|1182.00
86206|6|1182.00
142180|6|1182.00
34182|6|1182.00
133064|6|1182.00
119808|6|1182.00
337503|6|1182.00
424611|6|1182.00
366182|3|1182.00
69292|6|1182.00
134138|6|1182.00
234751|6|1182.00
98057|3|1182.00
81698|6|1182.00
166580|6|1182.00
417422|6|1182.00
441906|18|1182.00
284713|6|1182.00
73784|6|1182.00
145288|6|1182.00
153415|6|1182.00
71627|6|1182.00
86111|6|1182.00
185306|6|1182.00
87913|6|1182.00
180979|6|1182.00
454837|6|1182.00
102163|6|1182.00
107964|9|1179.00
65308|6|1179.00
129147|3|1179.00
197228|9|1179.00
133421|9|1179.00
137088|6|1179.00
76265|9|1179.00
249795|6|1176.00
203001|4|1176.00
95910|12|1176.00
312882|12|1176.00
138571|6|1176.00
146630|6|1176.00
636377|4|1171.70
147229|6|1170.00
133035|12|1170.00
111438|6|1170.00
48827|3|1170.00
56686|6|1170.00
647623|9|1169.37
375903|6|1164.00
45780|6|1164.00
116139|9|1161.00
515387|9|1161.00
161960|3|1158.00
185624|3|1158.00
115146|6|1158.00
130344|6|1158.00
188262|3|1155.00
90794|6|1152.00
49526|6|1152.00
136598|3|1152.00
46006|3|1152.00
79644|6|1152.00
260872|6|1152.00
49960|3|1152.00
167252|6|1152.00
461095|3|1152.00
54671|3|1152.00
121708|3|1149.00
484789|32|1147.60
466895|3|1146.00
224485|3|1146.00
83400|3|1146.00
144644|3|1146.00
126934|3|1146.00
185153|3|1146.00
49208|6|1146.00
302239|3|1146.00
65267|3|1146.00
48468|3|1146.00
157279|3|1146.00
50097|3|1146.00
130223|3|1146.00
63760|3|1146.00
52575|3|1143.00
57187|3|1143.00
173031|3|1143.00
115004|3|1143.00
54026|3|1143.00
56929|3|1143.00
459283|3|1143.00
56667|3|1143.00
410220|3|1143.00
75351|3|1143.00
388858|3|1140.00
47260|3|1140.00
146608|3|1140.00
96072|3|1140.00
54691|3|1140.00
120915|6|1140.00
228770|3|1140.00
494739|6|1140.00
179497|3|1140.00
55391|3|1140.00
219720|6|1140.00
181659|3|1140.00
384073|6|1140.00
44645|3|1137.51
44264|3|1137.00
139298|3|1137.00
52917|3|1137.00
154979|3|1137.00
143921|3|1137.00
428259|3|1137.00
142004|3|1134.00
126830|3|1134.00
51631|3|1134.00
123473|3|1134.00
124157|6|1134.00
52548|3|1134.00
127004|6|1134.00
72337|6|1134.00
323052|6|1134.00
115790|6|1134.00
74940|3|1134.00
89119|6|1134.00
56081|3|1134.00
64964|3|1134.00
133897|3|1134.00
216411|4|1132.00
521125|4|1132.00
220205|3|1131.00
57525|3|1131.00
343588|3|1131.00
65521|6|1131.00
82057|3|1131.00
164392|6|1128.00
454628|6|1128.00
202207|6|1128.00
68565|6|1128.00
351416|6|1128.00
492034|6|1128.00
158364|6|1128.00
124524|3|1125.00
84741|24|1123.98
112830|6|1122.00
161881|6|1122.00
103215|6|1122.00
34698|6|1120.56
204204|4|1120.00
83871|6|1119.00
197244|6|1119.00
157769|6|1116.00
105698|6|1116.00
59032|6|1116.00
93553|6|1116.00
196831|12|1116.00
146518|12|1116.00
130600|6|1116.00
91755|6|1116.00
189011|6|1116.00
101267|3|1113.00
130640|3|1113.00
84885|3|1113.00
317168|4|1112.00
71756|6|1110.00
141065|3|1110.00
68102|6|1110.00
359778|18|1110.00
236521|6|1110.00
112711|6|1110.00
111804|6|1110.00
145196|12|1110.00
124502|6|1110.00
125319|6|1110.00
107843|6|1110.00
148176|6|1110.00
155910|6|1110.00
139977|3|1110.00
31853|6|1110.00
142884|6|1110.00
129296|6|1110.00
296467|6|1110.00
69545|6|1110.00
440790|3|1107.00
41031|3|1107.00
190090|3|1107.00
436578|3|1107.00
137484|3|1107.00
322974|12|1105.80
154886|6|1104.00
124575|6|1104.00
196758|6|1104.00
195732|6|1104.00
434391|6|1104.00
70406|6|1104.00
93204|6|1104.00
60805|6|1104.00
80761|6|1104.00
149980|6|1104.00
71397|6|1104.00
153778|6|1104.00
107834|6|1104.00
385694|6|1104.00
93861|6|1104.00
138068|6|1104.00
242354|6|1104.00
153760|6|1104.00
175023|18|1104.00
278423|6|1104.00
157095|6|1104.00
70955|3|1104.00
66735|3|1101.00
137415|6|1101.00
135585|3|1101.00
83447|3|1098.00
114495|6|1098.00
150269|6|1098.00
195440|6|1098.00
131097|6|1098.00
162295|6|1098.00
67458|6|1098.00
96076|6|1098.00
171028|6|1098.00
314116|6|1098.00
224558|6|1098.00
121177|6|1098.00
69617|6|1098.00
259452|6|1098.00
183686|6|1098.00
98303|6|1098.00
299114|6|1098.00
70794|6|1098.00
291912|6|1098.00
335642|6|1098.00
157715|6|1098.00
59997|6|1098.00
221086|6|1098.00
393050|6|1098.00
67153|6|1098.00
68956|6|1098.00
106942|6|1098.00
172262|6|1098.00
67953|6|1098.00
110771|6|1098.00
161034|6|1098.00
133606|6|1098.00
70100|6|1098.00
237024|6|1098.00
260543|6|1098.00
86765|6|1098.00
701911|4|1098.00
67617|6|1098.00
191928|9|1098.00
277747|6|1098.00
86023|6|1098.00
69907|6|1098.00
191061|6|1098.00
108457|6|1098.00
503634|3|1098.00
67018|6|1098.00
181527|6|1098.00
190158|6|1098.00
488834|6|1098.00
291443|6|1098.00
150498|6|1098.00
485776|6|1098.00
50487|3|1098.00
69051|6|1098.00
107293|6|1098.00
58138|6|1098.00
245180|6|1098.00
199049|6|1098.00
143342|6|1098.00
131841|6|1098.00
67574|6|1098.00
88981|6|1098.00
62634|6|1098.00
69324|6|1098.00
78122|6|1098.00
92002|6|1098.00
180406|6|1098.00
148175|6|1098.00
116787|6|1098.00
63911|6|1098.00
163309|6|1098.00
63978|6|1098.00
52112|3|1095.00
109213|3|1095.00
62907|3|1095.00
130910|3|1095.00
39075|3|1095.00
141838|3|1095.00
32785|6|1092.00
97249|6|1092.00
91838|6|1092.00
163973|6|1092.00
236086|6|1092.00
62645|6|1092.00
195713|6|1092.00
89685|6|1092.00
207119|6|1092.00
343280|6|1092.00
128588|6|1092.00
69729|6|1092.00
69770|6|1092.00
426023|6|1092.00
202250|6|1092.00
89567|6|1092.00
67507|6|1092.00
32619|6|1092.00
189803|6|1092.00
116186|6|1092.00
222721|6|1092.00
443633|6|1092.00
390384|6|1092.00
120700|6|1092.00
155856|6|1092.00
180435|6|1092.00
31549|6|1092.00
89803|6|1092.00
295280|6|1092.00
40418|3|1092.00
181123|6|1092.00
63212|3|1092.00
145321|6|1092.00
133974|6|1092.00
64433|6|1092.00
80191|6|1092.00
431000|6|1092.00
110101|6|1092.00
292122|6|1092.00
429177|6|1092.00
306561|6|1092.00
68111|6|1092.00
183126|6|1092.00
31501|6|1092.00
179030|6|1092.00
134007|6|1092.00
84039|3|1092.00
456506|6|1092.00
61351|6|1092.00
85916|6|1092.00
101222|6|1092.00
33427|6|1092.00
113427|6|1092.00
198402|6|1092.00
176438|6|1092.00
86050|6|1092.00
76249|6|1092.00
417216|6|1092.00
315290|6|1092.00
126324|6|1092.00
133158|6|1092.00
67836|6|1092.00
56774|6|1092.00
443573|6|1092.00
150045|6|1092.00
241946|6|1092.00
63940|6|1092.00
446633|6|1092.00
435744|6|1092.00
63422|6|1092.00
151105|6|1092.00
218318|6|1092.00
150493|6|1092.00
187030|6|1092.00
76228|3|1092.00
97925|6|1092.00
113446|6|1092.00
30644|6|1092.00
68236|6|1092.00
159424|6|1092.00
67599|6|1092.00
165058|6|1092.00
70439|6|1092.00
55111|3|1092.00
119379|6|1092.00
160795|6|1092.00
67305|6|1092.00
33569|6|1092.00
476230|6|1092.00
194184|6|1092.00
63718|6|1092.00
67878|6|1092.00
181269|6|1092.00
303284|12|1092.00
237920|6|1092.00
216855|6|1092.00
132749|6|1092.00
236343|6|1092.00
95582|6|1092.00
219469|6|1092.00
64546|6|1092.00
71252|6|1092.00
160480|6|1092.00
156293|6|1092.00
501553|6|1092.00
61180|6|1092.00
265972|6|1092.00
103296|6|1092.00
110285|6|1092.00
162500|6|1092.00
31142|6|1092.00
115062|3|1092.00
124225|6|1092.00
162893|6|1092.00
299128|6|1092.00
106606|6|1092.00
202663|6|1092.00
128510|3|1092.00
190085|6|1092.00
160164|6|1092.00
70862|6|1092.00
182498|6|1092.00
446507|6|1092.00
95275|6|1092.00
101735|6|1092.00
70097|6|1092.00
90269|6|1092.00
113064|6|1092.00
75656|6|1092.00
146494|6|1092.00
222018|6|1092.00
161652|6|1092.00
108740|6|1092.00
57976|3|1092.00
181898|6|1092.00
646218|12|1091.72
55497|3|1089.00
70414|3|1089.00
70438|3|1089.00
228131|3|1089.00
292324|3|1089.00
102689|9|1089.00
139074|3|1089.00
49979|3|1089.00
486703|6|1089.00
111698|9|1089.00
132029|3|1089.00
136497|6|1086.00
67823|6|1086.00
273154|6|1086.00
130220|6|1086.00
191392|6|1086.00
120435|3|1086.00
191164|6|1086.00
80307|6|1086.00
368333|6|1086.00
69377|6|1086.00
144830|3|1086.00
176545|6|1086.00
119196|3|1086.00
90887|6|1086.00
114474|6|1086.00
104919|6|1086.00
99053|3|1086.00
131853|3|1086.00
65628|6|1086.00
93802|6|1086.00
113178|6|1086.00
467789|6|1086.00
187363|6|1086.00
95413|6|1086.00
149286|6|1086.00
68556|6|1086.00
114035|6|1086.00
58499|6|1086.00
187039|6|1086.00
133056|6|1086.00
86834|6|1086.00
168776|6|1086.00
297356|6|1086.00
68610|6|1086.00
120702|6|1086.00
223076|6|1086.00
127053|6|1086.00
58620|6|1086.00
101148|6|1086.00
70351|6|1086.00
109031|6|1086.00
96092|6|1086.00
93662|6|1086.00
172042|6|1086.00
326130|6|1086.00
278991|6|1086.00
111687|6|1086.00
272441|6|1086.00
113351|6|1086.00
174036|6|1086.00
396951|6|1086.00
239614|3|1086.00
57536|6|1086.00
285540|6|1086.00
68030|6|1086.00
510063|6|1086.00
134134|6|1086.00
136668|6|1086.00
179667|6|1086.00
184277|6|1086.00
514545|6|1086.00
158623|6|1086.00
481001|6|1086.00
326292|6|1086.00
33553|6|1086.00
102900|6|1086.00
68006|3|1086.00
94927|6|1086.00
155471|6|1086.00
336511|6|1086.00
120446|6|1086.00
232237|6|1086.00
67589|6|1086.00
308774|3|1086.00
140901|3|1086.00
455849|6|1086.00
304362|6|1086.00
62552|6|1086.00
446884|6|1086.00
156667|6|1086.00
92203|6|1086.00
67464|6|1086.00
456183|6|1086.00
82632|6|1086.00
83260|6|1086.00
181328|6|1086.00
160969|6|1086.00
100323|6|1086.00
87298|6|1086.00
197436|6|1086.00
85998|6|1086.00
338186|6|1086.00
517990|3|1086.00
156875|6|1086.00
131736|6|1086.00
76928|6|1086.00
119031|3|1086.00
116948|6|1086.00
159897|6|1086.00
54373|3|1086.00
131130|6|1086.00
157706|6|1086.00
127815|6|1086.00
219295|6|1086.00
34284|6|1086.00
145492|12|1086.00
111467|6|1086.00
96566|6|1086.00
208147|6|1086.00
149772|6|1086.00
123921|6|1086.00
72573|6|1086.00
60693|6|1086.00
85236|6|1086.00
88017|6|1086.00
65761|6|1086.00
187974|6|1086.00
78930|6|1086.00
495468|6|1086.00
227509|6|1086.00
95853|6|1086.00
295814|6|1086.00
262790|6|1086.00
423099|6|1086.00
253187|4|1084.00
49750|3|1083.00
164816|6|1083.00
41575|3|1083.00
137423|3|1083.00
60917|6|1083.00
6757|3|1083.00
34269|6|1080.00
333538|6|1080.00
121483|6|1080.00
384688|6|1080.00
357689|9|1080.00
100405|6|1080.00
234998|9|1080.00
59627|6|1080.00
133326|6|1080.00
328418|6|1080.00
95458|6|1080.00
86657|6|1080.00
122977|6|1080.00
147855|9|1080.00
56967|6|1080.00
92299|9|1080.00
189718|6|1080.00
91441|9|1080.00
131477|6|1080.00
121037|3|1077.00
353714|21|1077.00
99126|6|1074.00
57149|3|1074.00
93300|3|1074.00
70618|6|1074.00
394222|4|1072.00
112017|9|1071.00
112509|9|1071.00
521462|9|1071.00
92674|9|1071.00
44963|6|1068.84
271948|3|1068.00
170757|6|1068.00
130168|12|1068.00
52009|3|1068.00
226016|4|1068.00
146656|3|1065.00
233369|4|1064.00
202586|4|1064.00
426833|4|1064.00
418507|3|1062.00
202179|4|1060.00
205518|4|1060.00
132327|6|1059.00
39161|3|1056.00
103438|6|1056.00
477742|6|1056.00
204494|4|1056.00
288166|6|1056.00
94702|12|1056.00
156833|6|1056.00
71532|3|1056.00
69945|6|1056.00
181476|30|1056.00
81188|3|1056.00
141960|3|1056.00
68921|3|1056.00
69584|6|1056.00
241897|6|1056.00
92701|12|1056.00
49147|112|1055.60
110239|9|1053.00
124470|3|1053.00
118584|9|1053.00
424328|9|1053.00
127973|3|1053.00
93666|9|1053.00
86949|3|1053.00
139408|3|1053.00
218373|4|1052.00
212756|4|1052.00
522820|8|1050.88
111459|12|1050.00
61039|6|1050.00
60710|3|1050.00
78672|12|1050.00
114868|6|1050.00
52076|3|1050.00
56634|3|1050.00
289839|48|1050.00
189796|3|1047.00
133110|3|1047.00
136675|3|1047.00
127111|3|1047.00
50255|3|1047.00
228075|3|1047.00
66729|3|1047.00
51861|3|1047.00
383464|3|1047.00
172385|9|1044.00
53795|3|1044.00
211134|9|1044.00
69743|6|1044.00
117003|9|1044.00
183348|9|1044.00
382584|12|1044.00
125440|3|1044.00
103744|9|1044.00
184044|9|1044.00
56444|3|1044.00
141583|9|1044.00
97189|9|1044.00
123032|3|1044.00
193059|9|1044.00
89477|9|1044.00
159197|6|1044.00
162912|9|1044.00
77194|9|1044.00
66127|3|1044.00
91498|6|1044.00
87543|6|1044.00
34990|6|1044.00
162710|9|1044.00
134446|3|1044.00
506335|3|1044.00
163926|9|1044.00
98146|6|1044.00
89726|18|1044.00
47047|3|1044.00
142550|3|1044.00
138634|3|1044.00
54736|3|1044.00
359122|3|1044.00
135614|9|1044.00
120533|9|1044.00
141022|9|1044.00
139116|3|1044.00
75114|3|1041.00
151166|3|1041.00
46182|3|1041.00
178355|3|1041.00
232355|3|1041.00
137583|3|1041.00
47959|3|1041.00
184084|3|1041.00
136550|3|1041.00
68454|3|1041.00
63342|3|1041.00
137213|3|1041.00
431608|3|1041.00
116495|3|1041.00
61081|6|1038.00
87415|3|1038.00
193919|3|1038.00
39013|3|1038.00
41234|3|1038.00
80724|9|1038.00
118352|3|1038.00
116524|3|1038.00
99271|3|1038.00
202924|3|1038.00
132994|3|1038.00
62100|3|1038.00
63355|3|1038.00
133759|3|1038.00
331898|6|1038.00
122444|3|1036.92
124457|3|1035.00
284179|9|1035.00
44252|3|1035.00
57443|9|1035.00
92370|9|1035.00
54800|3|1035.00
88351|9|1035.00
90594|9|1035.00
142172|3|1035.00
95489|9|1035.00
94754|9|1035.00
108490|9|1035.00
302126|3|1035.00
98818|9|1035.00
124976|3|1035.00
66590|3|1035.00
110180|9|1035.00
82792|3|1035.00
133423|9|1035.00
123755|9|1035.00
78260|9|1035.00
147364|9|1035.00
428428|9|1035.00
140843|3|1035.00
100560|9|1035.00
185374|9|1035.00
99589|9|1035.00
107617|9|1035.00
116127|12|1032.12
76843|6|1032.00
129776|3|1032.00
43300|3|1032.00
234221|6|1032.00
181011|6|1032.00
292250|6|1032.00
998400|4|1032.00
53494|3|1032.00
181318|6|1032.00
60615|3|1029.00
212410|4|1028.00
127469|6|1027.11
168809|9|1026.00
145563|6|1026.00
91154|6|1026.00
137667|6|1026.00
426562|6|1026.00
85403|6|1026.00
34140|6|1026.00
132756|6|1026.00
191252|12|1026.00
115466|6|1026.00
68059|12|1026.00
509649|3|1026.00
186655|6|1026.00
129163|6|1026.00
164902|9|1026.00
117722|6|1026.00
544697|2|1026.00
146111|6|1026.00
189438|6|1026.00
133226|3|1026.00
303073|6|1026.00
169884|6|1026.00
442766|6|1020.00
74032|3|1020.00
131258|6|1020.00
159191|6|1020.00
139265|6|1020.00
336081|6|1020.00
384122|6|1020.00
127668|6|1020.00
330205|6|1020.00
133871|3|1017.00
65373|3|1017.00
96083|6|1014.00
116285|6|1014.00
202419|6|1014.00
142492|6|1014.00
196542|6|1014.00
201066|6|1014.00
401676|6|1014.00
85618|6|1014.00
64071|6|1014.00
200559|6|1014.00
145720|6|1014.00
90490|12|1014.00
419275|6|1014.00
303249|3|1011.00
125975|18|1008.00
322091|6|1008.00
347958|6|1008.00
68840|6|1008.00
126885|6|1008.00
344922|6|1008.00
188167|12|1008.00
348529|6|1008.00
117222|6|1008.00
69215|6|1008.00
222996|6|1008.00
89034|18|1008.00
161519|6|1008.00
147117|6|1008.00
74542|6|1008.00
58284|6|1008.00
108891|6|1008.00
68373|6|1008.00
64353|6|1008.00
82855|3|1005.00
125257|3|1005.00
199665|3|1005.00
195098|18|1003.80
131400|6|1002.00
80971|6|1002.00
126140|6|1002.00
152796|6|1002.00
189975|6|1002.00
190358|6|1002.00
159080|6|1002.00
33727|6|1002.00
98627|6|1002.00
491605|6|1002.00
65254|3|1002.00
116036|6|1002.00
86318|6|1002.00
115301|6|1002.00
315785|6|1002.00
189087|6|1002.00
54087|6|1002.00
220697|6|1002.00
190015|6|1002.00
76522|3|1002.00
79387|6|1002.00
92960|3|1002.00
352249|12|1002.00
75368|6|1002.00
263801|6|1002.00
208027|6|1002.00
67241|6|1002.00
129639|3|1002.00
211119|4|1000.00
232339|4|1000.00
223283|4|1000.00
399678|3|999.00
66397|3|999.00
106386|6|996.00
487780|6|996.00
216299|6|996.00
67856|6|996.00
87307|6|996.00
132940|6|996.00
379912|6|996.00
424113|6|996.00
142488|6|996.00
113628|6|996.00
505131|6|996.00
130743|6|996.00
466980|6|996.00
97975|6|996.00
164623|6|996.00
68877|6|996.00
480132|3|996.00
108839|6|996.00
391402|3|996.00
128918|6|996.00
473050|6|996.00
192882|6|996.00
342345|6|996.00
241801|6|996.00
60046|6|996.00
59639|6|996.00
151145|3|996.00
67146|6|996.00
354424|6|996.00
99579|6|996.00
146192|6|996.00
126108|3|996.00
171412|6|996.00
458109|6|996.00
120823|3|996.00
61475|3|996.00
69198|6|996.00
203123|6|996.00
133690|6|996.00
69742|6|996.00
188056|6|996.00
244289|6|996.00
69663|6|996.00
94472|6|996.00
264740|6|996.00
144207|6|996.00
146613|6|996.00
97415|6|996.00
53955|3|996.00
78281|6|996.00
150742|6|996.00
31643|6|996.00
69015|6|996.00
64085|6|996.00
283506|6|996.00
502571|6|996.00
90584|6|996.00
119005|6|996.00
30897|6|996.00
191110|6|996.00
99683|6|996.00
402430|6|996.00
93706|6|996.00
158562|6|996.00
149092|6|996.00
31182|6|996.00
113142|6|996.00
189185|6|996.00
158953|6|996.00
67185|6|996.00
63870|6|996.00
135045|6|996.00
436885|3|996.00
271875|6|996.00
191577|6|996.00
75484|6|996.00
125711|6|996.00
60129|3|996.00
67869|6|996.00
428009|6|996.00
134145|6|996.00
108853|6|996.00
103801|6|996.00
328348|3|996.00
69197|3|996.00
147624|6|996.00
99801|6|996.00
34416|6|996.00
518245|18|996.00
80826|6|996.00
132966|6|996.00
380259|6|996.00
471517|6|996.00
158323|6|996.00
86163|6|996.00
75767|3|996.00
150497|6|996.00
68752|6|996.00
170515|6|996.00
96501|6|996.00
158474|6|996.00
306850|6|996.00
67368|6|996.00
83073|3|993.00
259480|3|993.00
54990|3|993.00
181215|3|993.00
142919|3|993.00
131086|6|992.19
204418|4|992.00
63307|6|990.00
105510|6|990.00
223141|6|990.00
70036|6|990.00
157836|6|990.00
63955|3|990.00
179175|6|990.00
122222|6|990.00
68638|6|990.00
117936|6|990.00
124558|6|990.00
63206|6|990.00
146760|6|990.00
309449|6|990.00
144755|12|990.00
177982|6|990.00
150399|6|990.00
80420|6|990.00
185802|6|990.00
160812|6|990.00
67423|6|990.00
185724|6|990.00
87313|6|990.00
220404|6|990.00
154894|6|990.00
67002|6|990.00
184578|6|990.00
142288|6|990.00
74687|3|990.00
135134|6|990.00
150587|6|990.00
377876|6|990.00
110467|6|990.00
208916|6|990.00
67964|6|990.00
67390|6|990.00
68943|6|990.00
500996|6|990.00
137131|6|990.00
163286|6|990.00
187121|6|990.00
48061|3|990.00
128071|6|990.00
69022|6|990.00
192796|6|990.00
293455|6|990.00
181655|6|990.00
111277|6|990.00
56296|6|990.00
179359|6|990.00
413626|6|990.00
68173|6|990.00
66778|6|990.00
176359|6|990.00
120711|6|990.00
75230|6|990.00
119860|6|990.00
188925|6|990.00
127287|6|990.00
63078|6|990.00
266227|6|990.00
145401|6|990.00
112905|6|990.00
112452|6|990.00
80588|6|990.00
114469|6|990.00
224908|6|990.00
72777|6|990.00
101101|6|990.00
191347|6|990.00
185490|6|990.00
419770|6|990.00
149421|6|990.00
69339|6|990.00
170372|6|990.00
503431|6|990.00
179593|6|990.00
154464|12|990.00
79163|6|990.00
65865|3|990.00
192965|6|990.00
197381|6|990.00
225871|6|990.00
90473|6|990.00
84872|6|990.00
182829|6|990.00
115959|6|990.00
247365|6|990.00
32396|6|990.00
143704|3|990.00
366553|6|990.00
236174|3|990.00
138793|6|990.00
162886|6|990.00
115100|6|990.00
520987|6|990.00
399120|6|990.00
171100|6|990.00
103228|6|990.00
32920|6|990.00
153134|6|990.00
218798|6|990.00
242679|6|990.00
146726|6|990.00
312158|6|990.00
181957|6|990.00
128565|6|990.00
352898|6|990.00
87272|6|990.00
301177|6|990.00
84663|6|990.00
339472|6|990.00
79119|3|990.00
155378|6|990.00
167225|6|990.00
74819|6|990.00
154873|6|990.00
158205|6|990.00
270121|6|990.00
406913|6|990.00
190038|6|990.00
233672|6|990.00
89833|6|990.00
192635|6|990.00
77050|6|990.00
251137|6|990.00
164641|6|990.00
414692|3|990.00
104215|6|990.00
147178|6|990.00
161887|6|990.00
167566|6|990.00
94016|6|990.00
70578|6|990.00
58913|6|990.00
520833|6|990.00
198456|6|990.00
107855|6|990.00
291808|6|990.00
114347|6|990.00
194273|6|990.00
310391|3|990.00
59641|6|990.00
58649|6|990.00
149571|6|990.00
72699|6|990.00
382283|6|990.00
85992|6|990.00
217707|6|990.00
58327|6|990.00
31805|6|990.00
189997|6|989.94
71320|36|988.62
245820|3|987.00
84245|3|987.00
49730|3|987.00
53820|3|987.00
124401|3|987.00
56966|6|987.00
350915|3|987.00
52626|3|987.00
53264|3|987.00
140350|3|987.00
144183|3|987.00
231242|6|985.32
16649|24|985.20
34748|6|984.00
149267|6|984.00
77513|6|984.00
88379|6|984.00
314703|6|984.00
244736|6|984.00
34992|6|984.00
94998|6|984.00
35216|6|984.00
100679|6|984.00
222172|6|984.00
373846|6|984.00
126702|6|984.00
179965|6|984.00
100511|6|984.00
358104|6|984.00
67696|6|984.00
241409|4|984.00
197448|6|984.00
480116|6|984.00
132560|6|984.00
125753|6|984.00
202156|6|984.00
259420|12|984.00
78226|6|984.00
61038|6|984.00
73244|6|984.00
144858|6|984.00
142052|6|984.00
146643|6|984.00
150314|6|984.00
291003|6|984.00
181133|6|984.00
81281|6|984.00
524195|3|984.00
80423|6|984.00
117516|6|984.00
176003|6|984.00
35126|6|984.00
90001|6|984.00
67685|12|984.00
70469|6|984.00
277547|12|984.00
81173|6|984.00
151191|6|984.00
413400|6|984.00
100075|6|984.00
59575|6|984.00
68034|6|984.00
121614|6|984.00
139543|6|984.00
127914|3|984.00
117167|6|984.00
260497|12|984.00
145764|6|984.00
396443|3|984.00
153651|6|984.00
88933|6|984.00
266541|6|984.00
148847|6|984.00
107166|6|984.00
84012|12|978.00
181213|3|978.00
112962|12|978.00
44183|6|978.00
184101|6|978.00
151215|3|975.00
366355|3|975.00
127212|3|975.00
38448|3|975.00
127379|3|972.00
137951|6|972.00
45211|3|969.00
141885|6|969.00
187142|3|969.00
509828|6|966.00
149885|6|966.00
255769|12|966.00
59803|30|966.00
120247|6|966.00
67785|6|965.46
272098|2|964.00
223490|3|963.00
95950|12|960.00
33986|6|960.00
276245|6|960.00
60510|6|960.00
375678|6|960.00
183102|6|960.00
66742|3|957.00
53136|3|957.00
80135|3|957.00
73871|24|954.66
81396|6|954.00
101929|6|954.00
418633|6|954.00
83270|3|954.00
345372|6|954.00
428971|15|951.69
55253|3|951.00
127123|3|951.00
154845|3|951.00
70433|3|951.00
127131|3|951.00
70243|3|951.00
74044|3|948.00
180493|6|948.00
471067|3|948.00
53365|3|948.00
85907|3|948.00
249944|12|948.00
86408|6|948.00
185918|12|948.00
54985|3|945.00
204431|3|945.00
66019|3|945.00
346949|3|945.00
158584|3|945.00
66504|3|945.00
46220|3|945.00
109174|6|942.00
399905|3|942.00
157689|3|942.00
122087|3|942.00
91834|3|942.00
70318|3|942.00
138546|3|942.00
125912|3|942.00
333954|3|942.00
134897|12|942.00
143805|3|942.00
441849|3|942.00
59722|3|942.00
121333|3|942.00
46417|3|942.00
87291|3|942.00
54263|3|942.00
142217|3|942.00
164067|3|942.00
187103|3|942.00
443076|3|942.00
192652|3|939.00
42077|3|939.00
276539|3|939.00
252961|3|939.00
125821|3|939.00
55850|3|939.00
121240|3|939.00
69207|3|939.00
41235|3|939.00
55882|3|939.00
191456|3|939.00
66006|3|939.00
60269|3|939.00
470478|3|939.00
454863|3|939.00
50004|3|939.00
499049|6|936.00
76204|3|936.00
177578|3|936.00
86142|6|936.00
476554|3|936.00
62350|3|936.00
67577|6|936.00
145946|3|936.00
137856|12|936.00
478240|3|936.00
60692|3|936.00
48293|3|936.00
313365|3|936.00
296486|3|936.00
119989|3|936.00
521027|6|936.00
141014|6|933.00
145017|6|930.00
443833|6|930.00
131201|3|930.00
167147|6|930.00
146914|6|930.00
290435|3|930.00
74818|3|930.00
451988|12|930.00
144617|6|930.00
167354|6|930.00
109147|6|930.00
146732|6|930.00
168764|6|930.00
46571|3|930.00
68340|6|930.00
305275|6|930.00
209431|4|928.00
216825|4|928.00
427456|4|928.00
119705|3|927.00
115302|9|927.00
215550|9|927.00
92107|9|927.00
96694|9|927.00
110197|9|927.00
81266|9|927.00
129887|14|924.42
195074|6|924.00
77273|18|924.00
374708|6|924.00
145103|6|924.00
311252|6|924.00
80310|6|924.00
123439|6|924.00
234109|6|924.00
176587|6|924.00
58263|6|924.00
190569|6|924.00
300715|6|924.00
119564|6|924.00
114392|6|924.00
123631|6|924.00
309215|6|924.00
81611|6|924.00
322629|3|924.00
87180|6|924.00
259397|6|924.00
31967|6|924.00
130850|6|924.00
252055|6|924.00
30810|6|924.00
93034|18|923.04
54841|9|921.00
146777|3|921.00
132721|3|921.00
48449|3|921.00
211799|4|920.00
119536|9|918.00
219033|3|918.00
99834|6|918.00
93423|6|918.00
144565|6|918.00
129025|6|918.00
122682|6|918.00
85896|6|918.00
68063|6|918.00
123303|12|918.00
491978|6|918.00
122001|9|918.00
90697|6|918.00
141894|6|918.00
67462|6|918.00
101189|9|918.00
163716|6|918.00
345471|3|918.00
95916|3|915.00
109476|6|912.00
366727|6|912.00
69606|6|912.00
133083|6|912.00
71873|6|912.00
500518|6|912.00
39021|3|912.00
111619|6|912.00
210541|6|912.00
162331|3|912.00
67325|6|912.00
497369|6|912.00
166400|6|912.00
195224|6|912.00
119190|12|912.00
93504|6|912.00
60054|6|912.00
97437|9|909.00
97191|9|909.00
231179|9|909.00
159114|3|908.55
186801|6|906.00
158831|6|906.00
114546|6|906.00
67519|6|906.00
128803|6|906.00
106618|6|906.00
111887|12|906.00
432868|3|906.00
164559|6|906.00
130707|3|906.00
175530|6|906.00
164133|6|906.00
105228|6|906.00
289021|12|906.00
68129|6|906.00
94097|6|906.00
131291|6|906.00
92430|6|906.00
447761|6|906.00
98135|6|906.00
88408|6|906.00
119097|6|906.00
421730|6|906.00
97042|6|906.00
106783|6|906.00
61285|6|906.00
478052|6|906.00
48568|3|903.00
141139|3|903.00
254517|3|903.00
92353|6|900.00
141746|6|900.00
114242|6|900.00
519456|6|900.00
190169|6|900.00
225271|3|900.00
157770|6|900.00
164843|9|900.00
81595|6|900.00
88545|6|900.00
150401|6|900.00
299286|6|900.00
289909|6|900.00
31043|6|900.00
96225|6|900.00
162207|12|900.00
132781|6|900.00
128889|6|900.00
133507|6|900.00
88622|9|900.00
180260|6|900.00
120677|12|900.00
135266|3|900.00
64647|6|900.00
167059|6|900.00
367241|9|900.00
68880|6|900.00
79740|9|900.00
143462|9|900.00
69098|6|900.00
153687|3|900.00
76972|12|900.00
131234|6|900.00
510495|6|900.00
105922|6|900.00
98731|6|900.00
238393|6|900.00
69126|6|900.00
186065|6|900.00
89272|9|900.00
182424|6|900.00
91889|6|900.00
135190|3|900.00
56209|6|900.00
79036|12|900.00
155161|6|900.00
112994|6|900.00
125445|3|900.00
188927|6|900.00
494619|6|900.00
47761|3|900.00
124000|9|900.00
230809|6|900.00
79805|6|900.00
138797|6|900.00
159178|12|898.44
203753|3|897.00
124262|3|897.00
119830|3|897.00
70008|3|897.00
75176|3|897.00
217720|3|897.00
426279|3|897.00
75046|3|897.00
116963|3|897.00
97030|3|897.00
60383|6|897.00
49654|3|897.00
142160|3|897.00
191033|3|897.00
487766|3|897.00
66163|3|897.00
117960|3|897.00
623098|6|895.68
177190|6|894.00
156145|6|894.00
277779|6|894.00
124373|6|894.00
74728|3|894.00
141085|3|894.00
358881|6|894.00
97157|6|894.00
78949|6|894.00
58089|3|894.00
153783|6|894.00
61711|6|894.00
126405|6|894.00
196152|6|894.00
178814|6|894.00
284218|6|894.00
137226|6|894.00
67912|6|894.00
67339|6|894.00
47346|3|894.00
332757|6|894.00
455318|6|894.00
411100|6|894.00
33509|6|894.00
123143|6|894.00
116969|6|894.00
373050|6|894.00
60949|6|894.00
80625|12|894.00
59086|3|894.00
286633|6|894.00
67197|6|894.00
133658|6|894.00
95982|6|894.00
63983|6|894.00
151597|6|894.00
78013|6|894.00
75191|6|894.00
376076|6|894.00
218559|6|894.00
85556|6|894.00
63984|6|894.00
123083|6|894.00
498938|6|894.00
64001|6|894.00
56800|6|894.00
518258|3|894.00
54737|3|894.00
198268|6|894.00
171949|6|894.00
87906|6|894.00
68539|6|894.00
174959|6|894.00
454878|6|894.00
63423|6|894.00
191483|6|894.00
134917|3|894.00
77456|6|894.00
512708|6|894.00
67736|6|894.00
109918|6|894.00
98086|6|894.00
154914|6|894.00
185614|6|894.00
197804|6|894.00
92297|6|894.00
121211|6|894.00
177129|6|894.00
111824|6|894.00
415785|6|894.00
80276|6|894.00
156631|6|894.00
291810|6|894.00
331980|6|894.00
125897|6|894.00
64362|6|894.00
201432|6|894.00
384036|12|894.00
111388|6|894.00
85779|6|894.00
156947|6|894.00
148531|6|894.00
152290|6|894.00
151709|6|894.00
188308|6|894.00
54575|3|894.00
106255|6|894.00
250500|6|894.00
67626|6|894.00
89630|6|894.00
60024|6|894.00
63961|6|894.00
200194|6|894.00
68207|6|894.00
257700|6|894.00
169598|6|894.00
188400|6|894.00
37104|6|894.00
253199|6|894.00
73921|6|894.00
150423|6|894.00
122200|6|894.00
89746|6|894.00
90283|6|894.00
155947|6|894.00
68326|6|894.00
122014|6|894.00
87148|6|894.00
121173|6|894.00
64419|6|894.00
188380|6|894.00
56799|3|894.00
80331|6|894.00
476717|3|894.00
103602|3|894.00
121213|6|893.70
622515|4|891.80
32224|3|891.00
49257|3|891.00
180139|3|891.00
116383|9|891.00
105796|9|891.00
103766|3|891.00
208293|3|891.00
522569|3|891.00
273017|3|891.00
45895|3|891.00
189049|9|891.00
141283|3|891.00
115258|9|891.00
482728|9|891.00
119776|3|891.00
53229|3|891.00
53371|3|891.00
88599|9|891.00
103258|9|891.00
130198|9|891.00
241787|9|891.00
165670|3|891.00
240243|9|891.00
118391|9|891.00
287690|9|891.00
75040|3|891.00
397227|9|891.00
84825|9|891.00
99505|3|891.00
90339|9|891.00
94778|9|891.00
56930|3|891.00
111084|3|891.00
112786|9|891.00
155352|3|891.00
151035|9|891.00
141411|3|891.00
289651|3|891.00
89528|9|891.00
65845|3|891.00
287534|2|890.00
34400|6|888.00
68818|6|888.00
58017|6|888.00
32054|6|888.00
350728|6|888.00
121074|6|888.00
183225|6|888.00
134868|3|888.00
108817|6|888.00
57444|6|888.00
118694|6|888.00
80149|6|888.00
198636|6|888.00
103160|6|888.00
113635|6|888.00
421943|6|888.00
136588|3|888.00
80830|6|888.00
266399|6|888.00
247273|3|888.00
158202|6|888.00
122328|6|888.00
140478|3|888.00
99914|3|888.00
30355|6|888.00
44864|3|888.00
196018|6|888.00
105965|6|888.00
180543|6|888.00
33374|6|888.00
463699|6|888.00
139333|3|888.00
148853|6|888.00
303773|6|888.00
72166|6|888.00
72491|6|888.00
34596|6|888.00
108311|6|888.00
151402|6|888.00
162985|6|888.00
111113|6|888.00
100863|6|888.00
84284|6|888.00
126114|6|888.00
137280|6|888.00
151093|6|888.00
90002|6|888.00
64740|3|888.00
156703|6|888.00
98205|6|888.00
185947|3|888.00
150477|6|888.00
236351|6|888.00
177319|6|888.00
74029|12|888.00
144089|6|888.00
128438|6|888.00
180922|6|888.00
84122|6|888.00
148805|6|888.00
83381|6|888.00
251139|6|888.00
69096|6|888.00
148818|6|888.00
63241|6|888.00
132931|6|888.00
70422|6|888.00
70869|3|888.00
80457|3|888.00
45348|3|888.00
193400|6|888.00
180613|6|888.00
272914|6|888.00
241613|6|888.00
322450|3|888.00
100499|6|888.00
119764|6|888.00
142361|3|888.00
521080|6|888.00
63167|6|888.00
36391|6|888.00
72163|12|888.00
182147|6|888.00
66446|6|888.00
94852|6|888.00
96714|6|888.00
108010|6|888.00
98718|6|888.00
498752|6|888.00
95178|6|888.00
228662|6|888.00
197734|3|888.00
86533|12|888.00
45316|3|888.00
155476|6|888.00
201265|6|888.00
61694|6|888.00
118958|6|888.00
163677|6|888.00
192269|6|888.00
151528|6|888.00
85760|6|888.00
220276|4|888.00
90990|6|888.00
157993|6|888.00
79966|6|888.00
240604|3|888.00
195708|6|888.00
63347|3|888.00
193000|6|888.00
139304|6|888.00
89239|6|888.00
65601|6|888.00
146550|6|888.00
89639|6|888.00
182163|3|888.00
34056|6|888.00
161598|6|888.00
127515|3|888.00
126989|3|888.00
132887|6|888.00
475188|6|888.00
91773|6|888.00
183075|6|888.00
74280|6|888.00
68028|6|888.00
246107|6|888.00
149225|6|888.00
379530|6|888.00
438577|6|888.00
72564|68|887.91
132167|3|885.00
38979|3|885.00
54256|3|885.00
140968|3|885.00
385258|6|882.00
94669|9|882.00
199606|6|882.00
97379|6|882.00
117600|9|882.00
104408|6|882.00
90640|6|882.00
216609|6|882.00
112502|12|882.00
122845|6|882.00
475192|9|882.00
344939|6|882.00
150172|6|882.00
137473|6|882.00
101011|9|882.00
159023|6|882.00
111518|9|882.00
363503|9|882.00
102543|9|882.00
512375|6|882.00
99226|12|882.00
104607|9|882.00
97033|3|881.97
81582|6|876.00
34478|18|876.00
143109|6|876.00
134536|3|876.00
208473|4|876.00
134168|9|873.00
162385|6|873.00
140828|12|870.00
186452|12|870.00
382900|3|870.00
59483|6|870.00
101171|6|870.00
116923|12|870.00
289371|3|870.00
185731|6|870.00
35121|6|870.00
244632|4|868.00
275169|4|868.00
66849|3|867.00
88732|6|864.84
123787|9|864.00
229559|9|864.00
204791|4|864.00
46745|3|864.00
55826|3|864.00
89488|9|864.00
113538|6|864.00
179168|3|864.00
259960|42|862.71
43724|3|861.00
54404|3|861.00
50988|3|861.00
130703|3|861.00
417582|3|861.00
216257|4|860.00
503678|4|860.00
121885|6|858.00
143475|6|858.00
320884|4|856.00
135519|5|855.00
55643|3|852.00
275351|6|852.00
60753|6|852.00
213739|4|852.00
217236|6|852.00
200732|4|852.00
59671|12|852.00
45470|3|849.00
267394|3|849.00
55766|3|849.00
8861|3|849.00
74958|3|849.00
82218|3|849.00
129332|3|849.00
75614|3|849.00
133733|3|849.00
49011|3|846.00
140963|3|846.00
118038|3|846.00
171953|6|846.00
51000|3|846.00
47333|3|846.00
121762|3|846.00
38959|3|846.00
140266|3|846.00
53011|3|846.00
119650|6|846.00
139332|3|846.00
55785|3|846.00
420961|3|846.00
343604|3|846.00
301259|3|846.00
303850|3|846.00
82359|3|846.00
362245|3|846.00
444287|3|846.00
61768|3|843.00
53397|3|843.00
198622|3|843.00
137250|3|843.00
457132|3|843.00
71906|3|843.00
396751|3|843.00
92917|3|843.00
130433|3|843.00
127842|3|843.00
63814|3|843.00
322443|3|843.00
155533|6|840.00
289403|3|840.00
46281|3|840.00
375495|4|840.00
113036|6|840.00
152298|3|840.00
62750|3|840.00
370472|6|840.00
52430|3|840.00
121578|3|840.00
45421|3|840.00
68003|3|840.00
464210|6|840.00
82767|3|840.00
55917|3|840.00
42963|3|840.00
119983|3|840.00
66304|3|840.00
147549|3|840.00
107854|6|840.00
124082|3|840.00
127183|3|840.00
44441|3|840.00
52870|3|837.00
78881|3|837.00
72709|3|837.00
52770|3|837.00
55264|3|837.00
65914|3|837.00
53776|3|837.00
53773|3|837.00
143024|3|837.00
73503|3|837.00
229461|3|837.00
137476|3|837.00
192613|3|837.00
209221|4|834.92
180450|6|834.00
57995|6|834.00
102119|6|834.00
395216|6|834.00
34757|6|834.00
54626|3|834.00
137307|3|834.00
307948|3|834.00
216194|12|834.00
140997|3|831.00
94760|12|829.14
60398|6|828.00
116515|6|828.00
102601|6|828.00
126472|9|828.00
250748|6|828.00
327146|6|828.00
510065|3|825.00
142861|6|822.00
107121|6|822.00
136696|6|822.00
191566|3|822.00
191731|6|822.00
92491|6|822.00
59026|6|822.00
120474|6|822.00
514210|6|822.00
140812|3|822.00
290387|12|822.00
95643|6|822.00
117566|6|822.00
115697|2|822.00
46539|3|822.00
66873|6|822.00
289875|6|822.00
184483|6|822.00
171755|6|822.00
192423|6|822.00
68734|6|822.00
233500|6|822.00
162804|6|822.00
274743|6|822.00
340190|6|822.00
139694|6|822.00
69521|6|822.00
106608|6|822.00
35293|6|822.00
216469|4|820.00
117995|9|819.00
96329|9|819.00
149593|6|816.00
73702|6|816.00
128204|6|816.00
53883|3|816.00
80452|6|816.00
332374|6|816.00
302706|6|816.00
132546|6|816.00
158079|6|816.00
77005|6|816.00
183208|6|816.00
89474|6|816.00
43262|3|816.00
160936|6|816.00
125048|3|816.00
307682|6|816.00
128546|3|813.00
33607|6|811.50
168102|6|810.00
108997|6|810.00
157924|3|810.00
111132|6|810.00
196384|6|810.00
47466|3|810.00
94392|6|810.00
153532|6|810.00
68963|6|810.00
95052|6|810.00
188067|6|810.00
259174|6|810.00
73991|6|810.00
68567|6|810.00
261517|12|810.00
143754|12|805.56
492837|18|804.48
123752|6|804.00
58494|6|804.00
113063|6|804.00
311404|6|804.00
154428|6|804.00
117631|6|804.00
128095|3|804.00
143892|3|804.00
64661|6|804.00
103735|6|804.00
111331|6|804.00
141647|6|804.00
156081|6|804.00
144351|6|804.00
58040|6|804.00
481215|6|804.00
76148|6|804.00
198674|6|804.00
99581|6|804.00
182206|6|804.00
164194|6|804.00
86390|12|804.00
101149|6|804.00
248120|6|804.00
181411|6|804.00
250298|8|804.00
104901|6|804.00
191169|6|804.00
250463|6|804.00
262087|6|804.00
155105|6|804.00
127216|3|804.00
161619|18|801.00
147294|3|801.00
139407|3|798.00
48026|3|798.00
180798|3|798.00
411214|6|798.00
33690|6|798.00
217031|6|798.00
64319|6|798.00
81770|6|798.00
69915|6|798.00
67525|6|798.00
57083|6|798.00
176425|6|798.00
154421|6|798.00
167135|6|798.00
74189|6|798.00
68154|6|798.00
78129|6|798.00
122095|3|798.00
69330|6|798.00
116835|3|798.00
509669|6|798.00
64340|6|798.00
240500|6|798.00
411976|6|798.00
193056|6|798.00
104723|6|798.00
67766|6|798.00
143926|6|798.00
79024|6|798.00
67328|6|798.00
189545|6|798.00
191177|6|798.00
44425|3|798.00
364116|6|798.00
122471|6|798.00
35070|6|798.00
156361|6|798.00
237817|6|798.00
507489|6|798.00
473049|6|798.00
33579|6|798.00
89771|6|798.00
151951|6|798.00
60211|6|798.00
324863|6|798.00
370700|6|798.00
400417|6|798.00
154676|6|798.00
80376|6|798.00
69115|6|798.00
90596|6|798.00
394161|6|798.00
145474|6|798.00
178212|6|798.00
190326|6|798.00
63967|6|798.00
153369|6|798.00
305812|6|798.00
150983|6|798.00
513780|6|798.00
55612|3|798.00
233439|6|798.00
68393|6|798.00
67259|6|798.00
100621|6|798.00
133711|6|798.00
118632|6|798.00
134150|3|798.00
392348|6|798.00
103834|6|798.00
141891|6|798.00
64214|6|798.00
124160|6|798.00
155542|6|798.00
198597|6|798.00
160687|3|798.00
67429|6|798.00
222677|6|798.00
187408|6|798.00
45099|3|798.00
219655|4|796.00
212387|4|796.00
216740|8|796.00
143745|12|795.60
329212|3|795.00
38140|3|795.00
55553|3|795.00
119878|3|795.00
45715|3|795.00
64841|3|795.00
205113|3|795.00
123905|3|795.00
192587|3|795.00
463258|3|795.00
130280|3|795.00
130936|3|795.00
344403|3|795.00
149645|3|795.00
71557|6|795.00
43636|3|795.00
65706|3|795.00
139442|3|795.00
83265|3|795.00
81683|3|795.00
55572|3|795.00
104856|6|792.00
287273|6|792.00
89883|6|792.00
175499|6|792.00
140024|6|792.00
130356|6|792.00
90900|6|792.00
140977|6|792.00
64022|6|792.00
141018|6|792.00
33450|6|792.00
118602|6|792.00
148958|6|792.00
31519|6|792.00
95676|6|792.00
100890|6|792.00
132698|6|792.00
161053|6|792.00
112804|6|792.00
112651|6|792.00
185001|6|792.00
59553|6|792.00
188021|6|792.00
167646|6|792.00
107348|6|792.00
177657|6|792.00
32651|6|792.00
149604|6|792.00
114409|6|792.00
516101|6|792.00
480841|6|792.00
61440|6|792.00
96477|6|792.00
122274|6|792.00
95219|6|792.00
79051|6|792.00
153010|6|792.00
195213|6|792.00
146500|6|792.00
46998|3|792.00
124595|3|792.00
150662|6|792.00
375980|6|792.00
64708|6|792.00
156025|6|792.00
166402|6|792.00
175614|6|792.00
198629|6|792.00
189286|6|792.00
191140|6|792.00
204160|6|792.00
67321|6|792.00
112386|6|792.00
67700|6|792.00
186408|6|792.00
81730|6|792.00
143111|6|792.00
119353|6|792.00
93447|3|792.00
65640|6|792.00
157024|6|792.00
426906|6|792.00
30465|6|792.00
217519|6|792.00
307738|6|792.00
124881|6|792.00
156693|6|792.00
146519|6|792.00
89942|6|792.00
169647|6|792.00
35297|6|792.00
131172|6|792.00
109821|6|792.00
218938|3|792.00
232388|6|792.00
301344|6|792.00
176187|6|792.00
75796|6|792.00
57259|6|792.00
242878|6|792.00
157275|6|792.00
64416|6|792.00
115852|6|792.00
68115|6|792.00
175610|6|792.00
57639|6|792.00
178258|6|792.00
69000|6|792.00
151849|6|792.00
177330|6|792.00
101807|6|792.00
183624|6|792.00
338025|4|792.00
389989|6|792.00
155934|6|792.00
70473|6|792.00
171850|6|792.00
135050|6|792.00
89775|6|792.00
330955|3|792.00
150743|6|792.00
183531|6|792.00
158001|6|792.00
69328|6|792.00
234228|6|792.00
67171|6|792.00
133785|3|792.00
82439|6|792.00
113045|6|792.00
133404|6|792.00
67266|6|792.00
81719|6|792.00
123507|6|792.00
34472|6|792.00
88856|6|792.00
159625|6|792.00
188601|6|792.00
89911|6|792.00
146704|6|792.00
122260|6|792.00
107043|6|792.00
100934|6|792.00
54847|6|792.00
170914|6|792.00
145239|3|792.00
184004|6|792.00
34610|6|792.00
179262|6|792.00
109962|6|792.00
181166|6|792.00
431073|6|792.00
88674|6|792.00
116674|6|792.00
158362|6|792.00
193033|3|792.00
290889|6|792.00
119920|6|792.00
123316|3|792.00
454377|6|792.00
130191|6|792.00
145951|6|792.00
67347|6|792.00
163869|6|792.00
73298|6|792.00
230430|12|792.00
178995|6|792.00
487071|6|792.00
31062|6|792.00
140317|6|792.00
141625|3|792.00
168077|6|792.00
87477|6|792.00
410338|3|792.00
254645|6|792.00
34007|6|792.00
174724|3|792.00
69960|6|792.00
81759|6|792.00
189391|6|792.00
468609|6|792.00
95293|6|792.00
180750|6|792.00
77679|6|792.00
109830|6|792.00
128919|6|792.00
180919|6|792.00
99575|6|792.00
156051|3|789.00
285420|3|789.00
60271|3|789.00
59984|3|789.00
73460|3|789.00
129287|3|789.00
122891|3|789.00
122996|3|789.00
145107|3|789.00
73951|3|789.00
63706|3|789.00
53539|3|789.00
95472|6|786.00
277943|6|786.00
458319|6|786.00
127678|3|786.00
104013|6|786.00
68504|6|786.00
183404|6|786.00
420986|6|786.00
66844|6|786.00
157608|6|786.00
66129|3|786.00
57182|3|786.00
146886|6|786.00
68926|6|786.00
307028|6|786.00
95058|6|786.00
439931|6|786.00
161514|6|786.00
56881|6|786.00
72727|6|786.00
103150|6|786.00
155470|3|786.00
188960|6|786.00
288025|6|786.00
65909|6|786.00
401395|6|786.00
114532|6|786.00
82696|6|786.00
59922|6|786.00
162532|6|786.00
142876|3|786.00
111968|6|786.00
47684|3|786.00
187117|6|786.00
492655|6|786.00
132028|6|786.00
130190|6|786.00
239142|3|786.00
97102|6|786.00
170135|6|786.00
143855|6|786.00
186999|6|786.00
226268|4|784.00
85074|6|783.00
99982|27|780.09
309646|3|780.00
127143|12|780.00
54324|3|780.00
479012|3|777.00
453142|9|776.70
164252|6|774.00
443799|9|774.00
416587|3|774.00
119509|6|774.00
79829|6|774.00
132095|6|774.00
91718|9|774.00
71953|6|771.00
1079408|2|770.00
513035|12|768.96
47626|3|768.00
152967|24|768.00
306409|12|768.00
100128|9|765.00
92163|9|765.00
303118|3|765.00
122277|9|765.00
141462|3|765.00
211346|6|765.00
110171|9|765.00
55408|3|765.00
172007|10|763.80
72870|30|762.00
250701|6|762.00
118765|3|762.00
80254|6|762.00
382928|3|762.00
254491|3|759.00
74100|3|759.00
271242|3|759.00
130383|3|759.00
69628|8|758.00
380420|9|756.00
52091|3|756.00
58341|12|756.00
218067|4|756.00
129263|3|756.00
194781|6|756.00
180667|9|756.00
453268|3|756.00
139323|6|756.00
48693|6|756.00
46608|3|756.00
279239|12|756.00
445072|9|756.00
83034|3|753.00
116720|6|750.00
89755|3|750.00
116372|6|750.00
128538|3|750.00
419497|3|750.00
68471|6|750.00
187651|6|750.00
266027|6|750.00
212119|4|748.00
65043|3|747.00
96951|3|747.00
380613|3|747.00
470888|9|747.00
64508|3|747.00
88069|9|747.00
75845|3|747.00
98823|3|747.00
136740|3|747.00
104896|9|747.00
49881|3|747.00
107771|9|747.00
301302|3|747.00
119450|9|747.00
75103|3|747.00
221821|3|747.00
146032|3|747.00
72757|3|747.00
55824|3|747.00
89816|9|747.00
48151|3|747.00
393172|9|747.00
46712|6|747.00
116846|3|747.00
44664|3|744.00
79998|3|744.00
76366|3|744.00
47780|3|744.00
238512|3|744.00
265700|3|744.00
53878|3|744.00
164433|6|744.00
112570|3|744.00
95007|3|744.00
366389|3|744.00
65216|3|744.00
49230|3|744.00
75682|3|744.00
131681|3|744.00
189703|3|741.00
56508|3|741.00
93968|3|741.00
199039|3|741.00
232213|3|741.00
131918|3|741.00
84070|3|741.00
352563|3|741.00
178580|3|741.00
211582|3|741.00
40336|3|741.00
300528|3|741.00
107017|3|741.00
465454|3|741.00
136592|3|741.00
204303|8|740.00
423719|9|738.00
64099|6|738.00
124744|9|738.00
128465|6|738.00
79992|9|738.00
334561|3|738.00
187605|9|738.00
87830|9|738.00
495283|6|738.00
319390|3|738.00
79321|9|738.00
106006|9|738.00
164052|9|738.00
62798|3|738.00
140366|3|738.00
88585|9|738.00
320151|6|738.00
106130|9|738.00
132406|9|738.00
107149|3|738.00
139157|3|738.00
513249|9|738.00
306805|27|738.00
31494|6|738.00
412995|4|736.00
52358|27|732.78
464818|12|732.00
91930|6|732.00
232031|4|732.00
136965|6|732.00
236419|12|732.00
303940|6|732.00
80935|6|732.00
69757|12|731.46
96817|12|729.90
672283|3|726.54
152111|12|726.00
171616|6|726.00
184701|6|726.00
59976|6|726.00
341700|6|726.00
126218|6|726.00
119765|6|726.00
147759|6|726.00
131316|6|726.00
112002|6|726.00
375961|6|726.00
208797|4|724.00
241019|4|724.00
479716|3|723.00
108802|6|720.00
197232|6|720.00
183430|6|720.00
67866|6|720.00
188365|6|720.00
164771|6|720.00
499458|6|720.00
33656|6|720.00
91847|6|720.00
130861|6|720.00
150299|6|720.00
127923|6|720.00
191638|6|720.00
215655|6|720.00
148876|6|720.00
267685|6|720.00
180143|6|720.00
123980|6|720.00
204695|6|720.00
84425|6|720.00
91158|6|720.00
151575|6|720.00
99674|6|720.00
237073|6|720.00
182226|12|720.00
372354|6|720.00
146651|6|720.00
188084|6|720.00
90224|6|720.00
69009|6|720.00
62516|6|720.00
62746|6|720.00
186792|6|720.00
285206|6|720.00
182840|3|720.00
60810|6|720.00
73452|3|717.00
522293|3|717.00
142442|3|715.32
466885|6|714.00
160435|30|714.00
151946|6|714.00
150798|6|714.00
307982|3|714.00
142817|6|714.00
88634|6|714.00
136316|3|714.00
83917|6|714.00
471973|6|714.00
157758|18|714.00
111055|6|714.00
75612|3|711.69
218933|3|711.00
187111|9|711.00
86068|9|710.10
459341|3|708.00
265870|6|708.00
230462|6|708.00
132018|3|708.00
94125|12|708.00
195647|12|708.00
127797|12|708.00
208406|18|708.00
93004|3|708.00
130021|6|708.00
134194|6|708.00
91064|6|708.00
58246|6|708.00
73112|3|708.00
289279|6|708.00
241899|6|708.00
132853|6|708.00
101105|6|708.00
130396|6|708.00
217002|3|707.13
53249|3|705.00
88344|3|705.00
276516|3|705.00
66595|3|705.00
56374|3|705.00
240789|6|702.00
134242|3|702.00
85485|6|702.00
217629|6|702.00
129430|3|702.00
147433|6|702.00
189769|6|702.00
136892|12|702.00
73050|6|702.00
309986|6|702.00
124433|6|702.00
155492|6|702.00
105928|6|702.00
93142|9|702.00
494589|6|702.00
156149|6|702.00
523071|6|702.00
464991|6|702.00
416760|6|702.00
301532|6|702.00
330411|6|702.00
178921|6|702.00
134885|6|702.00
154482|6|702.00
90133|6|702.00
121721|6|702.00
330115|3|702.00
332738|6|702.00
82484|6|702.00
164725|6|702.00
79729|6|702.00
357972|6|702.00
167750|6|702.00
122111|6|702.00
103230|6|702.00
149586|6|702.00
59721|6|702.00
155277|6|702.00
67191|6|702.00
56779|12|702.00
111441|6|702.00
178123|6|702.00
92206|6|702.00
189206|6|702.00
125256|3|699.00
82068|3|699.00
47819|3|699.00
142372|3|699.00
45701|6|699.00
58791|3|699.00
441476|3|699.00
66603|3|699.00
119841|3|699.00
84506|3|699.00
31503|12|698.64
125331|12|697.98
253829|6|696.96
153690|3|696.00
135847|6|696.00
43566|3|696.00
75797|6|696.00
68060|6|696.00
123441|6|696.00
119326|6|696.00
140709|3|696.00
116016|3|696.00
449903|6|696.00
131367|3|696.00
236186|6|696.00
67806|6|696.00
58405|6|696.00
66801|6|696.00
133270|3|696.00
355859|6|696.00
160677|6|696.00
112949|6|696.00
60128|6|696.00
80258|6|696.00
139270|6|696.00
325889|6|696.00
362329|6|696.00
86235|6|696.00
68867|6|696.00
190077|6|696.00
316128|6|696.00
293538|6|696.00
234684|6|696.00
74301|6|696.00
179966|6|696.00
61295|3|696.00
67670|6|696.00
61729|6|696.00
86676|6|696.00
517319|6|696.00
338320|6|696.00
164051|6|696.00
128250|18|696.00
154400|6|696.00
216634|3|696.00
44298|3|696.00
53954|3|696.00
335614|6|696.00
132653|6|696.00
364888|6|696.00
141727|3|696.00
476550|3|696.00
463800|3|696.00
138187|6|696.00
93507|6|696.00
206356|6|696.00
67656|6|696.00
172719|6|696.00
330993|6|696.00
110355|6|696.00
149344|6|696.00
132788|6|696.00
226574|6|696.00
90622|6|696.00
68731|6|696.00
180925|6|696.00
52026|3|696.00
142630|6|696.00
189581|6|696.00
197331|6|696.00
119224|6|696.00
62046|3|696.00
230847|6|696.00
223410|6|696.00
486243|3|696.00
404589|6|696.00
72103|6|696.00
68261|6|696.00
518544|6|696.00
76563|3|696.00
289320|6|696.00
154862|6|696.00
102594|6|696.00
243867|6|696.00
151919|6|696.00
370160|6|696.00
130318|6|696.00
69017|6|696.00
181862|3|696.00
153268|6|696.00
473002|6|696.00
352965|3|696.00
160514|6|696.00
75092|6|696.00
56245|3|696.00
68045|6|696.00
157448|6|696.00
207088|4|696.00
70140|6|696.00
67413|6|696.00
207394|6|696.00
123075|6|696.00
284935|6|696.00
399910|6|696.00
153607|6|696.00
69449|6|696.00
59690|3|696.00
146632|6|696.00
124146|6|696.00
304854|6|696.00
115061|6|696.00
90581|6|696.00
116626|6|696.00
115052|6|696.00
70102|6|696.00
165309|6|696.00
61726|6|696.00
95902|6|696.00
244958|6|696.00
68084|6|696.00
133150|6|696.00
139036|3|696.00
161224|6|696.00
189856|6|696.00
128700|6|696.00
119229|3|696.00
455102|6|696.00
71076|3|696.00
259987|6|696.00
75436|3|696.00
190902|3|696.00
67342|6|696.00
85744|6|696.00
83197|3|696.00
67395|6|696.00
186292|6|696.00
123861|6|696.00
178404|6|696.00
123223|3|696.00
76646|6|696.00
148899|6|696.00
158269|6|696.00
197971|6|696.00
140793|3|696.00
96646|6|696.00
107494|6|696.00
122709|3|696.00
68286|6|696.00
197275|6|696.00
253032|3|696.00
67900|3|696.00
67570|6|696.00
140002|3|696.00
91255|6|696.00
367769|6|696.00
198327|6|696.00
168810|6|696.00
399870|3|696.00
33632|6|696.00
333374|6|696.00
176006|6|696.00
385582|6|696.00
54587|3|693.00
69753|3|693.00
54860|3|693.00
153682|3|693.00
63240|3|693.00
517870|3|693.00
160329|3|693.00
133740|3|693.00
54465|3|693.00
87955|3|693.00
129157|3|693.00
50348|3|693.00
170178|3|693.00
51320|3|693.00
46350|3|693.00
133431|3|693.00
68712|3|693.00
71899|3|693.00
73817|3|693.00
66794|6|690.36
256379|6|690.00
100011|6|690.00
63486|6|690.00
192845|6|690.00
306509|6|690.00
181857|6|690.00
79891|6|690.00
197511|6|690.00
71621|6|690.00
156962|6|690.00
77952|3|690.00
138029|3|690.00
107202|6|690.00
347120|6|690.00
182780|6|690.00
72238|6|690.00
194583|3|690.00
392053|6|690.00
254498|6|690.00
199833|6|690.00
34669|6|690.00
51393|3|690.00
194275|6|690.00
60625|6|690.00
189334|3|690.00
143080|6|690.00
116631|6|690.00
157115|6|690.00
70021|6|690.00
87722|6|690.00
71938|6|690.00
69122|6|690.00
207332|6|690.00
188327|6|690.00
196338|6|690.00
94987|6|690.00
116266|6|690.00
185455|6|690.00
79277|3|690.00
125167|6|690.00
59003|6|690.00
129766|6|690.00
139187|6|690.00
375540|6|690.00
396238|6|690.00
100193|6|690.00
97431|6|690.00
140842|6|690.00
349257|6|690.00
31949|6|690.00
130558|6|690.00
86152|6|690.00
56088|3|690.00
108694|12|690.00
182126|6|690.00
158173|6|690.00
108954|6|690.00
477851|6|690.00
36476|6|690.00
122859|3|690.00
157456|6|690.00
100263|3|690.00
85832|6|690.00
131939|6|690.00
179583|6|690.00
161214|6|690.00
94006|6|690.00
519822|6|690.00
118592|6|690.00
163184|6|690.00
346180|6|690.00
129328|3|690.00
73269|6|690.00
63571|6|690.00
103078|6|690.00
152457|6|690.00
102471|6|690.00
160576|6|690.00
75231|6|690.00
87334|6|690.00
98884|6|690.00
95254|6|690.00
233769|6|690.00
179537|6|690.00
363550|6|690.00
33759|6|690.00
103736|6|690.00
246112|6|690.00
151686|6|690.00
162208|6|690.00
449885|6|690.00
41199|6|690.00
50803|3|690.00
178675|6|690.00
344914|6|690.00
69060|6|690.00
86316|6|690.00
72989|6|690.00
495076|6|690.00
68347|6|690.00
179840|6|690.00
55062|3|690.00
447960|3|690.00
43265|3|690.00
160980|6|690.00
60220|6|690.00
33710|6|690.00
330977|6|690.00
83867|6|690.00
113186|6|690.00
70314|24|686.40
54817|3|686.31
87146|6|684.00
147546|6|684.00
209427|4|684.00
483869|6|684.00
94880|6|684.00
109893|12|684.00
189091|6|684.00
77613|6|684.00
147738|6|684.00
180495|6|684.00
186059|6|681.00
118579|6|681.00
129956|6|678.00
76054|3|678.00
66617|3|675.00
249214|4|672.00
105690|3|672.00
103535|6|672.00
662510|3|672.00
135561|12|672.00
662192|3|666.72
157922|6|666.00
120158|6|666.00
313334|9|666.00
161198|6|666.00
353793|9|666.00
177847|9|666.00
190137|12|666.00
137706|3|666.00
157705|6|666.00
220115|4|664.00
215816|4|664.00
216593|4|664.00
76925|3|663.00
394333|3|663.00
423724|3|663.00
66632|6|663.00
80582|12|662.79
203918|6|660.00
95286|6|660.00
215612|4|660.00
203684|4|660.00
74862|3|660.00
98067|6|660.00
159169|6|660.00
389841|4|660.00
141658|18|659.64
934942|2|658.00
126823|3|657.00
74923|3|657.00
39940|3|657.00
58680|6|654.00
81703|12|654.00
488993|3|654.00
92902|6|654.00
207753|6|654.00
84686|3|654.00
188024|6|654.00
187008|6|654.00
184637|3|654.00
200422|4|652.00
356055|3|651.15
206885|3|651.00
132553|3|651.00
76010|3|651.00
43985|3|651.00
83313|3|648.00
327410|3|648.00
165018|6|648.00
167858|6|648.00
112984|48|648.00
156711|3|648.00
54794|3|648.00
138221|3|648.00
45628|3|648.00
132044|3|648.00
331931|3|648.00
75595|3|648.00
76747|3|648.00
126120|3|648.00
61288|3|648.00
65129|3|648.00
75550|3|648.00
117414|3|648.00
61904|3|648.00
157167|3|648.00
438230|3|648.00
32480|3|648.00
105771|9|648.00
122920|3|645.00
64245|3|645.00
53458|3|645.00
521323|3|645.00
241859|3|645.00
46404|3|645.00
73647|3|645.00
273101|3|645.00
147971|3|645.00
52029|3|645.00
53529|3|645.00
184529|3|645.00
114564|3|645.00
75032|3|645.00
49075|3|645.00
141553|3|645.00
139363|3|645.00
48756|3|645.00
49852|3|645.00
515475|3|645.00
97534|3|645.00
218426|16|644.00
82456|3|643.17
60709|3|642.00
75626|3|642.00
45414|3|642.00
117273|3|642.00
696495|3|642.00
207080|3|642.00
41457|3|642.00
65598|3|642.00
53016|3|642.00
357866|3|642.00
122416|6|642.00
134223|3|642.00
65862|3|642.00
65014|3|642.00
53536|3|642.00
145232|12|642.00
199370|3|642.00
485056|12|642.00
119679|3|642.00
221914|3|642.00
136754|6|642.00
73711|3|642.00
43069|3|642.00
118012|3|642.00
59760|3|642.00
56616|3|642.00
51043|3|639.00
139393|3|639.00
283450|3|639.00
72006|3|639.00
41208|3|639.00
243315|3|639.00
40343|3|639.00
62493|3|639.00
179655|3|639.00
297675|6|639.00
70496|9|639.00
158361|6|636.00
134926|6|636.00
444629|12|632.00
306429|9|630.00
133196|2|630.00
58184|6|630.00
95297|6|630.00
191816|6|630.00
58118|6|630.00
217171|6|630.00
75806|6|627.00
69029|6|624.00
157943|12|624.00
259581|6|624.00
72591|6|624.00
217662|3|624.00
131529|6|624.00
159442|12|624.00
102481|9|621.00
88371|9|621.00
484109|18|621.00
133838|9|621.00
129460|18|620.40
66751|3|618.00
60573|6|618.00
178934|6|618.00
233898|6|618.00
360638|18|618.00
190362|6|618.00
320519|6|618.00
121239|6|618.00
151532|6|618.00
266514|6|618.00
391537|6|618.00
88303|6|618.00
348238|6|618.00
172264|6|618.00
216678|6|618.00
105173|6|618.00
391638|6|618.00
161925|12|618.00
112911|6|618.00
107290|6|618.00
105392|6|618.00
192773|6|618.00
155663|6|618.00
345651|6|618.00
133032|6|618.00
131230|12|616.86
214934|4|616.00
64843|3|615.00
519038|3|615.00
116752|3|615.00
75506|12|612.00
77299|6|612.00
137062|6|612.00
173669|6|612.00
90161|6|612.00
182827|6|612.00
181909|6|612.00
396900|6|612.00
170129|6|612.00
56346|6|612.00
219928|6|612.00
113250|9|612.00
58093|6|612.00
60005|3|612.00
68401|6|612.00
160889|6|612.00
218818|6|612.00
121062|3|612.00
147904|6|612.00
146839|6|612.00
143116|3|612.00
60834|6|612.00
145139|6|612.00
96404|6|612.00
298933|6|611.10
356102|3|610.98
110360|3|609.00
39535|3|608.97
184025|6|606.00
192024|6|606.00
72837|6|606.00
166073|6|606.00
153840|6|606.00
79230|6|606.00
83653|6|606.00
84002|3|606.00
119377|6|606.00
191545|6|606.00
221023|6|606.00
108510|6|606.00
366079|6|606.00
127689|6|606.00
190390|6|606.00
94926|6|606.00
66511|6|606.00
476770|3|605.97
243459|4|604.00
81258|9|603.00
70831|3|603.00
110936|9|603.00
104938|9|603.00
125527|3|603.00
198189|3|603.00
312762|3|603.00
199981|3|603.00
102573|9|603.00
345108|3|603.00
56659|3|603.00
159985|3|603.00
122052|6|602.64
136438|6|600.84
124101|15|600.00
113763|6|600.00
160605|6|600.00
42794|3|600.00
62492|6|600.00
123427|6|600.00
158602|6|600.00
151972|6|600.00
125911|6|600.00
77088|3|600.00
89506|6|600.00
114453|6|600.00
228420|6|600.00
90050|6|600.00
67527|6|600.00
32209|6|600.00
151497|6|600.00
119843|6|600.00
506847|6|600.00
276955|3|600.00
73855|6|600.00
181349|6|600.00
495727|6|600.00
152332|3|600.00
353218|6|600.00
131324|6|600.00
68825|6|600.00
72683|6|600.00
135477|6|600.00
396017|6|600.00
58417|6|600.00
235836|3|600.00
113229|6|600.00
115952|6|600.00
182915|6|600.00
139709|6|600.00
142429|6|600.00
63584|6|600.00
442653|6|600.00
102828|12|600.00
83005|6|600.00
96606|12|600.00
107265|12|600.00
68342|6|600.00
150699|6|600.00
484213|18|600.00
49482|3|600.00
215716|6|600.00
163582|6|600.00
335210|6|600.00
89706|6|600.00
129196|6|600.00
188157|6|600.00
143686|6|600.00
141350|6|600.00
243734|6|600.00
126111|6|600.00
111900|12|600.00
382012|6|600.00
90982|6|600.00
109495|6|600.00
73074|6|600.00
319841|6|600.00
70616|3|600.00
228320|3|600.00
163574|6|600.00
166837|6|600.00
270483|6|600.00
81013|3|600.00
119238|3|597.00
118660|3|597.00
287333|3|597.00
385025|3|597.00
93795|3|597.00
55729|3|597.00
76375|3|597.00
274506|3|597.00
107751|3|597.00
142218|3|597.00
131649|3|597.00
52235|3|597.00
393202|3|597.00
467472|3|597.00
54739|3|597.00
455553|3|597.00
131161|3|597.00
131183|3|597.00
177558|3|597.00
136309|3|597.00
208977|4|596.00
6940|2|596.00
153017|9|594.00
494196|6|594.00
68546|6|594.00
137950|9|594.00
289177|6|594.00
137976|6|594.00
139514|3|594.00
155541|6|594.00
395681|6|594.00
161916|6|594.00
161621|6|594.00
180205|3|594.00
69599|6|594.00
220891|6|594.00
131954|6|594.00
102678|6|594.00
67739|6|594.00
95367|9|594.00
86468|6|594.00
466309|3|594.00
221850|6|594.00
128392|3|594.00
191547|6|594.00
184532|6|594.00
187434|3|594.00
318782|9|594.00
69360|6|594.00
168451|6|594.00
116493|6|594.00
80640|6|594.00
439202|3|594.00
186210|6|594.00
469924|6|594.00
117889|3|594.00
67188|6|594.00
76680|6|594.00
145183|6|594.00
95399|9|594.00
276125|6|594.00
291523|9|594.00
67200|6|594.00
161636|6|594.00
137862|9|594.00
170613|6|594.00
59772|6|594.00
153390|6|594.00
187041|6|594.00
273965|6|594.00
122707|9|594.00
48096|3|594.00
126849|6|594.00
189129|6|594.00
72746|6|594.00
64211|6|594.00
274084|6|594.00
129170|3|594.00
87804|6|594.00
171871|6|594.00
62875|6|594.00
168472|6|594.00
34648|6|594.00
69801|6|594.00
117405|6|594.00
500122|6|594.00
67450|6|594.00
494229|6|594.00
172781|6|594.00
65600|6|594.00
95310|6|594.00
33779|6|594.00
493715|6|594.00
198427|6|594.00
69111|6|594.00
195979|6|594.00
88158|12|594.00
53742|3|594.00
69301|6|594.00
148156|9|594.00
503808|6|594.00
163441|6|594.00
68387|6|594.00
60991|6|594.00
90249|9|594.00
69432|6|594.00
67937|3|594.00
132808|6|594.00
145141|6|594.00
336562|3|594.00
208237|6|594.00
45786|3|594.00
370288|6|594.00
110063|6|594.00
57108|6|594.00
33954|6|594.00
171643|6|594.00
61766|6|594.00
279364|6|594.00
93301|9|594.00
276520|6|594.00
68108|3|594.00
142482|6|594.00
84128|3|594.00
192894|6|594.00
111335|6|594.00
96919|9|594.00
72483|6|594.00
92416|9|594.00
79614|6|594.00
98242|9|594.00
59852|6|594.00
100183|6|594.00
90985|6|594.00
226584|6|594.00
79174|6|594.00
141946|6|594.00
329793|6|594.00
181097|6|594.00
53832|3|594.00
190906|6|594.00
112541|6|594.00
165184|3|594.00
90284|9|594.00
70796|3|594.00
65381|3|594.00
145820|6|594.00
109152|6|594.00
332445|6|594.00
69089|6|594.00
135271|6|594.00
105275|6|594.00
157475|6|594.00
198473|6|594.00
72997|6|594.00
143897|6|594.00
92245|6|594.00
111880|6|594.00
86873|6|594.00
72883|6|594.00
198359|6|594.00
385128|3|594.00
177905|6|594.00
238977|3|594.00
64600|6|594.00
73251|6|594.00
374428|3|594.00
108967|6|594.00
120611|9|594.00
182138|6|594.00
143043|6|594.00
221220|3|594.00
84011|6|594.00
109735|6|594.00
374845|6|594.00
94934|9|594.00
167463|6|594.00
196423|6|594.00
67666|6|594.00
114645|6|594.00
207283|6|594.00
491592|6|594.00
81971|6|594.00
387829|6|594.00
67575|6|594.00
72264|3|594.00
446151|12|594.00
159170|6|594.00
101059|6|594.00
379086|6|594.00
140919|3|594.00
274902|6|594.00
184175|6|594.00
141626|9|594.00
338365|6|594.00
136415|9|594.00
64218|3|594.00
97132|9|594.00
108499|6|594.00
58342|6|594.00
362450|3|594.00
110267|6|594.00
191342|6|594.00
188884|6|594.00
77586|6|594.00
153545|6|594.00
140231|3|594.00
94884|6|594.00
142951|6|594.00
325028|3|594.00
135854|9|594.00
416187|6|594.00
101145|6|594.00
93006|3|594.00
102932|6|594.00
178055|12|594.00
58324|6|594.00
70018|6|594.00
157266|6|594.00
199300|6|593.22
69146|6|592.98
210514|4|592.00
53336|3|591.00
66421|3|591.00
187853|3|591.00
145105|3|591.00
49166|3|591.00
76881|3|591.00
54791|3|591.00
75441|3|591.00
122582|3|591.00
140669|3|591.00
137883|3|591.00
174433|3|591.00
53571|3|591.00
44104|3|591.00
149111|6|588.00
371440|6|588.00
228761|6|588.00
179884|6|588.00
68288|6|588.00
109591|6|588.00
285468|6|588.00
139479|6|588.00
40473|3|588.00
105502|6|588.00
72911|6|588.00
147454|6|588.00
373126|6|588.00
145287|6|588.00
71608|12|588.00
461449|6|588.00
67563|6|588.00
252965|3|588.00
493153|6|588.00
156922|6|588.00
212580|6|588.00
151684|6|588.00
33536|6|588.00
111423|6|588.00
180627|6|588.00
311063|12|588.00
132522|6|588.00
311887|6|588.00
57908|6|588.00
185815|6|588.00
102487|9|585.00
106674|9|585.00
129543|3|585.00
104360|9|585.00
97333|9|585.00
123159|9|584.37
395950|4|584.00
106263|6|582.00
115342|6|582.00
178472|6|582.00
120317|6|582.00
144175|3|582.00
153611|18|582.00
647616|4|580.00
506354|24|579.36
143744|6|579.00
400944|3|579.00
132997|9|576.81
134636|6|576.00
92760|9|576.00
225615|9|575.73
649140|3|575.10
53118|3|573.00
140130|3|573.00
203225|3|573.00
45015|3|573.00
41904|3|573.00
699177|2|570.88
50189|3|570.00
81982|12|570.00
217511|6|570.00
142670|6|570.00
270331|3|567.00
155766|18|566.28
155473|6|564.00
147320|6|564.00
46171|3|564.00
438511|6|564.00
156969|3|561.00
53727|3|561.00
386796|3|561.00
164332|6|558.00
57154|6|558.00
217388|6|558.00
65121|3|558.00
412891|12|558.00
411026|6|558.00
130705|9|558.00
133533|36|558.00
250985|10|557.10
420553|2|556.00
427104|3|555.00
43104|3|555.00
660826|4|553.94
101243|3|552.00
44545|3|552.00
40385|3|552.00
84636|3|552.00
49609|3|552.00
64275|3|552.00
95890|6|552.00
453763|3|552.00
67335|8|552.00
202270|6|552.00
59408|3|552.00
144769|3|552.00
496533|3|549.00
393616|6|549.00
272848|3|549.00
53542|3|549.00
121123|3|549.00
134042|3|549.00
64628|3|549.00
79301|3|549.00
45261|3|549.00
230813|3|549.00
95068|3|549.00
353110|9|549.00
139066|3|549.00
114382|3|549.00
51775|3|549.00
120339|3|549.00
119682|3|549.00
118081|3|549.00
52252|3|546.00
53728|3|546.00
79693|3|546.00
147532|3|546.00
146421|3|546.00
121901|3|546.00
139182|3|546.00
50193|3|546.00
44412|3|546.00
53098|3|546.00
129046|3|546.00
69084|3|546.00
125532|6|546.00
66424|3|546.00
480809|3|546.00
58441|3|546.00
98697|6|546.00
133547|3|546.00
139595|3|546.00
127092|3|546.00
63496|3|546.00
48635|3|546.00
50005|3|546.00
52406|3|546.00
55265|3|546.00
53253|3|546.00
273255|3|546.00
365221|6|546.00
45932|3|546.00
110497|3|546.00
48296|3|546.00
53013|3|546.00
112961|12|544.83
217708|4|544.00
452159|4|544.00
440076|3|543.00
208944|3|543.00
176185|3|543.00
135806|3|543.00
127953|3|543.00
276386|3|543.00
41480|3|543.00
52395|3|543.00
42772|3|543.00
237461|3|543.00
201109|3|543.00
75517|3|543.00
51243|3|543.00
70913|3|543.00
273178|3|540.00
181809|3|540.00
224439|3|540.00
49517|3|540.00
265751|6|540.00
130164|3|540.00
195728|6|540.00
202396|3|540.00
42486|3|540.00
63847|3|540.00
685819|2|540.00
58225|6|540.00
119076|6|540.00
72108|6|540.00
185235|3|537.00
544994|2|536.00
122402|3|534.00
164551|6|534.00
39006|3|534.00
195071|6|534.00
117309|6|534.00
102802|3|534.00
221768|4|532.00
355868|4|532.00
125688|27|531.00
656038|6|528.48
184662|6|528.00
641453|4|528.00
126302|3|528.00
153516|6|528.00
357771|6|528.00
212063|4|528.00
87412|6|528.00
134619|6|528.00
290712|12|528.00
250984|2|526.00
55604|6|525.00
54411|3|525.00
229256|3|524.91
408120|12|524.40
659252|8|523.48
237981|6|523.02
131989|3|522.00
158314|6|522.00
458753|6|522.00
361472|18|522.00
344500|6|522.00
256959|6|522.00
100014|9|522.00
305398|6|522.00
78036|6|516.00
76146|6|516.00
154944|6|516.00
136664|6|516.00
152168|6|516.00
234337|6|516.00
166474|6|516.00
332061|6|516.00
205277|3|516.00
54515|6|516.00
340063|6|516.00
95838|6|516.00
300099|6|516.00
146544|6|516.00
199722|6|516.00
338119|6|516.00
190361|6|516.00
180177|6|516.00
273194|12|516.00
99241|6|516.00
149748|18|516.00
88836|6|516.00
102152|6|516.00
172944|6|516.00
334164|6|516.00
468909|6|516.00
441135|3|516.00
72148|6|516.00
55641|12|516.00
143009|6|516.00
91178|6|516.00
501156|6|516.00
186810|6|516.00
187178|3|515.34
633307|2|515.28
85680|3|513.00
302734|3|513.00
100037|6|513.00
123345|3|513.00
88355|3|513.00
47291|3|513.00
699136|3|511.98
83460|6|510.00
84617|6|510.00
485970|6|510.00
132525|3|510.00
129820|6|510.00
486300|6|510.00
110048|6|510.00
101525|6|510.00
153456|6|510.00
95499|6|510.00
340510|6|510.00
466553|6|510.00
360982|6|510.00
151106|6|510.00
180500|6|510.00
203022|6|510.00
131999|6|510.00
360924|6|510.00
135737|6|510.00
90851|6|510.00
108801|6|510.00
163236|6|510.00
127850|3|510.00
131551|6|510.00
89451|6|510.00
1021100|4|508.00
443266|3|507.00
153683|6|504.72
119893|6|504.00
78921|6|504.00
193401|6|504.00
132083|6|504.00
126268|6|504.00
107925|6|504.00
109196|12|504.00
173453|6|504.00
68445|6|504.00
148487|6|504.00
171073|6|504.00
413447|3|504.00
181194|6|504.00
293471|6|504.00
105484|12|504.00
57558|6|504.00
243418|6|504.00
58435|6|504.00
58849|6|504.00
129985|6|504.00
132758|3|504.00
184276|6|504.00
99543|6|504.00
203390|6|504.00
57333|6|504.00
59669|6|504.00
101854|6|504.00
79438|6|504.00
135112|3|504.00
164516|6|504.00
294820|6|504.00
111468|6|504.00
110103|6|503.70
164817|6|501.24
344282|3|501.00
127755|3|501.00
46111|3|501.00
128391|6|501.00
139934|3|501.00
221117|4|500.00
148728|6|499.14
63678|3|498.00
168614|6|498.00
89390|6|498.00
72011|6|498.00
326866|6|498.00
110738|6|498.00
201591|6|498.00
68061|6|498.00
69260|6|498.00
105045|18|498.00
112998|6|498.00
123613|6|498.00
151683|6|498.00
70961|3|498.00
70415|6|498.00
120285|6|498.00
68398|6|498.00
106062|6|498.00
80395|6|498.00
32684|6|498.00
338295|3|498.00
108677|6|498.00
142095|6|498.00
461523|6|498.00
35093|6|498.00
304511|6|498.00
145669|6|498.00
68957|6|498.00
285762|3|498.00
130838|3|498.00
166379|6|498.00
121756|3|498.00
60285|6|498.00
191472|6|498.00
140816|3|498.00
142793|3|498.00
89715|6|498.00
118534|6|498.00
198673|6|498.00
132893|6|498.00
187386|6|498.00
282946|6|498.00
178791|6|498.00
123943|6|498.00
64078|6|498.00
73484|6|498.00
124371|6|498.00
245462|6|498.00
187514|6|498.00
69460|6|498.00
83660|6|498.00
465650|6|498.00
443251|6|498.00
190259|6|498.00
132309|6|498.00
135876|6|498.00
276822|6|498.00
353547|6|498.00
133512|6|498.00
184505|6|498.00
90130|6|498.00
146999|6|498.00
105633|6|498.00
109207|6|498.00
509318|6|498.00
56818|6|498.00
33603|6|498.00
68516|6|498.00
96281|6|498.00
185481|6|498.00
506685|6|498.00
507671|6|498.00
404146|6|498.00
213248|6|498.00
274664|6|498.00
270303|6|498.00
93832|6|498.00
41713|3|498.00
407811|6|498.00
104282|6|498.00
284615|6|498.00
145488|6|498.00
78653|6|498.00
135748|3|498.00
61794|6|498.00
197517|6|498.00
92551|6|498.00
98572|6|498.00
68522|6|498.00
131167|3|498.00
48991|3|498.00
94601|6|498.00
165694|6|498.00
403013|6|498.00
146404|3|498.00
108516|6|498.00
80887|6|498.00
158776|6|498.00
66503|6|498.00
143861|6|498.00
356281|3|498.00
504776|6|498.00
176347|6|498.00
144553|6|498.00
135241|6|498.00
63688|6|498.00
237651|6|498.00
78092|6|498.00
341484|6|498.00
143614|6|498.00
128068|6|498.00
69937|6|498.00
200027|6|498.00
52847|3|498.00
468389|6|498.00
109309|6|498.00
143095|6|498.00
44920|3|498.00
151306|6|498.00
42381|3|498.00
150243|6|498.00
641623|3|496.17
180526|3|495.00
144759|3|495.00
175214|3|495.00
41876|3|495.00
126998|3|495.00
123773|3|495.00
130980|3|495.00
265038|3|495.00
55753|3|495.00
53337|3|495.00
96064|3|495.00
128742|3|495.00
53655|3|495.00
76865|3|495.00
122382|3|495.00
371384|3|495.00
141572|3|495.00
148075|3|495.00
197236|3|495.00
140369|3|495.00
93471|3|495.00
53344|3|495.00
131522|3|495.00
275509|3|495.00
404257|3|495.00
59303|3|495.00
76095|3|495.00
644370|6|494.07
229121|9|493.65
464224|4|493.52
68353|6|492.00
80239|6|492.00
68519|6|492.00
127739|6|492.00
301808|6|492.00
67500|6|492.00
334838|6|492.00
70168|6|492.00
179443|3|492.00
216811|6|492.00
203311|6|492.00
89785|6|492.00
194293|6|492.00
394635|3|492.00
114944|6|492.00
107909|6|492.00
121270|3|492.00
243116|6|492.00
54202|3|492.00
165538|6|492.00
182130|6|492.00
98533|6|492.00
109889|6|492.00
306628|6|492.00
126142|6|492.00
161390|6|492.00
63766|6|492.00
93543|6|492.00
147737|6|492.00
443294|6|492.00
81373|6|492.00
145347|6|492.00
132610|6|492.00
250004|6|492.00
94985|6|492.00
110246|6|492.00
118560|6|492.00
30227|6|492.00
482387|3|492.00
108971|6|492.00
158192|6|492.00
327902|6|492.00
110614|6|492.00
511045|6|492.00
56831|6|492.00
151529|6|492.00
80599|6|492.00
97851|6|492.00
473538|3|492.00
126834|6|492.00
48640|3|492.00
180972|6|492.00
50039|3|492.00
143119|6|492.00
192860|6|492.00
86066|6|492.00
39758|3|492.00
71862|6|492.00
170471|6|492.00
155308|6|492.00
90386|6|492.00
179869|6|492.00
121639|6|492.00
98273|6|492.00
87544|6|492.00
175413|6|492.00
250119|12|492.00
117155|6|492.00
298709|6|492.00
128549|6|492.00
95810|6|492.00
52745|3|492.00
68062|6|492.00
352345|12|492.00
33538|6|492.00
42004|3|492.00
67082|6|492.00
119029|6|492.00
105773|6|492.00
251748|6|492.00
34500|6|492.00
166536|6|492.00
57478|3|492.00
96806|6|492.00
70702|6|492.00
159168|6|492.00
522295|6|492.00
86376|3|492.00
105917|6|492.00
198376|6|492.00
40382|3|492.00
145483|6|492.00
74730|3|492.00
157281|6|492.00
126206|6|492.00
71985|6|492.00
383987|3|492.00
1180031|2|490.00
132800|3|486.00
120979|6|486.00
74688|12|485.34
137803|3|483.00
186064|12|480.00
125587|12|480.00
171427|6|480.00
118103|6|480.00
305407|3|480.00
118539|9|477.00
61795|3|474.00
141560|6|474.00
451542|3|474.00
402481|6|474.00
404781|12|469.98
214036|9|468.00
243123|12|468.00
204678|4|468.00
152975|6|468.00
42920|3|468.00
291140|9|468.00
86581|9|468.00
170426|3|468.00
174699|6|468.00
93525|6|468.00
83501|3|465.00
84230|3|465.00
356101|3|464.52
356058|3|463.80
148079|6|462.00
186974|3|462.00
74859|3|462.00
140957|3|462.00
91939|6|462.00
411101|4|460.00
96113|12|459.78
91400|9|459.00
91137|3|459.00
406914|3|459.00
126491|9|459.00
323301|9|459.00
408216|9|459.00
141963|3|459.00
447293|3|459.00
39194|3|456.00
118761|3|456.00
129755|6|456.00
64420|6|456.00
56683|6|456.00
92513|6|456.00
256019|12|455.58
135396|12|454.14
141310|3|453.00
231326|3|453.00
62014|3|453.00
235736|30|451.98
97606|72|451.62
328651|9|450.00
106384|9|450.00
135260|3|450.00
48262|3|450.00
124180|9|450.00
134409|9|450.00
396278|9|450.00
237083|3|450.00
46056|3|450.00
262026|3|450.00
325926|3|450.00
72197|3|450.00
40781|3|450.00
103565|9|450.00
106791|9|450.00
501155|12|450.00
76233|9|450.00
517473|3|450.00
140161|3|450.00
198656|9|450.00
111967|9|450.00
54003|3|450.00
52376|3|450.00
97009|6|450.00
110005|9|450.00
61608|3|447.00
489325|3|447.00
153347|3|447.00
135593|3|447.00
209404|3|447.00
121542|3|447.00
209997|3|447.00
225509|3|447.00
56098|3|447.00
143253|3|447.00
404438|3|447.00
53928|3|447.00
46490|3|447.00
285431|3|447.00
138899|3|447.00
387098|3|447.00
73426|3|447.00
137748|3|447.00
41453|3|447.00
133811|12|447.00
38293|3|444.00
205136|3|444.00
65370|3|444.00
227201|4|444.00
46122|3|444.00
151887|3|444.00
343572|3|444.00
49898|3|444.00
91226|6|444.00
110257|3|444.00
72347|3|444.00
72994|3|444.00
75173|3|444.00
93704|3|444.00
109838|3|444.00
132669|3|444.00
47225|3|444.00
142479|12|444.00
42752|3|444.00
141231|3|444.00
183875|3|444.00
45306|3|444.00
351868|3|444.00
50139|3|444.00
201125|3|444.00
119032|3|444.00
66303|3|444.00
145771|3|444.00
256406|3|444.00
208979|6|444.00
71924|3|444.00
124603|9|441.00
117397|9|441.00
316313|9|441.00
75905|9|441.00
142319|9|441.00
190896|9|441.00
53227|3|441.00
85861|9|441.00
101570|9|441.00
199571|9|441.00
63846|3|441.00
97109|9|441.00
64480|12|438.00
133917|6|438.00
460179|3|438.00
274126|12|438.00
59945|6|438.00
238232|6|438.00
192232|6|438.00
107811|54|437.88
414439|4|436.00
511796|12|435.96
246359|3|435.00
128550|9|435.00
205245|9|432.00
97665|36|432.00
118291|9|432.00
201209|4|432.00
111648|6|432.00
98305|6|432.00
441013|3|432.00
146861|6|432.00
80767|3|432.00
603213|2|429.32
135092|18|426.60
100190|6|426.00
273324|12|426.00
338893|6|426.00
110949|6|426.00
221210|6|426.00
441723|6|424.56
92003|9|423.00
53554|6|420.57
150348|12|420.00
106735|6|420.00
191752|6|420.00
112209|6|420.00
94751|6|420.00
84269|6|420.00
232921|6|420.00
194221|6|420.00
148397|6|420.00
129835|6|420.00
56063|12|418.44
55843|6|417.00
47518|3|417.00
400945|9|415.47
92480|6|414.00
189244|6|414.00
253887|6|414.00
33079|6|414.00
168543|6|414.00
57689|6|414.00
102544|6|414.00
195421|6|414.00
80901|6|414.00
70504|6|414.00
148324|6|414.00
78433|6|414.00
105741|6|414.00
34584|6|414.00
92050|6|414.00
330726|6|414.00
114834|6|414.00
68407|6|414.00
100570|18|414.00
447155|6|414.00
89665|6|414.00
346058|6|414.00
67318|3|411.00
514575|3|411.00
64102|6|411.00
498700|3|411.00
161799|3|411.00
140346|3|411.00
459325|3|411.00
62665|3|411.00
481469|3|411.00
140194|3|411.00
86605|3|411.00
190337|6|409.38
710275|3|408.87
422150|6|408.00
160312|6|408.00
72949|6|408.00
166434|6|408.00
182404|6|408.00
164391|6|408.00
67702|6|408.00
304476|6|408.00
151096|12|408.00
76807|6|408.00
119283|6|408.00
76920|6|408.00
137397|6|408.00
117233|6|408.00
77880|24|408.00
83384|3|408.00
179251|6|408.00
218370|6|408.00
93028|6|408.00
78035|6|408.00
175470|6|408.00
82963|6|408.00
121803|6|408.00
97618|6|408.00
121115|6|408.00
77731|6|408.00
59131|6|408.00
85720|6|408.00
69701|18|407.40
383174|3|405.00
124726|9|405.00
125917|4|404.92
82994|6|402.00
65554|6|402.00
158329|6|402.00
163352|3|402.00
241111|6|402.00
90775|6|402.00
117342|6|402.00
32312|6|402.00
183127|6|402.00
142516|6|402.00
167077|3|402.00
69106|6|402.00
353929|6|402.00
71000|6|402.00
480766|6|402.00
185914|6|402.00
76982|6|402.00
67199|6|402.00
70347|6|402.00
106652|6|402.00
490773|3|402.00
236966|6|402.00
239329|6|402.00
261718|6|402.00
132782|6|402.00
237826|6|402.00
178351|6|402.00
363656|6|402.00
64469|6|402.00
179614|6|402.00
157248|6|402.00
190581|6|402.00
124409|6|402.00
109566|6|402.00
132369|6|402.00
164948|6|402.00
144889|6|402.00
397076|3|402.00
133411|6|402.00
162210|6|402.00
231766|3|402.00
68894|6|402.00
66285|6|402.00
174996|6|402.00
120546|6|402.00
140538|2|402.00
93182|6|402.00
75027|12|402.00
74732|8|400.00
75081|3|399.00
63138|3|399.00
226345|3|399.00
450108|3|399.00
231804|3|399.00
47214|3|399.00
94039|3|399.00
53175|3|399.00
48347|3|399.00
126409|6|396.96
178729|6|396.00
102561|6|396.00
120549|6|396.00
107893|6|396.00
82476|6|396.00
63045|6|396.00
216804|6|396.00
175967|6|396.00
143821|6|396.00
105576|6|396.00
186889|6|396.00
135337|6|396.00
53839|3|396.00
63715|6|396.00
518479|6|396.00
191283|3|396.00
150025|12|396.00
378941|6|396.00
71603|6|396.00
156290|6|396.00
175659|6|396.00
421243|6|396.00
130127|3|396.00
474169|3|396.00
64731|6|396.00
142762|6|396.00
68394|6|396.00
67346|6|396.00
146932|6|396.00
78771|6|396.00
140523|6|396.00
351618|6|396.00
90423|6|396.00
184329|3|396.00
173363|6|396.00
352971|6|396.00
75452|3|396.00
59744|6|396.00
69285|6|396.00
190148|6|396.00
187478|6|396.00
519906|4|396.00
31249|6|396.00
216011|3|396.00
179928|6|396.00
63803|3|396.00
166460|6|396.00
111266|6|396.00
71470|6|396.00
67655|6|396.00
68329|6|396.00
310326|6|396.00
144217|6|396.00
132450|6|396.00
219969|6|396.00
506108|6|396.00
318224|6|396.00
58116|6|396.00
293045|3|396.00
62738|6|396.00
190492|6|396.00
61888|6|396.00
52776|3|396.00
218729|6|396.00
116532|6|396.00
118522|6|396.00
348515|6|396.00
428592|6|396.00
252419|6|396.00
490706|6|396.00
70644|6|396.00
203230|6|396.00
33573|6|396.00
144021|6|396.00
181573|6|396.00
464907|6|396.00
68375|6|396.00
87103|6|396.00
137679|6|396.00
376664|6|396.00
70098|6|396.00
79964|6|396.00
113289|6|396.00
170952|6|396.00
487448|6|396.00
135221|6|396.00
186619|6|396.00
80559|6|396.00
146069|6|396.00
67094|6|396.00
61859|6|396.00
71939|6|396.00
110105|6|396.00
207746|4|396.00
168635|6|396.00
95332|6|396.00
137598|6|396.00
132449|6|396.00
155774|6|396.00
91692|9|396.00
119300|3|396.00
224150|6|396.00
160997|6|396.00
194240|6|396.00
260172|6|396.00
308799|6|396.00
34319|6|396.00
433161|6|396.00
30818|6|396.00
57712|6|396.00
190389|6|396.00
165490|6|396.00
96961|9|396.00
162175|6|396.00
147085|3|396.00
107802|6|396.00
92129|6|396.00
76384|6|396.00
399370|6|396.00
219835|6|396.00
69077|6|396.00
89527|6|396.00
111889|6|396.00
121080|3|396.00
99377|6|396.00
102208|3|396.00
500647|6|396.00
186928|6|396.00
144646|6|396.00
67769|6|396.00
116473|6|396.00
299051|6|396.00
69724|6|396.00
126377|6|396.00
311436|6|396.00
164486|6|396.00
161791|6|396.00
229545|6|396.00
99822|6|396.00
148540|6|396.00
111775|6|396.00
226267|6|396.00
117976|6|396.00
141047|6|396.00
158949|6|396.00
183356|3|396.00
31466|6|396.00
69346|6|396.00
90403|6|396.00
30922|6|396.00
109521|6|396.00
232381|6|396.00
84497|6|396.00
86515|6|396.00
190703|6|396.00
171602|6|396.00
104421|6|396.00
76166|6|396.00
59039|3|393.00
128420|3|393.00
109347|3|393.00
209108|3|393.00
141415|3|393.00
129536|3|393.00
8087|3|393.00
140295|6|393.00
66683|3|393.00
78075|6|390.00
169872|6|390.00
94640|6|390.00
222380|6|390.00
155577|6|390.00
261537|6|390.00
78430|6|390.00
199447|6|390.00
449065|6|390.00
430194|6|390.00
57181|12|390.00
105874|6|390.00
151515|6|390.00
218580|6|390.00
194353|6|390.00
75884|6|390.00
132235|6|390.00
113745|6|390.00
407077|6|390.00
214136|6|390.00
57824|6|390.00
118729|6|390.00
106464|6|390.00
193856|12|387.78
159171|9|387.00
264063|9|387.00
130643|9|387.00
192805|12|384.00
264988|12|384.00
154755|6|384.00
187295|6|384.00
105108|9|383.40
180062|6|381.00
219554|6|378.00
501310|12|378.00
66965|18|378.00
454978|3|375.00
130977|6|374.46
503075|6|372.00
145260|6|372.00
89968|6|372.00
65515|3|372.00
207018|6|370.68
96101|9|369.00
363973|9|369.00
95947|9|369.00
66138|3|369.00
447403|12|368.82
321428|6|367.74
87956|3|367.50
185520|6|366.66
185588|6|366.66
185519|6|366.66
184536|6|366.00
196395|12|366.00
44869|9|366.00
139545|36|366.00
115159|6|366.00
131812|27|364.68
361963|4|363.64
119698|6|363.00
85164|3|363.00
189984|3|363.00
156259|5|361.60
352643|3|360.00
133510|6|360.00
146065|6|360.00
142972|3|360.00
95264|6|360.00
38428|3|360.00
57823|12|360.00
119883|3|360.00
140896|3|360.00
72329|3|360.00
145033|3|360.00
64129|24|360.00
686293|4|359.64
657180|4|357.64
53981|3|357.00
196255|3|357.00
99088|18|356.28
54269|3|354.00
209467|3|354.00
161235|6|354.00
103204|12|354.00
144408|12|354.00
149067|6|354.00
398098|6|354.00
448432|6|353.52
149505|6|353.16
603581|3|351.42
452154|6|351.24
134823|3|351.00
121353|3|351.00
300008|3|351.00
146134|3|351.00
63977|3|351.00
297700|3|351.00
465202|3|349.80
440186|6|349.08
53811|3|348.36
131160|9|348.00
74223|3|348.00
154157|3|348.00
69971|3|348.00
55011|3|348.00
286648|3|348.00
134987|18|348.00
357967|3|348.00
193023|3|348.00
45702|3|348.00
67932|3|348.00
173356|3|348.00
152063|3|348.00
94447|3|348.00
132245|3|348.00
276415|3|348.00
57983|3|348.00
119594|3|348.00
86965|3|348.00
317495|3|348.00
44702|3|348.00
241335|3|348.00
477928|3|348.00
140363|3|348.00
141799|3|348.00
133121|3|348.00
43323|3|348.00
138100|3|348.00
54917|3|348.00
42604|3|348.00
70150|3|348.00
487035|3|348.00
123667|3|348.00
139909|3|348.00
377167|3|348.00
107216|3|348.00
40475|3|348.00
43349|3|348.00
581808|4|347.16
90389|24|345.42
423268|3|345.00
249849|3|345.00
83080|3|345.00
201641|3|345.00
75078|3|345.00
97010|3|345.00
334333|3|345.00
189996|3|345.00
44253|3|345.00
44162|3|345.00
56648|3|345.00
204668|3|345.00
292354|3|345.00
125752|3|345.00
54571|3|345.00
75029|3|345.00
196674|3|345.00
134859|3|345.00
74363|3|345.00
70132|3|345.00
157102|3|345.00
137944|3|345.00
213651|3|345.00
144287|3|345.00
463185|12|344.28
704150|2|343.94
250798|12|342.96
121522|6|342.00
191787|6|342.00
468321|3|342.00
241164|4|340.00
111713|3|339.00
139976|3|339.00
448905|12|336.90
352614|3|336.39
174105|6|336.00
91352|6|336.00
152407|12|336.00
183559|6|336.00
92064|6|336.00
125313|3|336.00
90760|6|335.22
75859|4|332.00
478834|4|332.00
262652|4|332.00
228259|4|332.00
201582|4|332.00
134905|12|331.74
131666|8|330.80
41811|12|330.09
455393|6|330.00
177555|6|330.00
559447|2|330.00
144036|6|330.00
191755|18|330.00
189495|6|330.00
683904|2|330.00
158859|12|330.00
110760|6|329.88
619976|6|329.49
195259|30|328.05
205070|4|328.00
459933|4|328.00
317169|4|328.00
200421|4|328.00
236310|6|327.00
106870|6|324.00
34395|6|324.00
316663|9|324.00
187544|6|324.00
182175|12|324.00
655388|3|322.68
31294|6|322.62
95820|6|322.26
95407|6|322.26
34486|12|321.90
301804|4|320.28
113647|12|318.00
187270|6|318.00
406358|3|318.00
73561|6|318.00
73548|6|318.00
97660|6|318.00
65953|6|318.00
145909|6|318.00
155484|6|318.00
72490|6|318.00
332579|6|318.00
458816|6|318.00
604291|2|316.36
663365|2|315.38
84538|9|315.00
89907|9|315.00
90859|9|314.37
921471|12|312.00
402295|3|312.00
45258|3|312.00
129097|6|312.00
69178|12|312.00
136448|6|312.00
79714|6|312.00
74330|9|312.00
122992|6|312.00
425576|6|312.00
298043|6|312.00
31074|6|312.00
61238|6|312.00
60652|6|312.00
94865|6|312.00
148110|6|312.00
151432|6|312.00
156121|6|312.00
424473|6|312.00
475130|6|312.00
102738|6|312.00
104540|6|312.00
244214|3|312.00
186543|6|312.00
386092|3|312.00
72266|6|312.00
190084|6|311.88
305543|3|309.00
380143|27|307.26
227398|30|306.90
152591|6|306.18
105876|9|306.00
91287|6|306.00
440339|6|306.00
324824|6|306.00
149269|6|306.00
99739|6|306.00
140854|6|306.00
144690|9|306.00
137209|6|306.00
110387|6|306.00
67365|6|306.00
113749|6|306.00
364610|6|306.00
136370|6|306.00
91143|6|306.00
431476|6|306.00
89624|6|306.00
122097|6|306.00
45892|3|306.00
68812|6|306.00
99716|6|306.00
62743|3|306.00
59426|6|306.00
182979|6|306.00
137505|3|306.00
117596|6|306.00
134927|6|306.00
100898|9|306.00
117526|9|306.00
90275|9|306.00
70071|6|306.00
161279|6|306.00
113373|6|306.00
122823|6|306.00
115565|6|306.00
283921|6|306.00
82084|6|306.00
133631|3|306.00
90957|6|306.00
112973|6|306.00
90567|6|306.00
193329|6|306.00
111739|6|305.46
103977|6|304.92
397975|6|304.62
984690|2|304.00
636800|4|303.64
708135|2|303.16
180847|3|303.00
76316|2|302.00
436520|6|301.62
95428|6|301.56
171113|6|300.00
32212|6|300.00
167326|6|300.00
171045|6|300.00
101084|6|300.00
162788|6|300.00
208219|6|300.00
136755|6|300.00
87042|6|300.00
126913|6|300.00
190688|6|300.00
97810|6|300.00
90211|6|300.00
142435|6|300.00
132826|6|300.00
145252|6|300.00
142019|6|300.00
162053|6|300.00
199038|6|300.00
137216|6|300.00
64625|6|300.00
291686|6|300.00
33462|6|300.00
56697|3|300.00
89671|6|300.00
67160|6|300.00
60198|6|300.00
99859|6|300.00
170460|6|300.00
262592|6|300.00
111696|6|300.00
122786|6|300.00
284903|6|300.00
69948|6|300.00
131386|6|300.00
64314|6|300.00
177133|6|300.00
245022|6|300.00
196234|6|300.00
178712|6|300.00
116161|6|300.00
301930|6|300.00
85517|6|300.00
162050|6|300.00
157662|6|300.00
75234|3|300.00
85717|6|300.00
187261|6|300.00
122697|3|300.00
448253|6|300.00
126891|6|300.00
69441|6|300.00
67358|6|300.00
35165|6|300.00
76714|6|300.00
68049|6|300.00
173948|6|300.00
148237|6|300.00
163116|6|300.00
80585|6|300.00
131306|6|300.00
103895|6|300.00
439185|6|300.00
67285|6|300.00
188609|6|300.00
133308|3|300.00
157382|6|300.00
61426|6|300.00
226146|6|300.00
211424|3|300.00
88888|6|300.00
67072|6|300.00
328024|6|300.00
287949|6|300.00
91513|6|300.00
66513|6|300.00
68543|6|300.00
169989|3|300.00
99744|6|300.00
75152|6|300.00
61279|6|300.00
149407|6|300.00
72749|6|300.00
190685|6|300.00
159363|6|300.00
413928|6|300.00
514863|6|300.00
43297|6|300.00
412874|6|300.00
94917|6|300.00
125299|6|300.00
186284|6|300.00
311037|6|300.00
67734|6|300.00
118257|6|300.00
35019|6|300.00
284214|6|300.00
111974|6|300.00
174087|6|300.00
131075|3|300.00
82848|3|300.00
138083|6|300.00
380566|6|300.00
59490|6|300.00
161891|6|300.00
121119|6|300.00
203182|6|300.00
309718|6|300.00
73932|6|300.00
140833|6|300.00
171732|6|300.00
86833|6|300.00
69731|6|300.00
176473|6|300.00
68972|6|300.00
80825|6|300.00
48865|3|300.00
69053|6|300.00
518987|6|300.00
334232|6|300.00
67868|6|300.00
65065|6|300.00
436903|6|300.00
159414|6|300.00
190637|6|300.00
64354|6|300.00
46492|3|297.03
109667|3|297.00
334319|3|297.00
444249|3|297.00
491149|9|297.00
74144|3|297.00
141384|3|297.00
150076|3|297.00
46300|3|297.00
522048|3|297.00
175074|6|297.00
45176|3|297.00
81388|3|297.00
197982|3|297.00
94836|9|297.00
86228|9|297.00
39630|3|297.00
81162|3|297.00
286893|9|297.00
54120|3|297.00
65658|3|297.00
116885|9|297.00
80748|9|297.00
59232|3|297.00
207165|9|297.00
124130|3|297.00
60881|3|297.00
59485|3|297.00
110859|9|297.00
253967|9|297.00
62335|3|297.00
157207|9|297.00
103474|3|297.00
482201|9|297.00
81315|9|297.00
137015|9|297.00
55877|3|297.00
53836|3|297.00
54625|3|297.00
523563|9|297.00
99182|9|297.00
53309|3|297.00
145453|3|297.00
156088|9|297.00
94780|9|297.00
102329|9|297.00
73882|3|297.00
42358|3|297.00
53990|3|297.00
94768|9|297.00
129558|3|297.00
428913|3|297.00
363382|9|297.00
141632|3|297.00
137186|3|297.00
352153|6|294.00
72776|6|294.00
67773|6|294.00
72191|6|294.00
78587|6|294.00
70143|6|294.00
272299|6|294.00
364732|6|294.00
67337|6|294.00
148923|6|294.00
151622|6|294.00
99454|6|294.00
428139|6|294.00
192731|6|294.00
187979|6|294.00
196291|6|294.00
96554|6|294.00
79723|6|294.00
126879|6|294.00
236644|6|294.00
98784|6|294.00
469589|6|294.00
158721|6|294.00
419815|3|294.00
160630|6|294.00
229339|6|294.00
172458|6|294.00
98786|6|294.00
58002|3|294.00
168397|6|294.00
76893|6|294.00
400336|6|294.00
96258|6|294.00
444286|6|294.00
60276|6|294.00
1178434|2|294.00
119495|6|294.00
152170|6|294.00
68352|6|294.00
213394|6|294.00
86024|6|294.00
84090|6|294.00
157101|6|294.00
107150|6|294.00
120170|6|294.00
92680|6|294.00
509619|6|294.00
133160|6|294.00
68019|6|294.00
108608|6|294.00
151230|6|294.00
200130|6|294.00
136483|6|294.00
67485|6|294.00
61827|6|294.00
77268|6|294.00
66261|3|294.00
255342|6|294.00
86357|6|294.00
57081|6|294.00
110575|6|294.00
182753|6|294.00
68737|6|294.00
71854|6|294.00
218936|6|294.00
131565|6|294.00
112124|6|294.00
76171|3|294.00
57168|3|294.00
163262|6|294.00
94679|6|294.00
84844|6|294.00
159444|6|294.00
72501|6|294.00
153234|3|294.00
56475|6|294.00
174424|6|294.00
83330|6|294.00
152806|6|294.00
303795|6|294.00
114943|6|294.00
193789|6|294.00
457746|6|294.00
209059|6|294.00
67935|6|294.00
117698|6|294.00
117525|6|294.00
114673|6|294.00
65629|6|294.00
114766|6|294.00
127761|6|294.00
512282|6|294.00
109095|6|294.00
91841|6|294.00
334148|6|294.00
186256|6|294.00
180419|6|294.00
347611|6|294.00
67170|6|294.00
191494|6|294.00
69502|6|294.00
213652|3|294.00
122567|6|294.00
31360|6|293.22
628714|4|292.92
320883|18|292.80
648388|4|292.56
704140|4|292.04
268232|18|291.78
142832|6|289.44
192847|6|289.02
108109|6|288.00
163882|6|288.00
116827|6|288.00
99860|9|288.00
83295|6|288.00
103383|6|288.00
78218|6|287.07
454965|9|285.30
206307|4|284.00
233924|6|282.00
156417|6|282.00
61526|6|282.00
33621|6|282.00
501444|9|281.25
407191|9|279.00
102370|10|277.90
520301|6|276.00
104877|3|276.00
70232|6|276.00
55366|3|276.00
214767|3|273.00
133046|3|273.00
303621|4|272.92
261817|12|272.28
408321|6|270.30
127687|6|270.00
93736|9|270.00
174312|6|270.00
155206|9|270.00
241006|6|270.00
94161|9|270.00
108428|6|270.00
693810|2|268.76
204002|4|268.00
319566|12|267.36
55571|3|267.00
76218|3|267.00
609055|4|265.48
706684|3|265.41
549779|3|264.57
243878|6|264.00
63887|3|264.00
133903|24|264.00
91422|12|264.00
100902|3|264.00
296992|8|264.00
389321|4|264.00
188487|6|264.00
664492|2|262.00
676227|3|261.39
49922|3|261.00
139120|3|261.00
486682|3|261.00
150847|9|261.00
40601|3|261.00
54491|3|261.00
97373|9|261.00
209593|4|260.00
203978|4|260.00
280640|18|258.78
117636|3|258.00
177353|3|258.00
93008|6|258.00
75719|6|258.00
119268|3|258.00
36461|6|258.00
139359|3|258.00
93016|3|258.00
47627|3|258.00
53527|3|258.00
191757|6|258.00
118934|3|258.00
88216|6|258.00
119126|3|258.00
69326|3|258.00
125067|3|258.00
327707|4|256.84
77959|6|256.50
264333|4|256.00
139078|3|255.00
172338|3|255.00
49204|3|255.00
63158|3|255.00
62861|12|255.00
125382|3|255.00
131818|3|255.00
544100|2|254.06
109755|6|253.80
89659|6|253.38
488638|5|253.05
185123|12|253.02
119996|6|252.00
31714|6|252.00
108052|9|252.00
128003|3|252.00
127381|3|252.00
136366|9|252.00
158195|6|252.00
145972|6|250.56
661896|2|250.36
497012|18|250.26
509833|18|249.84
327527|3|249.00
144651|3|249.00
136651|3|249.00
513920|3|249.00
84224|3|249.00
195361|3|249.00
120143|3|249.00
42919|3|249.00
47493|3|249.00
179837|3|249.00
62047|3|249.00
89454|3|249.00
130665|3|249.00
41763|3|249.00
65805|3|249.00
120663|3|249.00
645560|3|246.15
54927|3|246.00
46930|3|246.00
250249|3|246.00
471366|3|246.00
97349|3|246.00
46746|3|246.00
53613|3|246.00
48588|3|246.00
43921|3|246.00
360395|12|246.00
48361|3|246.00
47385|3|246.00
151449|12|246.00
216328|3|246.00
190635|6|246.00
54091|3|246.00
456199|6|246.00
3050|3|246.00
146338|3|246.00
368929|12|246.00
72095|6|246.00
43747|3|246.00
1165212|4|243.72
352680|6|243.30
94053|9|243.00
101581|9|243.00
312115|9|243.00
410656|6|242.28
183407|6|240.00
52127|6|240.00
195823|12|237.42
133607|3|237.00
167794|6|236.52
508085|3|235.65
196154|6|234.00
347859|6|234.00
79171|6|234.00
131452|6|234.00
113460|6|234.00
96658|12|234.00
107079|6|234.00
102205|9|234.00
52053|3|234.00
137033|6|234.00
156941|9|234.00
69491|6|234.00
171722|6|234.00
144887|9|233.73
495191|3|233.28
72629|6|233.04
110763|6|233.04
239156|18|232.20
127246|3|231.00
51915|3|231.00
592458|2|230.80
32547|6|228.00
110659|12|228.00
97267|6|228.00
163219|6|228.00
191500|6|228.00
147878|6|228.00
151680|12|228.00
123249|6|228.00
241244|6|228.00
142484|6|228.00
77234|6|228.00
146412|9|225.00
459637|9|225.00
115158|9|225.00
82041|9|225.00
111407|9|225.00
101891|9|225.00
75874|12|224.64
66841|3|223.44
125190|9|222.57
178017|6|222.00
69967|6|222.00
70638|6|222.00
460265|18|221.85
139646|9|220.68
55737|3|219.45
121941|9|217.98
505002|6|217.92
542826|3|217.80
47556|4|217.40
466287|12|216.90
65177|3|216.00
334736|9|216.00
53267|6|216.00
67588|6|216.00
97788|6|216.00
142802|6|216.00
110312|6|216.00
200118|6|216.00
180456|6|216.00
125944|6|216.00
189558|9|216.00
137863|6|214.38
549567|2|214.00
684171|6|212.94
220277|4|212.00
163358|6|211.50
111875|6|210.00
93450|6|210.00
159533|6|210.00
140314|6|210.00
58986|6|210.00
161656|6|210.00
136991|6|210.00
471180|6|210.00
134761|6|210.00
313856|6|210.00
123296|6|210.00
102870|6|210.00
58094|6|210.00
106563|6|210.00
60654|6|210.00
188637|6|210.00
489790|2|209.44
682003|3|207.99
769322|2|207.14
131240|3|207.00
132821|3|207.00
132387|3|207.00
130526|3|207.00
438664|3|207.00
74212|3|207.00
131142|3|207.00
624152|2|206.30
304220|4|205.64
83011|3|204.00
186396|6|204.00
49785|3|204.00
61284|6|204.00
197701|6|204.00
449766|6|204.00
43546|2|204.00
153405|6|204.00
51468|3|204.00
164459|6|204.00
397586|6|204.00
53230|3|204.00
99086|6|204.00
38660|6|204.00
185708|6|204.00
86421|6|204.00
86507|6|204.00
313789|6|204.00
137808|6|204.00
238708|6|204.00
231341|6|204.00
100415|6|204.00
165539|6|204.00
368679|2|204.00
123897|6|204.00
63711|6|204.00
110772|6|204.00
200069|6|204.00
184727|6|204.00
77551|6|204.00
188978|6|204.00
145395|6|204.00
399032|6|204.00
90451|6|204.00
220325|6|204.00
158437|6|204.00
220466|6|204.00
81718|6|204.00
67909|6|204.00
126835|3|204.00
108700|6|204.00
116932|6|204.00
61139|3|204.00
58256|6|204.00
163334|6|204.00
96314|6|204.00
158890|6|204.00
109657|6|204.00
167991|6|204.00
514147|6|203.34
461572|4|203.12
251458|6|202.56
645290|4|202.56
46742|3|201.00
69191|3|201.00
73629|3|201.00
118464|3|201.00
343507|3|201.00
48906|3|201.00
54097|3|201.00
54843|3|201.00
76303|3|201.00
181663|3|201.00
515541|3|201.00
64336|3|201.00
78559|3|201.00
130564|3|201.00
86327|3|201.00
487697|3|201.00
136233|3|201.00
184500|3|201.00
342037|4|200.00
103173|6|199.44
666909|3|199.08
702826|3|198.09
201928|3|198.00
147547|6|198.00
67758|6|198.00
271966|6|198.00
306432|6|198.00
140104|3|198.00
57673|6|198.00
143233|6|198.00
62170|3|198.00
71503|6|198.00
174148|3|198.00
195501|6|198.00
183557|6|198.00
124278|6|198.00
158049|6|198.00
192720|6|198.00
63853|6|198.00
60546|6|198.00
237846|6|198.00
225445|6|198.00
54435|3|198.00
179417|6|198.00
203726|3|198.00
156404|6|198.00
45686|6|198.00
99149|6|198.00
116871|3|198.00
333809|6|198.00
64542|6|198.00
144301|6|198.00
42966|6|198.00
98490|6|198.00
99510|6|198.00
59739|6|198.00
146947|6|198.00
53574|3|198.00
118559|6|198.00
160438|6|198.00
77334|6|198.00
91605|6|198.00
82448|6|198.00
388610|6|198.00
74207|6|198.00
57822|6|198.00
88451|6|198.00
248458|6|198.00
496068|6|198.00
147359|6|198.00
341347|6|198.00
87246|3|198.00
271379|6|198.00
78933|6|198.00
67698|6|198.00
93613|6|198.00
63264|6|198.00
140116|6|198.00
67579|6|198.00
226014|3|198.00
151494|6|198.00
197261|6|198.00
352603|6|198.00
108995|6|198.00
105916|6|198.00
98439|6|198.00
161329|6|198.00
91893|6|198.00
144786|6|198.00
54159|3|198.00
72708|6|198.00
57043|6|198.00
69046|6|198.00
71341|6|198.00
178898|6|198.00
114356|6|198.00
109836|6|198.00
112724|6|198.00
108697|6|198.00
187024|3|198.00
126777|6|198.00
65244|3|198.00
158923|6|198.00
47643|3|198.00
89467|3|198.00
234433|6|198.00
68081|6|198.00
61903|3|198.00
182492|6|198.00
76668|6|198.00
188436|6|198.00
133613|6|198.00
161633|6|198.00
192861|6|198.00
145116|6|198.00
95177|3|198.00
108182|6|198.00
146871|6|198.00
454191|6|198.00
176663|6|198.00
68974|6|198.00
109905|6|198.00
89766|6|198.00
71474|6|198.00
107945|6|198.00
274335|6|198.00
66832|6|198.00
116510|6|198.00
170147|6|198.00
136496|3|198.00
120637|6|198.00
327872|6|198.00
409739|6|198.00
168345|6|198.00
45000|3|198.00
86221|6|198.00
250411|6|198.00
61698|6|198.00
200604|6|198.00
83584|6|198.00
160444|3|198.00
125281|6|198.00
44012|3|198.00
449672|6|198.00
214939|6|198.00
159123|6|198.00
147662|6|198.00
168820|6|198.00
76117|6|198.00
139156|3|198.00
179407|6|198.00
132702|3|198.00
158352|6|198.00
141023|3|198.00
506069|6|198.00
180902|6|198.00
96325|3|198.00
353645|6|198.00
98246|6|198.00
143007|6|198.00
156759|6|198.00
108591|6|198.00
198577|6|198.00
85309|6|198.00
112779|6|198.00
127770|3|198.00
307528|6|198.00
67273|3|198.00
74873|3|198.00
96170|6|198.00
808995|2|198.00
468209|6|198.00
123131|6|198.00
110309|6|198.00
67010|6|198.00
331057|6|198.00
220968|6|198.00
124960|6|198.00
67236|6|198.00
171889|6|198.00
201672|6|198.00
105337|6|198.00
105779|6|198.00
194843|6|198.00
215170|6|198.00
54570|3|198.00
493033|6|198.00
53565|3|198.00
74526|6|198.00
506790|6|198.00
337359|6|198.00
67209|3|198.00
183681|6|198.00
43197|3|198.00
229504|6|198.00
69525|6|198.00
111814|6|198.00
62711|3|198.00
54550|3|198.00
198218|6|198.00
120792|6|198.00
143075|6|198.00
198983|3|198.00
420660|6|198.00
127328|3|198.00
43049|3|198.00
153050|6|198.00
187412|6|198.00
59533|6|198.00
158211|6|198.00
75861|6|198.00
338643|6|198.00
69052|6|198.00
92215|6|198.00
86230|6|198.00
130656|6|198.00
113159|6|198.00
157002|6|198.00
350146|6|198.00
232752|6|198.00
160080|6|198.00
61007|3|198.00
93225|6|198.00
350426|6|198.00
524335|6|198.00
80732|6|198.00
68551|6|198.00
89385|6|198.00
225195|6|198.00
123918|3|198.00
112866|6|198.00
108512|6|198.00
57632|3|198.00
138790|3|198.00
467682|6|198.00
95295|6|198.00
68381|6|198.00
61223|6|198.00
702096|2|196.08
410400|4|196.00
42633|2|196.00
55260|3|195.00
59162|3|195.00
460682|3|195.00
70829|3|195.00
431324|4|194.16
709703|8|192.12
83843|6|192.00
173289|6|192.00
103093|6|192.00
402898|6|192.00
433036|6|192.00
61650|6|192.00
349532|6|192.00
132093|6|192.00
102530|6|192.00
99448|6|192.00
67572|6|192.00
83509|6|189.24
137458|18|189.00
166228|18|189.00
207029|3|189.00
547390|3|187.68
696688|4|186.56
90731|6|186.00
68863|6|186.00
242316|6|186.00
94138|6|186.00
123661|3|186.00
52530|3|186.00
66776|6|186.00
244846|30|186.00
309990|3|186.00
493024|6|186.00
186820|6|186.00
109012|6|185.76
241497|2|185.54
614805|4|185.08
204638|4|184.00
291556|12|183.66
194144|3|183.00
125902|12|180.00
71852|6|180.00
118229|6|180.00
142220|6|180.00
374434|12|180.00
137760|6|180.00
95341|6|180.00
124239|6|180.00
160935|6|180.00
130905|9|180.00
159239|6|180.00
334737|9|180.00
115018|9|180.00
342034|6|180.00
303090|6|180.00
31336|6|179.28
136085|3|177.00
54525|3|177.00
149693|6|174.24
71068|6|174.00
194413|6|174.00
89621|6|174.00
298428|6|174.00
90004|6|174.00
660676|3|172.20
458001|6|171.42
71004|9|170.55
157395|6|169.92
428346|2|169.36
124515|6|168.00
248565|6|168.00
168018|6|168.00
71914|6|168.00
104895|6|168.00
158992|6|168.00
105923|6|168.00
290779|6|168.00
244959|6|168.00
280659|6|168.00
165385|18|168.00
84352|6|167.22
417784|6|165.42
149115|3|165.00
150211|18|164.97
59101|3|162.00
427677|6|162.00
290619|9|162.00
166154|6|162.00
41268|3|162.00
149399|6|162.00
307365|6|162.00
148713|3|162.00
608227|3|159.72
697991|2|159.24
500887|2|159.04
305197|3|159.00
207525|9|159.00
54835|3|159.00
203426|4|158.00
140971|3|157.38
593808|4|157.20
302510|6|156.90
211212|4|156.56
587132|3|156.33
48834|3|156.00
113058|6|156.00
181700|3|156.00
105260|6|156.00
193069|3|156.00
184690|12|156.00
186914|6|156.00
275052|6|156.00
197299|6|156.00
115556|6|156.00
422088|6|156.00
141769|3|155.28
75414|3|154.65
702497|8|153.80
398803|2|153.24
199504|3|153.00
84950|3|153.00
122722|3|153.00
110173|9|153.00
66352|6|153.00
109998|9|153.00
46418|3|153.00
475641|3|153.00
87940|3|153.00
99600|45|153.00
122005|3|153.00
659071|3|152.97
380624|4|152.68
586245|3|152.55
419558|12|150.60
127601|9|150.48
76815|3|150.00
48901|3|150.00
442974|6|150.00
97770|6|150.00
182397|6|150.00
84724|3|150.00
58075|3|150.00
138247|3|150.00
128413|6|150.00
191661|6|150.00
147292|3|150.00
157700|6|150.00
158445|3|150.00
192109|6|150.00
477268|3|150.00
59929|3|150.00
184384|6|150.00
162478|6|150.00
54497|3|150.00
113461|6|150.00
54651|3|150.00
140334|3|150.00
98713|3|150.00
133723|6|150.00
268153|6|150.00
136840|3|150.00
85729|6|150.00
169968|6|150.00
165492|6|150.00
104547|6|150.00
143623|3|150.00
53693|6|150.00
67131|3|150.00
78360|3|150.00
334191|3|150.00
166256|6|150.00
75088|3|150.00
87335|6|150.00
138976|3|150.00
647920|2|149.86
294576|3|149.37
133176|3|147.42
385973|3|147.39
163074|3|147.00
62578|3|147.00
49005|3|147.00
444063|3|147.00
72951|3|147.00
94961|3|147.00
44618|3|147.00
71095|3|147.00
126594|3|147.00
50328|3|147.00
440805|3|147.00
125846|3|147.00
61853|3|147.00
144624|3|147.00
499472|3|147.00
214607|3|147.00
40983|3|147.00
182041|3|147.00
130186|3|147.00
62696|3|147.00
300590|3|147.00
185332|3|147.00
307050|3|147.00
126759|3|147.00
594393|3|146.31
349006|9|144.57
127944|6|144.00
149669|9|144.00
185486|6|144.00
367004|9|144.00
144286|3|144.00
161717|6|144.00
102666|9|144.00
303757|6|144.00
109441|6|144.00
391045|6|144.00
104412|6|142.80
645509|2|142.54
686481|6|142.00
449043|2|141.88
171298|3|141.00
414354|3|141.00
142465|3|140.01
53628|3|139.59
409315|4|138.44
132870|3|138.00
121722|6|138.00
110586|6|138.00
146953|6|138.00
184548|6|138.00
101870|6|138.00
518940|4|137.44
207659|8|136.00
221662|4|136.00
82597|6|135.90
74418|3|135.00
139588|9|135.00
482851|3|135.00
329938|3|135.00
115356|9|135.00
497173|9|135.00
148058|18|134.76
153040|6|134.58
480943|6|134.28
718861|2|134.00
104477|6|133.98
216727|4|132.00
206927|4|132.00
204975|6|132.00
133199|3|132.00
218969|4|132.00
118501|9|131.76
621927|2|130.84
689591|4|130.02
128956|3|129.00
644042|4|128.84
82227|6|128.76
544596|4|127.72
566022|4|127.68
155553|6|126.48
689254|2|126.16
709160|2|126.06
177818|6|126.06
225122|12|126.00
65528|3|126.00
62594|12|126.00
120835|9|126.00
82306|30|126.00
131651|18|126.00
208468|6|126.00
154180|6|126.00
123614|24|125.22
586177|3|124.29
401160|9|123.51
140232|6|123.00
649939|4|121.80
134640|12|120.00
64803|6|120.00
130395|3|120.00
58847|12|120.00
110722|6|120.00
122803|3|120.00
88772|3|120.00
9991|10|118.00
73168|6|117.72
60118|3|117.00
53968|3|117.00
56076|3|117.00
192527|3|117.00
680851|8|116.28
502878|6|115.92
561058|6|114.52
625119|2|114.12
51612|3|114.00
124664|6|114.00
140038|6|114.00
160490|12|114.00
69621|6|114.00
307066|6|114.00
191689|6|114.00
124011|6|114.00
155183|6|114.00
188187|3|114.00
45014|3|111.42
120695|3|111.00
159507|18|110.58
484526|4|110.52
648523|4|110.44
189954|3|110.22
655261|2|110.14
72405|6|108.00
123206|6|108.00
125073|6|108.00
358653|9|108.00
496129|6|108.00
191247|6|108.00
65691|3|108.00
160083|3|108.00
200423|4|108.00
129209|3|108.00
101240|6|108.00
498494|6|108.00
129199|6|108.00
120272|9|108.00
501419|6|107.28
475723|12|106.74
33819|2|105.24
207140|6|105.00
134183|3|105.00
46550|6|105.00
142166|3|105.00
52953|3|105.00
46103|3|105.00
481118|3|104.37
106110|6|104.04
587612|3|103.74
646303|3|103.08
152214|6|102.30
121117|6|102.00
85557|12|102.00
145888|6|102.00
62664|3|102.00
132751|3|102.00
224963|3|102.00
59424|6|102.00
120376|12|102.00
292087|3|102.00
52508|3|102.00
133846|3|102.00
80138|3|102.00
134298|12|102.00
235222|6|102.00
115019|9|101.43
154184|9|101.34
658397|3|101.34
154602|6|100.98
132720|3|100.92
141272|6|100.44
469152|3|100.38
103033|9|100.26
125538|6|99.60
477632|6|99.60
138354|6|99.12
73656|6|99.06
156618|3|99.00
85257|3|99.00
136359|3|99.00
68618|3|99.00
91499|3|99.00
136285|3|99.00
522192|3|99.00
54199|3|99.00
126609|9|99.00
125427|9|99.00
122648|3|99.00
139830|3|99.00
66625|3|99.00
143252|3|99.00
91131|3|99.00
74585|3|99.00
130569|3|99.00
130885|3|99.00
142152|9|99.00
463065|3|99.00
87796|3|99.00
156710|3|99.00
185787|3|99.00
50100|3|99.00
494398|3|99.00
87224|3|99.00
138901|3|99.00
45911|3|99.00
93676|3|99.00
85839|3|99.00
144267|3|99.00
64941|3|99.00
52062|3|99.00
129172|3|99.00
63725|3|99.00
221638|3|99.00
144067|3|99.00
116686|3|99.00
200041|3|99.00
63196|3|99.00
292074|3|99.00
118104|6|98.34
263355|6|98.22
118954|6|97.74
109357|6|97.38
115035|9|97.20
670835|4|96.64
143776|34|96.39
51175|3|96.00
142476|6|96.00
83858|6|96.00
185087|6|96.00
75229|3|96.00
145709|6|96.00
114501|6|96.00
267666|6|96.00
177814|6|96.00
76289|3|96.00
139228|6|96.00
159215|3|96.00
216300|6|96.00
71885|6|95.88
705646|2|95.54
694441|3|94.08
130315|3|93.00
289048|3|93.00
97670|3|92.94
31063|6|91.14
62562|6|90.66
582812|2|90.16
355650|6|90.03
196746|6|90.00
72617|6|90.00
57190|6|90.00
109948|6|90.00
353703|6|90.00
101329|9|90.00
89620|6|90.00
99960|6|90.00
133792|6|90.00
151228|6|90.00
58686|6|90.00
164537|6|90.00
193327|3|90.00
129465|3|90.00
183894|6|90.00
94764|9|90.00
222702|8|88.00
699786|4|87.96
693408|3|87.15
115417|3|87.00
135897|3|87.00
236778|2|86.72
562079|3|86.58
694292|3|85.98
625628|4|85.68
360719|4|85.16
156503|18|84.33
165037|3|84.00
180082|6|84.00
180347|6|84.00
71070|6|84.00
138253|3|84.00
328577|12|84.00
86739|6|84.00
61246|6|84.00
89780|6|84.00
435734|6|84.00
223274|8|83.68
500270|4|83.20
284157|3|81.81
671222|4|81.60
681557|3|81.33
705652|4|81.04
236655|4|81.00
141736|9|81.00
122206|9|81.00
287470|12|80.70
563956|4|80.56
143800|12|80.34
459115|4|80.00
434635|6|79.86
183705|6|79.80
120627|6|79.68
433389|3|79.29
645348|2|78.90
365253|6|78.84
401051|4|78.76
126953|3|78.00
33488|6|78.00
148691|6|78.00
158342|6|78.00
106840|6|78.00
130791|3|78.00
132862|3|78.00
125127|6|78.00
113812|6|78.00
82866|3|75.00
117754|3|75.00
349085|3|75.00
47450|3|75.00
166816|3|75.00
139518|3|75.00
332582|6|74.88
76855|3|74.70
93042|3|74.52
520242|3|73.38
702141|3|72.84
109378|6|72.00
476110|3|72.00
85847|6|72.00
96889|9|72.00
147741|6|72.00
80269|9|72.00
385599|9|72.00
140043|6|72.00
493039|3|71.76
210801|12|69.90
56492|6|69.60
102470|3|69.57
442368|3|69.51
470516|3|69.39
341546|6|69.33
607480|2|69.26
534067|12|69.24
597987|4|69.08
480467|6|69.06
181731|6|69.06
526430|16|68.32
239353|2|68.00
399274|3|67.80
562447|4|67.76
91999|6|67.26
181076|12|66.72
93291|3|66.21
60723|6|66.00
250548|6|66.00
85712|6|66.00
112047|12|66.00
79845|6|66.00
115968|6|66.00
298994|6|66.00
84121|6|66.00
154883|6|66.00
154919|21|66.00
688826|4|65.44
628576|4|64.84
452379|18|64.32
646898|3|63.03
42168|6|63.00
132171|9|63.00
124995|6|63.00
94057|9|63.00
86133|6|63.00
127074|9|63.00
97497|6|63.00
184073|6|63.00
156592|6|63.00
504414|2|60.78
77333|12|60.42
649534|2|60.24
138974|23|60.03
311039|6|60.00
151461|6|60.00
62209|6|60.00
102188|6|60.00
132932|6|60.00
108644|6|60.00
92890|6|60.00
55465|3|60.00
229841|6|60.00
159860|6|60.00
140613|3|60.00
102133|6|60.00
43812|6|60.00
92176|6|60.00
136283|6|60.00
190806|6|60.00
380707|6|60.00
140473|3|60.00
163734|6|60.00
510963|3|60.00
669852|3|59.49
69043|6|59.46
91037|6|59.22
460678|2|59.18
643223|3|58.47
250370|6|57.84
684009|3|56.94
499373|3|56.46
636286|2|56.40
550005|3|56.31
201281|4|56.00
641620|3|55.44
605977|3|55.38
442019|6|55.26
110570|18|54.81
34960|6|54.54
164891|6|54.00
464482|3|54.00
143726|3|54.00
67013|6|54.00
369628|6|54.00
93101|6|54.00
132202|9|54.00
127342|6|54.00
177475|6|54.00
61075|6|54.00
104116|9|54.00
144557|6|54.00
92834|12|54.00
34275|6|54.00
296468|9|54.00
240939|3|54.00
109644|6|54.00
179271|18|54.00
514644|6|54.00
177078|6|54.00
668331|3|53.88
622450|3|53.16
275365|6|52.68
331032|3|52.26
459214|3|52.02
183971|6|51.48
96543|6|51.00
692785|3|49.53
553249|4|49.08
189180|12|48.84
161547|6|48.72
190042|18|48.69
438324|6|48.42
203846|6|48.00
328582|6|48.00
185472|6|48.00
154106|6|48.00
115651|6|48.00
115131|6|48.00
340879|6|48.00
118565|3|48.00
102423|6|48.00
154712|12|48.00
166785|6|48.00
492730|6|47.94
706342|3|47.67
697018|6|47.40
640424|3|47.28
478551|12|46.56
627768|3|45.57
340059|9|45.00
121695|9|45.00
105618|18|45.00
114289|18|45.00
116637|9|45.00
108240|9|45.00
557827|2|44.68
92633|6|42.84
191769|6|42.00
88908|6|42.00
151039|6|42.00
502519|18|42.00
399115|6|42.00
161985|18|42.00
33307|6|42.00
397783|6|42.00
85358|6|42.00
81374|6|42.00
106288|6|42.00
190340|12|42.00
180511|6|42.00
52581|3|42.00
162007|6|42.00
83190|6|41.28
555094|2|39.38
133702|3|39.00
137735|3|39.00
102979|3|39.00
131943|3|39.00
105774|18|38.76
621362|3|38.64
711500|2|36.30
74168|6|36.00
125605|6|36.00
139173|3|36.00
124766|6|36.00
141911|6|36.00
120709|6|36.00
176093|6|36.00
61235|6|36.00
78053|6|36.00
169793|6|36.00
71239|6|36.00
494098|3|36.00
76277|3|35.16
33134|6|35.10
505970|18|35.01
722608|3|34.89
44420|3|34.65
335508|3|33.81
609185|2|33.28
644080|3|33.21
216885|3|33.18
120577|6|33.00
118614|3|33.00
39760|3|33.00
511809|9|32.76
155345|12|31.62
142675|12|31.20
174047|12|31.02
64188|6|30.66
694442|2|30.60
66628|6|30.00
132253|6|30.00
34295|6|30.00
117182|6|30.00
107891|6|30.00
142899|6|30.00
105479|6|30.00
63979|3|30.00
108975|6|30.00
63670|3|30.00
79046|6|30.00
448115|6|30.00
98688|6|30.00
86769|6|30.00
156209|3|30.00
487453|6|30.00
147075|6|30.00
133491|6|30.00
299109|6|30.00
114663|6|30.00
250200|6|30.00
61419|6|30.00
705195|3|29.79
84833|6|29.40
240061|3|29.07
88368|3|29.01
296734|6|28.80
479215|6|28.80
499717|6|28.68
557692|3|28.44
270137|6|27.72
29673|6|27.72
490403|6|27.24
236573|9|27.00
47931|9|27.00
114650|9|27.00
135328|9|27.00
391922|6|27.00
398159|3|26.82
92967|12|25.68
724592|3|25.08
160670|12|25.02
459037|4|24.60
307517|6|24.48
451020|6|24.24
395969|6|24.18
68199|12|24.00
194829|6|24.00
404096|6|24.00
205537|6|24.00
163825|6|24.00
124531|3|24.00
357876|6|24.00
97915|6|24.00
112306|6|24.00
94264|6|24.00
128747|12|24.00
129086|6|24.00
62243|3|24.00
74480|6|23.34
400206|9|22.86
315956|6|22.80
353363|3|21.60
544573|3|21.27
187798|3|21.00
134230|3|21.00
488665|6|20.64
534012|3|20.52
593046|3|20.34
453534|3|19.62
232746|6|19.14
259636|6|19.08
429514|12|19.08
366674|6|18.96
64056|3|18.78
488949|3|18.75
198018|12|18.24
145159|3|18.12
313284|6|18.00
41863|6|18.00
135380|6|18.00
68385|6|18.00
107579|6|18.00
108614|9|18.00
110129|6|18.00
134073|9|18.00
366802|6|18.00
51545|3|18.00
110914|3|18.00
80221|9|18.00
435749|6|18.00
64428|6|18.00
471448|9|18.00
464239|6|17.16
353969|3|17.10
141055|6|17.04
726633|2|16.26
232453|9|16.20
419059|12|16.14
77269|6|15.96
650686|3|15.96
156080|6|15.42
103603|3|15.36
285506|9|15.30
646936|3|15.30
55918|3|15.00
116790|3|15.00
148743|3|15.00
219411|3|15.00
253250|3|15.00
125479|3|15.00
324556|3|15.00
393108|6|15.00
146644|3|15.00
127241|3|15.00
55920|3|15.00
160055|6|14.88
182324|6|14.52
69973|6|14.40
131961|6|14.40
120010|12|14.28
428593|3|14.01
400796|6|13.92
129418|6|13.86
499273|3|13.80
344137|6|13.80
446286|6|13.68
121543|9|13.50
487940|6|13.14
365037|6|13.14
64142|6|13.02
389503|5|13.00
126948|6|12.78
622167|3|12.78
126651|6|12.48
414996|6|12.30
189235|6|12.18
148777|6|12.00
57538|6|12.00
156817|6|12.00
113441|6|12.00
31624|6|12.00
392172|6|12.00
150949|6|12.00
67573|6|12.00
148682|6|12.00
513582|6|12.00
235197|3|12.00
345294|6|12.00
71586|6|12.00
145261|6|12.00
157312|6|12.00
301799|6|12.00
62044|6|12.00
107131|12|12.00
81670|6|12.00
148741|6|12.00
97879|6|11.82
122541|6|11.16
399278|6|11.16
95333|12|11.16
159598|6|11.10
59444|6|11.10
184441|6|10.92
65555|3|10.92
722619|3|10.77
117719|6|10.68
107780|9|10.62
152150|6|10.50
130570|6|10.44
58562|6|10.38
219954|2|10.00
411378|12|9.84
71724|6|9.72
67950|3|9.72
92639|6|9.18
179472|3|9.03
132745|9|9.00
77276|9|9.00
89919|9|9.00
474194|6|8.64
200398|4|8.16
205071|4|8.00
157643|6|7.80
35370|6|7.80
379963|3|7.80
140936|3|7.80
420028|3|7.77
191163|6|7.68
191354|6|7.62
458859|3|7.62
483257|9|7.56
124535|3|7.47
506203|3|7.44
478169|6|7.20
443475|12|7.08
703333|2|7.04
340934|6|6.84
447649|3|6.78
68091|6|6.78
124197|6|6.60
434245|6|6.60
264511|3|6.54
432611|6|6.54
165261|6|6.54
162157|6|6.48
469669|3|6.36
207991|4|6.32
501171|6|6.24
431687|6|6.12
191417|6|6.12
305871|6|6.00
108518|3|6.00
123821|6|6.00
415199|6|6.00
324930|6|6.00
39186|3|6.00
133019|3|6.00
33414|6|6.00
163220|6|6.00
69474|3|6.00
64400|3|6.00
91238|3|6.00
132258|3|6.00
160092|3|6.00
166874|6|6.00
141082|3|6.00
130204|3|6.00
189227|6|5.94
478307|3|5.88
68729|3|5.85
187742|6|5.82
270885|4|5.72
45335|3|5.64
399841|6|5.52
315369|6|5.40
476172|6|5.16
75561|3|5.10
476204|3|5.04
274113|6|5.04
460722|6|4.86
194387|6|4.86
517998|6|4.80
466024|6|4.80
420958|6|4.74
300395|6|4.68
64502|3|4.65
81978|9|4.59
237790|3|4.50
491494|3|4.50
453307|2|4.46
433722|6|4.44
508005|3|4.26
138659|9|4.23
98477|9|4.14
128578|6|4.08
440724|6|4.02
276153|3|3.96
706784|4|3.94
87505|3|3.90
188635|6|3.78
441425|6|3.78
120000|9|3.69
145634|6|3.66
260528|6|3.60
411295|6|3.60
134765|3|3.57
495081|6|3.48
361936|6|3.36
130439|9|3.33
207012|3|3.30
516431|6|3.24
98156|6|3.24
193786|3|3.18
195977|3|3.18
137563|6|3.18
396743|6|3.18
69890|3|3.15
62296|6|3.12
437293|6|3.06
413207|3|3.06
423603|6|3.00
53760|3|3.00
54743|3|3.00
155893|3|3.00
426007|6|3.00
114196|6|3.00
209091|6|2.94
55912|3|2.91
351739|9|2.88
445564|6|2.88
412820|3|2.82
503414|6|2.70
215068|6|2.70
162577|6|2.70
141010|3|2.67
264772|6|2.64
112510|9|2.61
382073|6|2.58
64495|6|2.58
149573|6|2.58
507612|9|2.52
56503|6|2.52
82104|6|2.52
506511|6|2.52
437493|6|2.46
507421|6|2.46
87988|6|2.46
134303|3|2.46
491294|9|2.43
107011|9|2.43
125553|6|2.40
438844|6|2.34
429027|6|2.34
454045|6|2.34
232177|9|2.34
72441|6|2.28
58818|6|2.28
439940|6|2.22
103499|6|2.22
436396|6|2.22
202047|6|2.22
243482|6|2.16
152972|6|2.16
150560|6|2.10
136050|3|2.10
395823|6|2.10
446053|6|2.04
112539|6|2.04
89745|6|1.98
121566|9|1.98
148627|6|1.98
321721|4|1.96
187656|6|1.92
407045|6|1.92
112820|6|1.92
42491|3|1.89
91413|6|1.86
355768|6|1.86
478918|6|1.86
165841|6|1.86
105389|6|1.86
116984|6|1.80
105163|6|1.80
187080|6|1.80
88323|6|1.80
143144|6|1.80
266268|3|1.77
333536|6|1.74
151208|6|1.68
468789|6|1.62
492855|6|1.62
411491|3|1.62
86978|9|1.62
407767|6|1.56
348124|6|1.56
164870|6|1.56
188508|6|1.56
52663|3|1.53
225424|9|1.53
440338|6|1.44
135534|3|1.38
314334|6|1.38
353902|3|1.38
418883|6|1.38
489513|9|1.35
175519|3|1.35
126720|3|1.35
123333|6|1.32
231100|6|1.26
484155|2|1.26
369360|6|1.26
513424|6|1.26
494993|6|1.26
78205|2|1.22
455470|3|1.20
162892|6|1.20
225099|6|1.20
294239|6|1.20
351884|9|1.17
76970|3|1.14
107738|6|1.14
263692|3|1.14
200276|6|1.14
121526|3|1.14
121568|3|1.11
443778|6|1.08
135627|3|1.08
199136|6|1.02
104493|6|1.02
324539|6|1.02
46169|3|1.02
144562|6|1.02
412752|3|1.02
92497|6|.96
197283|3|.96
483787|6|.96
143496|6|.96
29398|3|.96
443458|3|.93
190253|3|.93
263458|6|.90
231603|6|.90
353610|6|.90
133511|9|.90
52807|3|.87
378232|6|.84
410720|3|.84
165173|6|.84
380721|3|.84
160349|6|.84
103358|6|.84
175474|3|.81
352245|9|.81
327539|6|.78
471413|6|.78
471139|6|.78
496410|6|.78
221344|6|.78
447494|6|.78
266317|6|.72
135119|3|.69
442265|4|.68
63127|3|.66
440963|3|.66
133296|6|.66
97950|6|.66
55341|3|.66
275294|6|.66
124839|3|.63
224918|9|.63
439046|3|.60
437945|6|.60
384755|3|.57
124263|3|.57
127540|3|.54
54611|3|.54
120837|6|.54
151156|6|.54
513136|6|.54
144792|6|.54
426437|3|.54
443103|6|.48
122261|6|.48
164187|6|.48
84667|6|.48
448293|6|.48
149201|6|.48
249922|6|.48
466737|3|.48
151795|6|.48
437718|6|.48
165897|6|.48
445027|3|.45
104960|9|.45
444532|6|.42
381257|3|.42
263346|6|.42
391867|6|.42
224004|6|.42
132974|6|.42
476476|6|.42
107208|6|.42
123823|3|.39
268474|6|.36
446320|3|.36
85069|3|.36
411928|3|.36
118779|6|.36
48695|3|.36
418582|6|.36
456138|6|.36
332247|3|.33
439137|6|.30
258139|6|.30
420540|3|.30
86677|3|.30
216233|6|.30
127998|6|.30
75014|3|.27
640137|3|.27
492266|6|.24
516332|6|.24
98988|6|.24
495123|6|.24
91534|6|.24
190882|6|.24
309073|3|.24
192234|3|.24
333273|6|.24
129112|6|.24
496438|2|.22
307219|3|.21
448795|3|.21
71553|3|.18
305489|4|.16
162717|3|.15
123383|3|.15
51110|3|.12
80871|6|.12
168438|6|.12
265901|3|.12
62287|3|.12
134776|3|.12
86397|3|.12
167732|3|.12
511715|3|.12
155650|3|.12
55409|3|.12
594035|2|.10
