LREF	IOCODE	FICHENO	DATE_	DUEDATE	TYPE	CLIENTREF	TLTOTAL	CURID	CURTOTAL	EXPLAIN	CANCELED	OWNERREF	OWNERTYPE	TAX	DV	GRANDTOTAL	PRINTCOUNT	PAYABLETOTAL	CLOSED	FITNO	BN_TYPE	AMOUNT	PERIOD	ADDDATE	ADDUSER	ABYS_ID	ABYS_ACCOUNT_ID	ABYS_ACTION_TYPE_ID	ABYS_AGREEMENT_ID	ABYS_MAIN_LREF	OV_KIND
34731473	1	TAHSILAT	2009-03-10 00:00:00	2009-03-10 00:00:00	101	251522	246	160	246	\N	0	197168	91	0	0	246	0	246	1	136283	1	246	200903	2009-03-10 00:00:00	10195	34731473	570480	4	197168	468800	TAH_INV
34943669	1	TAHSILAT	2011-05-17 00:00:00	2011-05-17 00:00:00	101	306082	311	160	311	\N	0	276503	91	0	0	311	0	311	1	316217	1	311	201105	2011-05-17 00:00:00	10144	34943669	853989	4	276503	661450	TAH_INV
34984326	1	TAHSILAT	2011-10-20 00:00:00	2011-10-20 00:00:00	101	306082	11	160	11	\N	0	276503	91	0	0	11	0	11	1	316217	1	11	201110	2011-10-20 00:00:00	10090	34984326	899639	4	276503	702889	TAH_INV
35080081	1	TAHSILAT	2013-01-16 00:00:00	2013-01-16 00:00:00	101	306082	200	160	200	\N	0	276503	91	0	0	200	0	200	1	316217	1	200	201301	2013-01-16 00:00:00	10144	35080081	998085	4	276503	800106	TAH_INV
35080082	1	TAHSILAT	2013-01-16 00:00:00	2013-01-16 00:00:00	101	306082	41.45	160	41.45	\N	0	276503	91	0	0	41.45	0	41.45	1	316217	1	41.45	201301	2013-01-16 00:00:00	10144	35080082	998086	4	276503	800107	TAH_INV
35315774	1	TAHSILAT	2002-04-09 00:00:00	2002-04-09 00:00:00	101	6879	30	160	30	\N	0	5727	91	0	0	30	0	30	1	30030	1	30	200204	2002-04-09 00:00:00	10211	35315774	26833591	4	5727	35315773	TAH_INV
35356494	1	TAHSILAT	2000-11-28 00:00:00	2000-11-28 00:00:00	101	48214	2520	160	2520	\N	0	2221	91	0	0	2520	0	2520	1	24362	1	2520	200011	2000-11-28 00:00:00	10022	35356494	26853951	4	2221	35356493	TAH_INV
35892386	1	TAHSILAT	2004-03-22 00:00:00	2004-03-22 00:00:00	101	6879	48.18	160	48.18	\N	0	5727	91	0	0	48.18	0	48.18	1	30030	1	48.18	200403	2004-03-22 00:00:00	10136	35892386	1697841	7	5727	8610521	TAH_INV
35903044	1	TAHSILAT	2004-12-16 00:00:00	2004-12-16 00:00:00	101	48214	2450.84	160	2450.84	\N	0	2221	91	0	0	2450.84	0	2450.84	1	24362	1	2450.84	200412	2004-12-16 00:00:00	10001	35903044	1258730	7	2221	8170377	TAH_INV
35924390	1	TAHSILAT	2004-11-23 00:00:00	2004-11-23 00:00:00	101	6879	13.56	160	13.56	\N	0	5727	91	0	0	13.56	0	13.56	1	30030	1	13.56	200411	2004-11-23 00:00:00	10048	35924390	1301161	7	5727	8212936	TAH_INV
36009427	1	TAHSILAT	2004-07-27 00:00:00	2004-07-27 00:00:00	101	6879	8.61	160	8.61	\N	0	5727	91	0	0	8.61	0	8.61	1	30030	1	8.61	200407	2004-07-27 00:00:00	10048	36009427	1494398	7	5727	8406681	TAH_INV
36056095	1	TAHSILAT	2004-03-16 00:00:00	2004-03-16 00:00:00	101	48214	2730.67	160	2730.67	\N	0	2221	91	0	0	2730.67	0	2730.67	1	24362	1	2730.67	200403	2004-03-16 00:00:00	10001	36056095	3488489	7	2221	10407024	TAH_INV
36084553	1	TAHSILAT	2004-02-27 00:00:00	2004-02-27 00:00:00	101	6879	70.34	160	70.34	\N	0	5727	91	0	0	70.34	0	70.34	1	30030	1	70.34	200402	2004-02-27 00:00:00	10031	36084553	1889275	4	5727	8802265	TAH_INV
36090783	1	TAHSILAT	2003-02-18 00:00:00	2003-02-18 00:00:00	101	6879	0.38	160	0.38	\N	0	5727	91	0	0	0.38	0	0.38	1	30030	1	0.38	200301	2003-02-18 00:00:00	10031	36090783	1536886	4	5727	8449236	TAH_INV
36092282	1	TAHSILAT	2003-01-28 00:00:00	2003-01-28 00:00:00	101	48214	6033.73	160	6033.73	\N	0	2221	91	0	0	6033.73	0	6033.73	1	24362	1	6033.73	200301	2003-01-28 00:00:00	10199	36092282	1533659	4	2221	8445999	TAH_INV
36094467	1	TAHSILAT	2003-02-06 00:00:00	2003-02-06 00:00:00	101	48214	486.78	160	486.78	\N	0	2221	91	0	0	486.78	0	486.78	1	24362	1	486.78	200301	2003-02-06 00:00:00	10199	36094467	1533659	4	2221	8445999	TAH_INV
36094688	1	TAHSILAT	2004-02-20 00:00:00	2004-02-20 00:00:00	101	48214	4325.91	160	4325.91	\N	0	2221	91	0	0	4325.91	0	4325.91	1	24362	1	4325.91	200402	2004-02-20 00:00:00	10001	36094688	1878094	7	2221	8791067	TAH_INV
36124560	1	TAHSILAT	2004-01-19 00:00:00	2004-01-19 00:00:00	101	48214	3522.65	160	3522.65	\N	0	2221	91	0	0	3522.65	0	3522.65	1	24362	1	3522.65	200401	2004-01-19 00:00:00	10047	36124560	1834557	7	2221	8747460	TAH_INV
36131524	1	TAHSILAT	2004-01-26 00:00:00	2004-01-26 00:00:00	101	6879	62.32	160	62.32	\N	0	5727	91	0	0	62.32	0	62.32	1	30030	1	62.32	200401	2004-01-26 00:00:00	10048	36131524	1852418	7	5727	8765345	TAH_INV
36156430	1	TAHSILAT	2002-11-22 00:00:00	2002-11-22 00:00:00	101	48214	652.97	160	652.97	\N	0	2221	91	0	0	652.97	0	652.97	1	24362	1	652.97	200211	2002-11-22 00:00:00	10199	36156430	1459750	7	2221	8371893	TAH_INV
36176025	1	TAHSILAT	2004-05-17 00:00:00	2004-05-17 00:00:00	101	6879	15.95	160	15.95	\N	0	5727	91	0	0	15.95	0	15.95	1	30030	1	15.95	200405	2004-05-17 00:00:00	10136	36176025	1576991	7	5727	8489418	TAH_INV
36185984	1	TAHSILAT	2004-05-18 00:00:00	2004-05-18 00:00:00	101	48214	1192.3	160	1192.3	\N	0	2221	91	0	0	1192.3	0	1192.3	1	24362	1	1192.3	200405	2004-05-18 00:00:00	10031	36185984	1563770	7	2221	8476178	TAH_INV
36208065	1	TAHSILAT	2003-06-17 00:00:00	2003-06-17 00:00:00	101	48214	728	160	728	\N	0	2221	91	0	0	728	0	728	1	24362	1	728	200305	2003-06-17 00:00:00	10031	36208065	1775590	4	2221	8688394	TAH_INV
36225637	1	TAHSILAT	2003-06-02 00:00:00	2003-06-02 00:00:00	101	6879	34.61	160	34.61	\N	0	5727	91	0	0	34.61	0	34.61	1	30030	1	34.61	200305	2003-06-02 00:00:00	10031	36225637	1782988	4	5727	8695812	TAH_INV
36237953	1	TAHSILAT	2003-05-28 00:00:00	2003-05-28 00:00:00	101	48214	6105.14	160	6105.14	\N	0	2221	91	0	0	6105.14	0	6105.14	1	24362	1	6105.14	200305	2003-05-28 00:00:00	10031	36237953	1775590	4	2221	8688394	TAH_INV
36248748	1	TAHSILAT	2003-09-30 00:00:00	2003-09-30 00:00:00	101	6879	6.94	160	6.94	\N	0	5727	91	0	0	6.94	0	6.94	1	30030	1	6.94	200309	2003-09-30 00:00:00	10048	36248748	2006730	7	5727	8920115	TAH_INV
36270315	1	TAHSILAT	2003-07-30 00:00:00	2003-07-30 00:00:00	101	6879	4.68	160	4.68	\N	0	5727	91	0	0	4.68	0	4.68	1	30030	1	4.68	200307	2003-07-30 00:00:00	10031	36270315	1935242	7	5727	8848315	TAH_INV
36297909	1	TAHSILAT	2003-11-04 00:00:00	2003-11-04 00:00:00	101	6879	9.6	160	9.6	\N	0	5727	91	0	0	9.6	0	9.6	1	30030	1	9.6	200310	2003-11-04 00:00:00	10048	36297909	2043038	7	5727	8956490	TAH_INV
36328765	1	TAHSILAT	2003-12-04 00:00:00	2003-12-04 00:00:00	101	48214	650.42	160	650.42	\N	0	2221	91	0	0	650.42	0	650.42	1	24362	1	650.42	200311	2003-12-04 00:00:00	10173	36328765	2062658	7	2221	8976174	TAH_INV
36338556	1	TAHSILAT	2003-12-26 00:00:00	2003-12-26 00:00:00	101	48214	2389.35	160	2389.35	\N	0	2221	91	0	0	2389.35	0	2389.35	1	24362	1	2389.35	200312	2003-12-26 00:00:00	10047	36338556	2100360	4	2221	9013984	TAH_INV
36355226	1	TAHSILAT	2005-01-17 00:00:00	2005-01-17 00:00:00	101	48214	4163.62	160	4163.62	\N	0	2221	91	0	0	4163.62	0	4163.62	1	24362	1	4163.62	200501	2005-01-17 00:00:00	10038	36355226	2145952	7	2221	9059684	TAH_INV
36379163	1	TAHSILAT	2005-02-11 00:00:00	2005-02-11 00:00:00	101	48214	4453	160	4453	\N	0	2221	91	0	0	4453	0	4453	1	24362	1	4453	200502	2005-02-11 00:00:00	10047	36379163	2205910	7	2221	9119750	TAH_INV
36380179	1	TAHSILAT	2005-02-14 00:00:00	2005-02-14 00:00:00	101	6879	75	160	75	\N	0	5727	91	0	0	75	0	75	1	30030	1	75	200502	2005-02-14 00:00:00	10050	36380179	2225665	7	5727	9139522	TAH_INV
36420292	1	TAHSILAT	2005-03-14 00:00:00	2005-03-14 00:00:00	101	6879	72	160	72	\N	0	5727	91	0	0	72	0	72	1	30030	1	72	200503	2005-03-14 00:00:00	10050	36420292	2274561	7	5727	9188523	TAH_INV
36423630	1	TAHSILAT	2005-03-14 00:00:00	2005-03-14 00:00:00	101	48214	4449	160	4449	\N	0	2221	91	0	0	4449	0	4449	1	24362	1	4449	200503	2005-03-14 00:00:00	10047	36423630	2262101	7	2221	9176030	TAH_INV
36463840	1	TAHSILAT	2005-04-14 00:00:00	2005-04-14 00:00:00	101	6879	67	160	67	\N	0	5727	91	0	0	67	0	67	1	30030	1	67	200504	2005-04-14 00:00:00	10050	36463840	2345622	7	5727	9259730	TAH_INV
36531936	1	TAHSILAT	2005-06-14 00:00:00	2005-06-14 00:00:00	101	6879	12	160	12	\N	0	5727	91	0	0	12	0	12	1	30030	1	12	200506	2005-06-14 00:00:00	10050	36531936	2471537	7	5727	9385849	TAH_INV
36638730	1	TAHSILAT	2005-11-15 00:00:00	2005-11-15 00:00:00	101	48214	2190.14	160	2190.14	\N	0	2221	91	0	0	2190.14	0	2190.14	1	24362	1	2190.14	200511	2005-11-15 00:00:00	10069	36638730	2706501	7	2221	9622297	TAH_INV
36676611	1	TAHSILAT	2005-12-09 00:00:00	2005-12-09 00:00:00	101	48214	3105	160	3105	\N	0	2221	91	0	0	3105	0	3105	1	24362	1	3105	200512	2005-12-09 00:00:00	10001	36676611	2776287	4	2221	9692181	TAH_INV
36690781	1	TAHSILAT	2005-12-12 00:00:00	2005-12-12 00:00:00	101	6879	52	160	52	\N	0	5727	91	0	0	52	0	52	1	30030	1	52	200512	2005-12-12 00:00:00	10001	36690781	2800208	7	5727	9716132	TAH_INV
36728560	1	TAHSILAT	2006-01-18 00:00:00	2006-01-18 00:00:00	101	6879	82	160	82	\N	0	5727	91	0	0	82	0	82	1	30030	1	82	200601	2006-01-18 00:00:00	10001	36728560	2870913	4	5727	9786938	TAH_INV
36767732	1	TAHSILAT	2006-02-14 00:00:00	2006-02-14 00:00:00	101	6879	117	160	117	\N	0	5727	91	0	0	117	0	117	1	30030	1	117	200602	2006-02-14 00:00:00	10001	36767732	2952845	4	5727	9869048	TAH_INV
36778806	1	TAHSILAT	2006-02-09 00:00:00	2006-02-09 00:00:00	101	48214	6690	160	6690	\N	0	2221	91	0	0	6690	0	6690	1	24362	1	6690	200602	2006-02-09 00:00:00	10001	36778806	2928292	7	2221	9844414	TAH_INV
36902705	1	TAHSILAT	2006-05-16 00:00:00	2006-05-16 00:00:00	101	6879	25	160	25	\N	0	5727	91	0	0	25	0	25	1	30030	1	25	200605	2006-05-16 00:00:00	10001	36902705	3219778	4	5727	10136864	TAH_INV
36904423	1	TAHSILAT	2006-05-15 00:00:00	2006-05-15 00:00:00	101	48214	2333	160	2333	\N	0	2221	91	0	0	2333	0	2333	1	24362	1	2333	200605	2006-05-15 00:00:00	10001	36904423	3184609	7	2221	10101546	TAH_INV
36960162	1	TAHSILAT	2006-06-13 00:00:00	2006-06-13 00:00:00	101	48214	295	160	295	\N	0	2221	91	0	0	295	0	295	1	24362	1	295	200606	2006-06-13 00:00:00	10001	36960162	3280452	7	2221	10197780	TAH_INV
36960725	1	TAHSILAT	2006-06-19 00:00:00	2006-06-19 00:00:00	101	6879	15	160	15	\N	0	5727	91	0	0	15	0	15	1	30030	1	15	200606	2006-06-19 00:00:00	10001	36960725	3313856	4	5727	10231358	TAH_INV
37006193	1	TAHSILAT	2006-08-16 00:00:00	2006-08-16 00:00:00	101	6879	20	160	20	\N	0	5727	91	0	0	20	0	20	1	30030	1	20	200608	2006-08-16 00:00:00	10001	37006193	3416660	4	5727	10334836	TAH_INV
37046893	1	TAHSILAT	2006-09-18 00:00:00	2006-09-18 00:00:00	101	6879	10	160	10	\N	0	5727	91	0	0	10	0	10	1	30030	1	10	200609	2006-09-18 00:00:00	10001	37046893	3577419	7	5727	10496981	TAH_INV
37087309	1	TAHSILAT	2006-10-11 00:00:00	2006-10-11 00:00:00	101	6879	15	160	15	\N	0	5727	91	0	0	15	0	15	1	30030	1	15	200610	2006-10-11 00:00:00	10001	37087309	3679942	7	5727	10600902	TAH_INV
37228078	1	TAHSILAT	2007-01-15 00:00:00	2007-01-15 00:00:00	101	48214	6630	160	6630	\N	0	2221	91	0	0	6630	0	6630	1	24362	1	6630	200701	2007-01-15 00:00:00	10001	37228078	4004712	4	2221	10927279	TAH_INV
37238035	1	TAHSILAT	2007-01-15 00:00:00	2007-01-15 00:00:00	101	6879	125	160	125	\N	0	5727	91	0	0	125	0	125	1	30030	1	125	200701	2007-01-15 00:00:00	10001	37238035	3989902	4	5727	10912442	TAH_INV
37391331	1	TAHSILAT	2007-04-09 00:00:00	2007-04-09 00:00:00	101	6879	70	160	70	\N	0	5727	91	0	0	70	0	70	1	30030	1	70	200704	2007-04-09 00:00:00	10001	37391331	4342737	7	5727	11266318	TAH_INV
37447888	1	TAHSILAT	2007-05-09 00:00:00	2007-05-09 00:00:00	101	6879	35	160	35	\N	0	5727	91	0	0	35	0	35	1	30030	1	35	200705	2007-05-09 00:00:00	10001	37447888	4464426	4	5727	11388380	TAH_INV
37456536	1	TAHSILAT	2007-05-11 00:00:00	2007-05-11 00:00:00	101	48214	2395	160	2395	\N	0	2221	91	0	0	2395	0	2395	1	24362	1	2395	200705	2007-05-11 00:00:00	10001	37456536	4482679	7	2221	11406713	TAH_INV
37513185	1	TAHSILAT	2007-06-14 00:00:00	2007-06-14 00:00:00	101	6879	15	160	15	\N	0	5727	91	0	0	15	0	15	1	30030	1	15	200706	2007-06-14 00:00:00	10001	37513185	4591457	4	5727	11516065	TAH_INV
37688810	1	TAHSILAT	2007-11-13 00:00:00	2007-11-13 00:00:00	101	48214	1515	160	1515	\N	0	2221	91	0	0	1515	0	1515	1	24362	1	1515	200711	2007-11-13 00:00:00	10001	37688810	4986496	7	2221	11914812	TAH_INV
37752804	1	TAHSILAT	2007-12-13 00:00:00	2007-12-13 00:00:00	101	6879	85	160	85	\N	0	5727	91	0	0	85	0	85	1	30030	1	85	200712	2007-12-13 00:00:00	10001	37752804	5095919	7	5727	12024863	TAH_INV
37809163	1	TAHSILAT	2008-01-09 00:00:00	2008-01-09 00:00:00	101	6879	100	160	100	\N	0	5727	91	0	0	100	0	100	1	30030	1	100	200801	2008-01-09 00:00:00	10001	37809163	5235192	7	5727	12164717	TAH_INV
37880044	1	TAHSILAT	2008-02-13 00:00:00	2008-02-13 00:00:00	101	6879	130	160	130	\N	0	5727	91	0	0	130	0	130	1	30030	1	130	200802	2008-02-13 00:00:00	10001	37880044	5366005	7	5727	12295938	TAH_INV
37885038	1	TAHSILAT	2008-02-18 00:00:00	2008-02-18 00:00:00	101	48214	7420	160	7420	\N	0	2221	91	0	0	7420	0	7420	1	24362	1	7420	200802	2008-02-18 00:00:00	10001	37885038	5395165	4	2221	12325178	TAH_INV
37903774	1	TAHSILAT	2008-02-21 00:00:00	2008-02-21 00:00:00	101	48214	735	160	735	\N	0	2221	91	0	0	735	0	735	1	24362	1	735	200802	2008-02-21 00:00:00	10001	37903774	5395165	4	2221	12325178	TAH_INV
37944080	1	TAHSILAT	2008-03-14 00:00:00	2008-03-14 00:00:00	101	6879	90	160	90	\N	0	5727	91	0	0	90	0	90	1	30030	1	90	200803	2008-03-14 00:00:00	10001	37944080	5539564	7	5727	12481316	TAH_INV
37996818	1	TAHSILAT	2008-04-08 00:00:00	2008-04-08 00:00:00	101	6879	45	160	45	\N	0	5727	91	0	0	45	0	45	1	30030	1	45	200804	2008-04-08 00:00:00	10001	37996818	5775952	7	5727	12718062	TAH_INV
38019933	1	TAHSILAT	2008-04-15 00:00:00	2008-04-15 00:00:00	101	48214	108.94	160	108.94	\N	0	2221	91	0	0	108.94	0	108.94	1	24362	1	108.94	200801	2008-04-15 00:00:00	10001	38019933	5758162	4	2221	12700222	TAH_INV
38170089	1	TAHSILAT	2008-06-13 00:00:00	2008-06-13 00:00:00	101	6879	0.5	160	0.5	\N	0	5727	91	0	0	0.5	0	0.5	1	30030	1	0.5	200801	2008-06-13 00:00:00	10001	38170089	5737491	4	5727	12679542	TAH_INV
38170090	1	TAHSILAT	2008-06-13 00:00:00	2008-06-13 00:00:00	101	6879	15	160	15	\N	0	5727	91	0	0	15	0	15	1	30030	1	15	200806	2008-06-13 00:00:00	10001	38170090	6073459	4	5727	13016899	TAH_INV
38264718	1	TAHSILAT	2008-08-13 00:00:00	2008-08-13 00:00:00	101	6879	30	160	30	\N	0	5727	91	0	0	30	0	30	1	30030	1	30	200808	2008-08-13 00:00:00	10001	38264718	6241972	4	5727	13187241	TAH_INV
38327723	1	TAHSILAT	2008-10-16 00:00:00	2008-10-16 00:00:00	101	6879	40	160	40	\N	0	5727	91	0	0	40	0	40	1	30030	1	40	200810	2008-10-16 00:00:00	10001	38327723	6410596	4	5727	13357279	TAH_INV
38393599	1	TAHSILAT	2008-11-10 00:00:00	2008-11-10 00:00:00	101	6879	25	160	25	\N	0	5727	91	0	0	25	0	25	1	30030	1	25	200811	2008-11-10 00:00:00	10001	38393599	6510337	4	5727	13457571	TAH_INV
38474284	1	TAHSILAT	2008-12-19 00:00:00	2008-12-19 00:00:00	101	48214	4750	160	4750	\N	0	2221	91	0	0	4750	0	4750	1	24362	1	4750	200812	2008-12-19 00:00:00	10001	38474284	6716976	4	2221	13665261	TAH_INV
38534990	1	TAHSILAT	2009-01-12 00:00:00	2009-01-12 00:00:00	101	48214	135	160	135	\N	0	2221	91	0	0	135	0	135	1	24362	1	135	200812	2009-01-12 00:00:00	10001	38534990	6716976	4	2221	13665261	TAH_INV
38537602	1	TAHSILAT	2009-01-15 00:00:00	2009-01-15 00:00:00	101	6879	150	160	150	\N	0	5727	91	0	0	150	0	150	1	30030	1	150	200901	2009-01-15 00:00:00	10001	38537602	6812812	4	5727	13761364	TAH_INV
38763089	1	TAHSILAT	2009-04-14 00:00:00	2009-04-14 00:00:00	101	48214	5210	160	5210	\N	0	2221	91	0	0	5210	0	5210	1	24362	1	5210	200904	2009-04-14 00:00:00	10001	38763089	7352398	4	2221	14302714	TAH_INV
38775200	1	TAHSILAT	2009-04-15 00:00:00	2009-04-15 00:00:00	101	6879	95	160	95	\N	0	5727	91	0	0	95	0	95	1	30030	1	95	200904	2009-04-15 00:00:00	10001	38775200	7302088	4	5727	14252255	TAH_INV
38832633	1	TAHSILAT	2009-05-08 00:00:00	2009-05-08 00:00:00	101	48214	795	160	795	\N	0	2221	91	0	0	795	0	795	1	24362	1	795	200904	2009-05-08 00:00:00	10001	38832633	7352398	4	2221	14302714	TAH_INV
38876285	1	TAHSILAT	2009-05-28 00:00:00	2009-05-28 00:00:00	101	6879	45	160	45	\N	0	5727	91	0	0	45	0	45	1	30030	1	45	200905	2009-05-28 00:00:00	10001	38876285	7465525	5	5727	14416212	TAH_INV
38892189	1	TAHSILAT	2009-06-10 00:00:00	2009-06-10 00:00:00	101	48214	20	160	20	\N	0	2221	91	0	0	20	0	20	1	24362	1	20	200906	2009-06-10 00:00:00	10001	38892189	7610124	4	2221	14561532	TAH_INV
39053889	1	TAHSILAT	2009-10-01 00:00:00	2009-10-01 00:00:00	101	6879	5	160	5	\N	0	5727	91	0	0	5	0	5	1	30030	1	5	200909	2009-10-01 00:00:00	10001	39053889	7807513	5	5727	14760594	TAH_INV
39125301	1	TAHSILAT	2009-10-27 00:00:00	2009-10-27 00:00:00	101	251522	25	160	25	\N	0	197168	91	0	0	25	0	25	1	136283	1	25	200910	2009-10-27 00:00:00	10001	39125301	8074318	7	197168	15030009	TAH_INV
39199842	1	TAHSILAT	2009-12-07 00:00:00	2009-12-07 00:00:00	101	6879	5	160	5	\N	0	5727	91	0	0	5	0	5	1	30030	1	5	200910	2009-12-07 00:00:00	10001	39199842	7962225	4	5727	14916777	TAH_INV
39199843	1	TAHSILAT	2009-12-07 00:00:00	2009-12-07 00:00:00	101	6879	25.16	160	25.16	\N	0	5727	91	0	0	25.16	0	25.16	1	30030	1	25.16	200911	2009-12-07 00:00:00	10211	39199843	8203709	4	5727	15160318	TAH_INV
39297592	1	TAHSILAT	2010-01-11 00:00:00	2010-01-11 00:00:00	101	48214	176	160	176	\N	0	2221	91	0	0	176	0	176	1	24362	1	176	200912	2010-01-11 00:00:00	10152	39297592	8340070	4	2221	15297465	TAH_INV
39355460	1	TAHSILAT	2010-02-02 00:00:00	2010-02-02 00:00:00	101	48214	435	160	435	\N	0	2221	91	0	0	435	0	435	1	24362	1	435	201001	2010-02-02 00:00:00	10169	39355460	8463169	4	2221	15421141	TAH_INV
39359980	1	TAHSILAT	2010-01-28 00:00:00	2010-01-28 00:00:00	101	251522	250	160	250	\N	0	197168	91	0	0	250	0	250	1	136283	1	250	201001	2010-01-28 00:00:00	10001	39359980	8574356	7	197168	15532829	TAH_INV
39439130	1	TAHSILAT	2010-03-01 00:00:00	2010-03-01 00:00:00	101	6879	110	160	110	\N	0	5727	91	0	0	110	0	110	1	30030	1	110	201002	2010-03-01 00:00:00	10001	39439130	8616183	5	5727	15574851	TAH_INV
39532027	1	TAHSILAT	2010-04-07 00:00:00	2010-04-07 00:00:00	101	6879	85	160	85	\N	0	5727	91	0	0	85	0	85	1	30030	1	85	201003	2010-04-07 00:00:00	10001	39532027	8792782	5	5727	15752160	TAH_INV
39610413	1	TAHSILAT	2010-05-10 00:00:00	2010-05-10 00:00:00	101	48214	755	160	755	\N	0	2221	91	0	0	755	0	755	1	24362	1	755	201004	2010-05-10 00:00:00	10169	39610413	9000719	4	2221	15961029	TAH_INV
39878381	1	TAHSILAT	2010-09-23 00:00:00	2010-09-23 00:00:00	101	6879	15	160	15	\N	0	5727	91	0	0	15	0	15	1	30030	1	15	201006	2010-09-23 00:00:00	10001	39878381	9289016	4	5727	16250779	TAH_INV
39981002	1	TAHSILAT	2010-10-25 00:00:00	2010-10-25 00:00:00	101	48214	720	160	720	\N	0	2221	91	0	0	720	0	720	1	24362	1	720	201010	2010-10-25 00:00:00	10001	39981002	9845521	4	2221	16810979	TAH_INV
40058427	1	TAHSILAT	2010-11-25 00:00:00	2010-11-25 00:00:00	101	251522	130	160	130	\N	0	197168	91	0	0	130	0	130	1	136283	1	130	201011	2010-11-25 00:00:00	10001	40058427	10069228	33	197168	17034950	TAH_INV
40087458	1	TAHSILAT	2010-12-09 00:00:00	2010-12-09 00:00:00	101	6879	10	160	10	\N	0	5727	91	0	0	10	0	10	1	30030	1	10	201010	2010-12-09 00:00:00	10001	40087458	9929208	5	5727	16894775	TAH_INV
40087459	1	TAHSILAT	2010-12-09 00:00:00	2010-12-09 00:00:00	101	6879	35	160	35	\N	0	5727	91	0	0	35	0	35	1	30030	1	35	201011	2010-12-09 00:00:00	10001	40087459	10039040	5	5727	17004731	TAH_INV
40174474	1	TAHSILAT	2011-01-10 00:00:00	2011-01-10 00:00:00	101	48214	550	160	550	\N	0	2221	91	0	0	550	0	550	1	24362	1	550	201012	2011-01-10 00:00:00	10039	40174474	10277365	4	2221	17243275	TAH_INV
40338005	1	TAHSILAT	2011-03-07 00:00:00	2011-03-07 00:00:00	101	48214	755	160	755	\N	0	2221	91	0	0	755	0	755	1	24362	1	755	201102	2011-03-07 00:00:00	10144	40338005	10587244	4	2221	17553766	TAH_INV
40345771	1	TAHSILAT	2011-02-28 00:00:00	2011-02-28 00:00:00	101	251522	350	160	350	\N	0	197168	91	0	0	350	0	350	1	136283	1	350	201101	2011-02-28 00:00:00	10001	40345771	10458275	7	197168	17424368	TAH_INV
40479542	1	TAHSILAT	2011-04-20 00:00:00	2011-04-20 00:00:00	101	251522	330	160	330	\N	0	197168	91	0	0	330	0	330	1	136283	1	330	201104	2011-04-20 00:00:00	10001	40479542	10887878	33	197168	17855023	TAH_INV
40523970	1	TAHSILAT	2011-05-08 00:00:00	2011-05-08 00:00:00	101	6879	135	160	135	\N	0	5727	91	0	0	135	0	135	1	30030	1	135	201103	2011-05-08 00:00:00	10001	40523970	10814852	22	5727	17781948	TAH_INV
40524522	1	TAHSILAT	2011-05-05 00:00:00	2011-05-05 00:00:00	101	48214	445	160	445	\N	0	2221	91	0	0	445	0	445	1	24362	1	445	201104	2011-05-05 00:00:00	10144	40524522	11032365	4	2221	17999680	TAH_INV
40604059	1	TAHSILAT	2011-05-30 00:00:00	2011-05-30 00:00:00	101	48214	500	160	500	\N	0	2221	91	0	0	500	0	500	1	24362	1	500	201105	2011-05-30 00:00:00	10144	40604059	11309611	4	2221	18277190	TAH_INV
40667855	1	TAHSILAT	2011-06-24 00:00:00	2011-06-24 00:00:00	101	6879	70	160	70	\N	0	5727	91	0	0	70	0	70	1	30030	1	70	201105	2011-06-24 00:00:00	10001	40667855	11256565	22	5727	18224085	TAH_INV
40702381	1	TAHSILAT	2011-07-08 00:00:00	2011-07-08 00:00:00	101	6879	25	160	25	\N	0	5727	91	0	0	25	0	25	1	30030	1	25	201106	2011-07-08 00:00:00	10001	40702381	11484644	22	5727	18452373	TAH_INV
40731962	1	TAHSILAT	2011-07-18 00:00:00	2011-07-18 00:00:00	101	251522	20	160	20	\N	0	197168	91	0	0	20	0	20	1	136283	1	20	201107	2011-07-18 00:00:00	10001	40731962	11517615	43	197168	18485369	TAH_INV
40799619	1	TAHSILAT	2011-08-10 00:00:00	2011-08-10 00:00:00	101	6879	15	160	15	\N	0	5727	91	0	0	15	0	15	1	30030	1	15	201107	2011-08-10 00:00:00	10001	40799619	11508895	43	5727	18476645	TAH_INV
40933972	1	TAHSILAT	2011-09-27 00:00:00	2011-09-27 00:00:00	101	251522	20	160	20	\N	0	197168	91	0	0	20	0	20	1	136283	1	20	201109	2011-09-27 00:00:00	10001	40933972	12237420	33	197168	19205823	TAH_INV
41005581	1	TAHSILAT	2011-10-20 00:00:00	2011-10-20 00:00:00	101	306082	5	160	5	\N	0	276503	91	0	0	5	0	5	1	316217	1	5	201107	2011-10-20 00:00:00	10001	41005581	11748308	4	276503	18716294	TAH_INV
41005582	1	TAHSILAT	2011-10-20 00:00:00	2011-10-20 00:00:00	101	306082	5	160	5	\N	0	276503	91	0	0	5	0	5	1	316217	1	5	201109	2011-10-20 00:00:00	10001	41005582	11886581	4	276503	18854686	TAH_INV
41139658	1	TAHSILAT	2011-12-06 00:00:00	2011-12-06 00:00:00	101	6879	5	160	5	\N	0	5727	91	0	0	5	0	5	1	30030	1	5	201109	2011-12-06 00:00:00	10001	41139658	11849293	5	5727	18817355	TAH_INV
41154779	1	TAHSILAT	2011-12-12 00:00:00	2011-12-12 00:00:00	101	48214	955	160	955	\N	0	2221	91	0	0	955	0	955	1	24362	1	955	201111	2011-12-12 00:00:00	10251	41154779	12414485	4	2221	19383145	TAH_INV
41262109	1	TAHSILAT	2012-01-11 00:00:00	2012-01-11 00:00:00	101	48214	900	160	900	\N	0	2221	91	0	0	900	0	900	1	24362	1	900	201112	2012-01-11 00:00:00	10187	41262109	12708975	4	2221	19677953	TAH_INV
41459678	1	TAHSILAT	2012-03-08 00:00:00	2012-03-08 00:00:00	101	48214	3695	160	3695	\N	0	2221	91	0	0	3695	0	3695	1	24362	1	3695	201202	2012-03-08 00:00:00	10067	41459678	13163455	4	2221	20132980	TAH_INV
41483948	1	TAHSILAT	2012-03-16 00:00:00	2012-03-16 00:00:00	101	6879	10	160	10	\N	0	5727	91	0	0	10	0	10	1	30030	1	10	201203	2012-03-16 00:00:00	10001	41483948	13137340	5	5727	20106849	TAH_INV
41524232	1	TAHSILAT	2012-03-23 00:00:00	2012-03-23 00:00:00	101	48214	8000	160	8000	\N	0	2221	91	0	0	8000	0	8000	1	24362	1	8000	201203	2012-03-23 00:00:00	10001	41524232	13492793	4	2221	20462703	TAH_INV
41580057	1	TAHSILAT	2012-04-13 00:00:00	2012-04-13 00:00:00	101	48214	1755	160	1755	\N	0	2221	91	0	0	1755	0	1755	1	24362	1	1755	201203	2012-04-13 00:00:00	10001	41580057	13492793	4	2221	20462703	TAH_INV
41640821	1	TAHSILAT	2012-04-30 00:00:00	2012-04-30 00:00:00	101	251522	180	160	180	\N	0	197168	91	0	0	180	0	180	1	136283	1	180	201204	2012-04-30 00:00:00	10001	41640821	13545776	33	197168	20515715	TAH_INV
41649069	1	TAHSILAT	2012-05-10 00:00:00	2012-05-10 00:00:00	101	48214	1000	160	1000	\N	0	2221	91	0	0	1000	0	1000	1	24362	1	1000	201204	2012-05-10 00:00:00	10198	41649069	13497095	4	2221	20467009	TAH_INV
41649070	1	TAHSILAT	2012-05-10 00:00:00	2012-05-10 00:00:00	101	48214	65	160	65	\N	0	2221	91	0	0	65	0	65	1	24362	1	65	201205	2012-05-10 00:00:00	10001	41649070	13689738	4	2221	20659795	TAH_INV
41723051	1	TAHSILAT	2012-05-22 00:00:00	2012-05-22 00:00:00	101	251522	70	160	70	\N	0	197168	91	0	0	70	0	70	1	136283	1	70	201205	2012-05-22 00:00:00	10001	41723051	13724458	5	197168	20694535	TAH_INV
41729750	1	TAHSILAT	2012-05-23 00:00:00	2012-05-23 00:00:00	101	48214	10	160	10	\N	0	2221	91	0	0	10	0	10	1	24362	1	10	201205	2012-05-23 00:00:00	10001	41729750	13975566	4	2221	20945845	TAH_INV
41744860	1	TAHSILAT	2012-06-01 00:00:00	2012-06-01 00:00:00	101	6879	15	160	15	\N	0	5727	91	0	0	15	0	15	1	30030	1	15	201205	2012-06-01 00:00:00	10001	41744860	13650043	22	5727	20620074	TAH_INV
41934175	1	TAHSILAT	2012-09-15 00:00:00	2012-09-15 00:00:00	101	251522	25	160	25	\N	0	197168	91	0	0	25	0	25	1	136283	1	25	201209	2012-09-15 00:00:00	10001	41934175	14655321	33	197168	21626273	TAH_INV
41973284	1	TAHSILAT	2012-09-21 00:00:00	2012-09-21 00:00:00	101	6879	20	160	20	\N	0	5727	91	0	0	20	0	20	1	30030	1	20	201208	2012-09-21 00:00:00	10001	41973284	14519940	22	5727	21490781	TAH_INV
42073278	1	TAHSILAT	2012-08-14 00:00:00	2012-08-14 00:00:00	101	251522	20	160	20	\N	0	197168	91	0	0	20	0	20	1	136283	1	20	201208	2012-08-14 00:00:00	10001	42073278	14501773	22	197168	21472575	TAH_INV
42175490	1	TAHSILAT	2012-10-15 00:00:00	2012-10-15 00:00:00	101	251522	20	160	20	\N	0	197168	91	0	0	20	0	20	1	136283	1	20	201210	2012-10-15 00:00:00	10001	42175490	14933170	22	197168	21904363	TAH_INV
42175491	1	TAHSILAT	2012-10-15 00:00:00	2012-10-15 00:00:00	101	251522	565	160	565	\N	0	197168	91	0	0	565	0	565	1	136283	1	565	201202	2012-10-15 00:00:00	10001	42175491	13221074	22	197168	20190743	TAH_INV
42333918	1	TAHSILAT	2012-12-19 00:00:00	2012-12-19 00:00:00	101	251522	145	160	145	\N	0	197168	91	0	0	145	0	145	1	136283	1	145	201212	2012-12-19 00:00:00	10001	42333918	15444569	22	197168	22416150	TAH_INV
42343634	1	TAHSILAT	2012-11-21 00:00:00	2012-11-21 00:00:00	101	251522	25	160	25	\N	0	197168	91	0	0	25	0	25	1	136283	1	25	201211	2012-11-21 00:00:00	10001	42343634	15166687	22	197168	22138057	TAH_INV
42385084	1	TAHSILAT	2013-01-16 00:00:00	2013-01-16 00:00:00	101	306082	1.1	160	1.1	\N	0	276503	91	0	0	1.1	0	1.1	1	316217	1	1.1	201209	2013-01-16 00:00:00	10001	42385084	14455279	4	276503	21426018	TAH_INV
42424368	1	TAHSILAT	2013-01-15 00:00:00	2013-01-15 00:00:00	101	6879	150	160	150	\N	0	5727	91	0	0	150	0	150	1	30030	1	150	201212	2013-01-15 00:00:00	10001	42424368	15463330	22	5727	22434925	TAH_INV
42474063	1	TAHSILAT	2012-11-21 00:00:00	2012-11-21 00:00:00	101	6879	15	160	15	\N	0	5727	91	0	0	15	0	15	1	30030	1	15	201210	2012-11-21 00:00:00	10001	42474063	14932529	43	5727	21903722	TAH_INV
42578130	1	TAHSILAT	2013-03-15 00:00:00	2013-03-15 00:00:00	101	48214	7810	160	7810	\N	0	2221	91	0	0	7810	0	7810	1	24362	1	7810	201302	2013-03-15 00:00:00	10001	42578130	15923467	32	2221	22895424	TAH_INV
42578131	1	TAHSILAT	2013-03-15 00:00:00	2013-03-15 00:00:00	101	48214	195	160	195	\N	0	2221	91	0	0	195	0	195	1	24362	1	195	201302	2013-03-15 00:00:00	10001	42578131	15934219	32	2221	22906183	TAH_INV
42596505	1	TAHSILAT	2013-02-25 00:00:00	2013-02-25 00:00:00	101	251522	500	160	500	\N	0	197168	91	0	0	500	0	500	1	136283	1	500	201301	2013-02-25 00:00:00	10001	42596505	15640062	22	197168	22611802	TAH_INV
42711348	1	TAHSILAT	2013-04-08 00:00:00	2013-04-08 00:00:00	101	6879	150	160	150	\N	0	5727	91	0	0	150	0	150	1	30030	1	150	201303	2013-04-08 00:00:00	10001	42711348	16004651	7	5727	22976660	TAH_INV
42715924	1	TAHSILAT	2013-02-15 00:00:00	2013-02-15 00:00:00	101	6879	230	160	230	\N	0	5727	91	0	0	230	0	230	1	30030	1	230	201301	2013-02-15 00:00:00	10001	42715924	15547741	22	5727	22519405	TAH_INV
42989908	1	TAHSILAT	2013-06-19 00:00:00	2013-06-19 00:00:00	101	6879	105	160	105	\N	0	5727	91	0	0	105	0	105	1	30030	1	105	201304	2013-06-19 00:00:00	10001	42989908	16288150	22	5727	23260374	TAH_INV
43053744	1	TAHSILAT	2013-07-09 00:00:00	2013-07-09 00:00:00	101	48214	45	160	45	\N	0	2221	91	0	0	45	0	45	1	24362	1	45	201305	2013-07-09 00:00:00	10001	43053744	16370414	32	2221	23342689	TAH_INV
43066577	1	TAHSILAT	2013-07-02 00:00:00	2013-07-02 00:00:00	101	48214	2050	160	2050	\N	0	2221	91	0	0	2050	0	2050	1	24362	1	2050	201305	2013-07-02 00:00:00	10001	43066577	16404055	32	2221	23376350	TAH_INV
43083813	1	TAHSILAT	2013-07-16 00:00:00	2013-07-16 00:00:00	101	251522	145	160	145	\N	0	197168	91	0	0	145	0	145	1	136283	1	145	201305	2013-07-16 00:00:00	10001	43083813	16547588	32	197168	23519962	TAH_INV
43116139	1	TAHSILAT	2013-06-18 00:00:00	2013-06-18 00:00:00	101	251522	25	160	25	\N	0	197168	91	0	0	25	0	25	1	136283	1	25	201306	2013-06-18 00:00:00	10001	43116139	16742819	32	197168	23715324	TAH_INV
43458998	1	TAHSILAT	2013-10-21 00:00:00	2013-10-21 00:00:00	101	6879	5	160	5	\N	0	5727	91	0	0	5	0	5	1	30030	1	5	201308	2013-10-21 00:00:00	10001	43458998	17242301	22	5727	24215190	TAH_INV
43458999	1	TAHSILAT	2013-10-21 00:00:00	2013-10-21 00:00:00	101	6879	10	160	10	\N	0	5727	91	0	0	10	0	10	1	30030	1	10	201310	2013-10-21 00:00:00	10001	43458999	17664763	22	5727	24637995	TAH_INV
43554107	1	TAHSILAT	2013-12-10 00:00:00	2013-12-10 00:00:00	101	48214	2520	160	2520	\N	0	2221	91	0	0	2520	0	2520	1	24362	1	2520	201311	2013-12-10 00:00:00	10001	43554107	18588966	32	2221	25562930	TAH_INV
43582254	1	TAHSILAT	2014-01-14 00:00:00	2014-01-14 00:00:00	101	48214	7410	160	7410	\N	0	2221	91	0	0	7410	0	7410	1	24362	1	7410	201312	2014-01-14 00:00:00	10001	43582254	18003826	32	2221	24977311	TAH_INV
43696621	1	TAHSILAT	2013-12-31 00:00:00	2013-12-31 00:00:00	101	6879	70	160	70	\N	0	5727	91	0	0	70	0	70	1	30030	1	70	201311	2013-12-31 00:00:00	10001	43696621	18481796	33	5727	25455661	TAH_INV
43820417	1	TAHSILAT	2013-12-05 00:00:00	2013-12-05 00:00:00	101	251522	50	160	50	\N	0	197168	91	0	0	50	0	50	1	136283	1	50	201311	2013-12-05 00:00:00	10001	43820417	18560640	32	197168	25534581	TAH_INV
44081513	1	TAHSILAT	2014-01-24 00:00:00	2014-01-24 00:00:00	101	251522	440	160	440	\N	0	197168	91	0	0	440	0	440	1	136283	1	440	201401	2014-01-24 00:00:00	10001	44081513	18091151	33	197168	25064724	TAH_INV
44087606	1	TAHSILAT	2014-02-03 00:00:00	2014-02-03 00:00:00	101	6879	55	160	55	\N	0	5727	91	0	0	55	0	55	1	30030	1	55	201312	2014-02-03 00:00:00	10001	44087606	18047266	33	5727	25020790	TAH_INV
44087607	1	TAHSILAT	2014-02-03 00:00:00	2014-02-03 00:00:00	101	6879	185	160	185	\N	0	5727	91	0	0	185	0	185	1	30030	1	185	201401	2014-02-03 00:00:00	10001	44087607	17930518	33	5727	24903955	TAH_INV
44136332	1	TAHSILAT	2014-05-15 00:00:00	2014-05-15 00:00:00	101	6879	115	160	115	\N	0	5727	91	0	0	115	0	115	1	30030	1	115	201403	2014-05-15 00:00:00	10001	44136332	19085569	32	5727	26059951	TAH_INV
44136336	1	TAHSILAT	2014-05-15 00:00:00	2014-05-15 00:00:00	101	6879	40	160	40	\N	0	5727	91	0	0	40	0	40	1	30030	1	40	201404	2014-05-15 00:00:00	10001	44136336	19284599	32	5727	26259114	TAH_INV
44149403	1	TAHSILAT	2014-01-16 00:00:00	2014-01-16 00:00:00	101	6879	185	160	185	\N	0	5727	91	0	0	185	0	185	1	30030	1	185	201312	2014-01-16 00:00:00	10001	44149403	18264954	33	5727	25238644	TAH_INV
44198534	1	TAHSILAT	2014-02-25 00:00:00	2014-02-25 00:00:00	101	48214	7875	160	7875	\N	0	2221	91	0	0	7875	0	7875	1	24362	1	7875	201401	2014-02-25 00:00:00	10001	44198534	17974711	32	2221	24948179	TAH_INV
44235204	1	TAHSILAT	2014-06-02 00:00:00	2014-06-02 00:00:00	101	48214	765	160	765	\N	0	2221	91	0	0	765	0	765	1	24362	1	765	201405	2014-06-02 00:00:00	10001	44235204	19706171	32	2221	26680945	TAH_INV
44371927	1	TAHSILAT	2014-04-19 00:00:00	2014-04-19 00:00:00	101	251522	340	160	340	\N	0	197168	91	0	0	340	0	340	1	136283	1	340	201403	2014-04-19 00:00:00	10001	44371927	19070407	32	197168	26044775	TAH_INV
44398479	1	TAHSILAT	2014-03-17 00:00:00	2014-03-17 00:00:00	101	6879	170	160	170	\N	0	5727	91	0	0	170	0	170	1	30030	1	170	201402	2014-03-17 00:00:00	10001	44398479	18863381	33	5727	25837602	TAH_INV
44481994	1	TAHSILAT	2014-07-25 00:00:00	2014-07-25 00:00:00	101	6879	10	160	10	\N	0	5727	91	0	0	10	0	10	1	30030	1	10	201407	2014-07-25 00:00:00	10001	44481994	20262264	32	5727	27237411	TAH_INV
44525016	1	TAHSILAT	2014-06-21 00:00:00	2014-06-21 00:00:00	101	251522	20	160	20	\N	0	197168	91	0	0	20	0	20	1	136283	1	20	201406	2014-06-21 00:00:00	10001	44525016	19803104	32	197168	26777924	TAH_INV
44705806	1	TAHSILAT	2014-07-18 00:00:00	2014-07-18 00:00:00	101	6879	25	160	25	\N	0	5727	91	0	0	25	0	25	1	30030	1	25	201405	2014-07-18 00:00:00	10001	44705806	19740396	32	5727	26715187	TAH_INV
44757528	1	TAHSILAT	2014-09-18 00:00:00	2014-09-18 00:00:00	101	6879	30	160	30	\N	0	5727	91	0	0	30	0	30	1	30030	1	30	201407	2014-09-18 00:00:00	10001	44757528	20081931	33	5727	27056938	TAH_INV
44763880	1	TAHSILAT	2014-09-18 00:00:00	2014-09-18 00:00:00	101	6879	0.41	160	0.41	\N	0	5727	91	0	0	0.41	0	0.41	1	30030	1	0.41	201407	2014-09-18 00:00:00	10211	44763880	20093027	33	5727	27068043	TAH_INV
45115236	1	TAHSILAT	2014-12-01 00:00:00	2014-12-01 00:00:00	101	6879	5	160	5	\N	0	5727	91	0	0	5	0	5	1	30030	1	5	201410	2014-12-01 00:00:00	10001	45115236	20976791	32	5727	27952493	TAH_INV
45149432	1	TAHSILAT	2014-11-20 00:00:00	2014-11-20 00:00:00	101	251522	20	160	20	\N	0	197168	91	0	0	20	0	20	1	136283	1	20	201410	2014-11-20 00:00:00	10001	45149432	21101581	32	197168	28077379	TAH_INV
45158412	1	TAHSILAT	2014-12-16 00:00:00	2014-12-16 00:00:00	101	48214	2245	160	2245	\N	0	2221	91	0	0	2245	0	2245	1	24362	1	2245	201411	2014-12-16 00:00:00	10001	45158412	21313215	32	2221	28289135	TAH_INV
45288648	1	TAHSILAT	2014-12-18 00:00:00	2014-12-18 00:00:00	101	251522	135	160	135	\N	0	197168	91	0	0	135	0	135	1	136283	1	135	201411	2014-12-18 00:00:00	10001	45288648	21375002	32	197168	28350953	TAH_INV
45330877	1	TAHSILAT	2015-02-19 00:00:00	2015-02-19 00:00:00	101	48214	10615	160	10615	\N	0	2221	91	0	0	10615	0	10615	1	24362	1	10615	201501	2015-02-19 00:00:00	10001	45330877	21799055	32	2221	28775238	TAH_INV
45368645	1	TAHSILAT	2015-03-23 00:00:00	2015-03-23 00:00:00	101	6879	285	160	285	\N	0	5727	91	0	0	285	0	285	1	30030	1	285	201503	2015-03-23 00:00:00	10001	45368645	22182917	32	5727	29159287	TAH_INV
45545113	1	TAHSILAT	2015-04-27 00:00:00	2015-04-27 00:00:00	101	48214	6995	160	6995	\N	0	2221	91	0	0	6995	0	6995	1	24362	1	6995	201503	2015-04-27 00:00:00	10001	45545113	22435967	32	2221	29412473	TAH_INV
45649421	1	TAHSILAT	2015-01-27 00:00:00	2015-01-27 00:00:00	101	6879	355	160	355	\N	0	5727	91	0	0	355	0	355	1	30030	1	355	201501	2015-01-27 00:00:00	10001	45649421	21794326	32	5727	28770504	TAH_INV
45695188	1	TAHSILAT	2015-03-23 00:00:00	2015-03-23 00:00:00	101	48214	6945	160	6945	\N	0	2221	91	0	0	6945	0	6945	1	24362	1	6945	201502	2015-03-23 00:00:00	10001	45695188	21940891	32	2221	28917146	TAH_INV
45779139	1	TAHSILAT	2015-03-16 00:00:00	2015-03-16 00:00:00	101	251522	495	160	495	\N	0	197168	91	0	0	495	0	495	1	136283	1	495	201502	2015-03-16 00:00:00	10001	45779139	21994622	32	197168	28970899	TAH_INV
45825012	1	TAHSILAT	2015-04-07 00:00:00	2015-04-07 00:00:00	101	251522	460	160	460	\N	0	197168	91	0	0	460	0	460	1	136283	1	460	201503	2015-04-07 00:00:00	10001	45825012	22437159	32	197168	29413665	TAH_INV
45927793	1	TAHSILAT	2015-06-15 00:00:00	2015-06-15 00:00:00	101	6879	68.2	160	68.2	\N	0	5727	91	0	0	68.2	0	68.2	1	30030	1	68.2	201505	2015-06-15 00:00:00	10211	45927793	22867072	32	5727	29843782	TAH_INV
46078816	1	TAHSILAT	2015-06-25 00:00:00	2015-06-25 00:00:00	101	6879	15	160	15	\N	0	5727	91	0	0	15	0	15	1	30030	1	15	201506	2015-06-25 00:00:00	10001	46078816	23271817	32	5727	30248737	TAH_INV
46454345	1	TAHSILAT	2015-09-28 00:00:00	2015-09-28 00:00:00	101	251522	10	160	10	\N	0	197168	91	0	0	10	0	10	1	136283	1	10	201509	2015-09-28 00:00:00	10001	46454345	24101103	32	197168	31078567	TAH_INV
46584583	1	TAHSILAT	2015-10-13 00:00:00	2015-10-13 00:00:00	101	48214	7550	160	7550	\N	0	2221	91	0	0	7550	0	7550	1	24362	1	7550	201504	2015-10-13 00:00:00	10001	46584583	22672687	32	2221	29649291	TAH_INV
46635005	1	TAHSILAT	2015-12-01 00:00:00	2015-12-01 00:00:00	101	6879	5	160	5	\N	0	5727	91	0	0	5	0	5	1	30030	1	5	201510	2015-12-01 00:00:00	10001	46635005	24248404	32	5727	31225959	TAH_INV
46635006	1	TAHSILAT	2015-12-01 00:00:00	2015-12-01 00:00:00	101	6879	90	160	90	\N	0	5727	91	0	0	90	0	90	1	30030	1	90	201511	2015-12-01 00:00:00	10001	46635006	24537293	32	5727	31515119	TAH_INV
46649849	1	TAHSILAT	2015-12-15 00:00:00	2015-12-15 00:00:00	101	48214	1845	160	1845	\N	0	2221	91	0	0	1845	0	1845	1	24362	1	1845	201511	2015-12-15 00:00:00	10001	46649849	24657415	32	2221	31635320	TAH_INV
46682254	1	TAHSILAT	2015-11-19 00:00:00	2015-11-19 00:00:00	101	251522	15	160	15	\N	0	197168	91	0	0	15	0	15	1	136283	1	15	201510	2015-11-19 00:00:00	10001	46682254	24342297	32	197168	31319919	TAH_INV
46739567	1	TAHSILAT	2015-12-17 00:00:00	2015-12-17 00:00:00	101	251522	150	160	150	\N	0	197168	91	0	0	150	0	150	1	136283	1	150	201511	2015-12-17 00:00:00	10001	46739567	24540900	32	197168	31518726	TAH_INV
46746518	1	TAHSILAT	2016-01-03 00:00:00	2016-01-03 00:00:00	101	6879	230	160	230	\N	0	5727	91	0	0	230	0	230	1	30030	1	230	201512	2016-01-03 00:00:00	10001	46746518	24955845	32	5727	31933947	TAH_INV
46931988	1	TAHSILAT	2016-02-25 00:00:00	2016-02-25 00:00:00	101	6879	280	160	280	\N	0	5727	91	0	0	280	0	280	1	30030	1	280	201602	2016-02-25 00:00:00	10001	46931988	25555845	32	5727	32534317	TAH_INV
46935987	1	TAHSILAT	2016-02-15 00:00:00	2016-02-15 00:00:00	101	48214	9050	160	9050	\N	0	2221	91	0	0	9050	0	9050	1	24362	1	9050	201601	2016-02-15 00:00:00	10001	46935987	25200183	32	2221	32178434	TAH_INV
46978767	1	TAHSILAT	2016-02-18 00:00:00	2016-02-18 00:00:00	101	251522	40	160	40	\N	0	197168	91	0	0	40	0	40	1	136283	1	40	201512	2016-02-18 00:00:00	10001	46978767	24832625	32	197168	31810648	TAH_INV
46994896	1	TAHSILAT	2016-02-18 00:00:00	2016-02-18 00:00:00	101	251522	520	160	520	\N	0	197168	91	0	0	520	0	520	1	136283	1	520	201601	2016-02-18 00:00:00	10001	46994896	25298027	32	197168	32276365	TAH_INV
47032753	1	TAHSILAT	2016-02-24 00:00:00	2016-02-24 00:00:00	101	48214	95	160	95	\N	0	2221	91	0	0	95	0	95	1	24362	1	95	201601	2016-02-24 00:00:00	10001	47032753	25216880	32	2221	32195157	TAH_INV
47148436	1	TAHSILAT	2016-02-23 00:00:00	2016-02-23 00:00:00	101	48214	1325	160	1325	\N	0	2221	91	0	0	1325	0	1325	1	24362	1	1325	201601	2016-02-23 00:00:00	10001	47148436	25183813	32	2221	32162037	TAH_INV
47152985	1	TAHSILAT	2016-01-21 00:00:00	2016-01-21 00:00:00	101	48214	5615	160	5615	\N	0	2221	91	0	0	5615	0	5615	1	24362	1	5615	201512	2016-01-21 00:00:00	10001	47152985	24997146	32	2221	31975263	TAH_INV
47167686	1	TAHSILAT	2016-04-26 00:00:00	2016-04-26 00:00:00	101	6879	65	160	65	\N	0	5727	91	0	0	65	0	65	1	30030	1	65	201604	2016-04-26 00:00:00	10001	47167686	26159209	32	5727	33137949	TAH_INV
47187175	1	TAHSILAT	2016-04-18 00:00:00	2016-04-18 00:00:00	101	48214	4475	160	4475	\N	0	2221	91	0	0	4475	0	4475	1	24362	1	4475	201603	2016-04-18 00:00:00	10001	47187175	25856716	32	2221	32835328	TAH_INV
47378508	1	TAHSILAT	2016-03-25 00:00:00	2016-03-25 00:00:00	101	6879	165	160	165	\N	0	5727	91	0	0	165	0	165	1	30030	1	165	201603	2016-03-25 00:00:00	10001	47378508	25988168	32	5727	32966836	TAH_INV
47516805	1	TAHSILAT	2016-06-19 00:00:00	2016-06-19 00:00:00	101	251522	275	160	275	\N	0	197168	91	0	0	275	0	275	1	136283	1	275	201604	2016-06-19 00:00:00	10001	47516805	26145760	32	197168	33124498	TAH_INV
47682618	1	TAHSILAT	2016-06-17 00:00:00	2016-06-17 00:00:00	101	6879	40	160	40	\N	0	5727	91	0	0	40	0	40	1	30030	1	40	201605	2016-06-17 00:00:00	10001	47682618	26463037	32	5727	33441914	TAH_INV
47685189	1	TAHSILAT	2016-05-13 00:00:00	2016-05-13 00:00:00	101	48214	3475	160	3475	\N	0	2221	91	0	0	3475	0	3475	1	24362	1	3475	201604	2016-05-13 00:00:00	10001	47685189	26188367	32	2221	33167118	TAH_INV
47737011	1	TAHSILAT	2006-12-06 00:00:00	2006-12-06 00:00:00	101	6879	65	160	65	\N	0	5727	91	0	0	65	0	65	1	30030	1	65	200612	2006-12-06 00:00:00	10001	47737011	3872253	4	5727	10794377	TAH_INV
47856725	1	TAHSILAT	2011-10-20 00:00:00	2011-10-20 00:00:00	101	306082	10	160	10	\N	0	276503	91	0	0	10	0	10	1	316217	1	10	201108	2011-10-20 00:00:00	10001	47856725	11946825	4	276503	18914981	TAH_INV
47900036	1	TAHSILAT	2013-01-16 00:00:00	2013-01-16 00:00:00	101	306082	27.54	160	27.54	\N	0	276503	91	0	0	27.54	0	27.54	1	316217	1	27.54	201207	2013-01-16 00:00:00	10001	47900036	14125715	4	276503	21096102	TAH_INV
48069293	1	TAHSILAT	2004-10-06 00:00:00	2004-10-06 00:00:00	101	6879	12.63	160	12.63	\N	0	5727	91	0	0	12.63	0	12.63	1	30030	1	12.63	200409	2004-10-06 00:00:00	10048	48069293	1372203	4	5727	8284140	TAH_INV
48165458	1	TAHSILAT	2009-10-02 00:00:00	2009-10-02 00:00:00	101	251522	25	160	25	\N	0	197168	91	0	0	25	0	25	1	136283	1	25	200909	2009-10-02 00:00:00	10001	48165458	7898599	7	197168	14852598	TAH_INV
48179931	1	TAHSILAT	2010-03-24 00:00:00	2010-03-24 00:00:00	101	251522	395	160	395	\N	0	197168	91	0	0	395	0	395	1	136283	1	395	201002	2010-03-24 00:00:00	10001	48179931	8724588	4	197168	15683689	TAH_INV
48230664	1	TAHSILAT	2011-11-28 00:00:00	2011-11-28 00:00:00	101	306082	110	160	110	\N	0	276503	91	0	0	110	0	110	1	316217	1	110	201111	2011-11-28 00:00:00	10001	48230664	12448286	4	276503	19416969	TAH_INV
48237954	1	TAHSILAT	2012-02-08 00:00:00	2012-02-08 00:00:00	101	48214	1840	160	1840	\N	0	2221	91	0	0	1840	0	1840	1	24362	1	1840	201201	2012-02-08 00:00:00	10187	48237954	12932039	4	2221	19901375	TAH_INV
48357301	1	TAHSILAT	2014-11-20 00:00:00	2014-11-20 00:00:00	101	251522	15	160	15	\N	0	197168	91	0	0	15	0	15	1	136283	1	15	201409	2014-11-20 00:00:00	10001	48357301	20561806	32	197168	27537193	TAH_INV
48540228	1	TAHSILAT	2009-11-16 00:00:00	2009-11-16 00:00:00	101	48214	1160	160	1160	\N	0	2221	91	0	0	1160	0	1160	1	24362	1	1160	200911	2009-11-16 00:00:00	10001	48540228	8144864	4	2221	15101112	TAH_INV
48561781	1	TAHSILAT	2010-09-07 00:00:00	2010-09-07 00:00:00	101	251522	15	160	15	\N	0	197168	91	0	0	15	0	15	1	136283	1	15	201009	2010-09-07 00:00:00	10001	48561781	9673615	33	197168	16638762	TAH_INV
48623211	1	TAHSILAT	2012-06-18 00:00:00	2012-06-18 00:00:00	101	251522	35	160	35	\N	0	197168	91	0	0	35	0	35	1	136283	1	35	201206	2012-06-18 00:00:00	10001	48623211	13800010	33	197168	20770139	TAH_INV
48670171	1	TAHSILAT	2013-08-01 00:00:00	2013-08-01 00:00:00	101	6879	45	160	45	\N	0	5727	91	0	0	45	0	45	1	30030	1	45	201305	2013-08-01 00:00:00	10001	48670171	16686487	22	5727	23658959	TAH_INV
48834146	1	TAHSILAT	2006-01-17 00:00:00	2006-01-17 00:00:00	101	48214	4902.76	160	4902.76	\N	0	2221	91	0	0	4902.76	0	4902.76	1	24362	1	4902.76	200601	2006-01-17 00:00:00	10036	48834146	2849211	4	2221	9765217	TAH_INV
48925859	1	TAHSILAT	2010-05-25 00:00:00	2010-05-25 00:00:00	101	6879	20	160	20	\N	0	5727	91	0	0	20	0	20	1	30030	1	20	201005	2010-05-25 00:00:00	10001	48925859	9112493	5	5727	16073291	TAH_INV
49023919	1	TAHSILAT	2013-01-15 00:00:00	2013-01-15 00:00:00	101	251522	150	160	150	\N	0	197168	91	0	0	150	0	150	1	136283	1	150	201210	2013-01-15 00:00:00	10001	49023919	14810695	33	197168	21781791	TAH_INV
49076691	1	TAHSILAT	2014-04-24 00:00:00	2014-04-24 00:00:00	101	48214	5600	160	5600	\N	0	2221	91	0	0	5600	0	5600	1	24362	1	5600	201403	2014-04-24 00:00:00	10001	49076691	19118248	32	2221	26092650	TAH_INV
49102422	1	TAHSILAT	2014-12-25 00:00:00	2014-12-25 00:00:00	101	6879	215	160	215	\N	0	5727	91	0	0	215	0	215	1	30030	1	215	201412	2014-12-25 00:00:00	10001	49102422	21577391	32	5727	28553463	TAH_INV
49177991	1	TAHSILAT	2004-12-21 00:00:00	2004-12-21 00:00:00	101	6879	36.49	160	36.49	\N	0	5727	91	0	0	36.49	0	36.49	1	30030	1	36.49	200412	2004-12-21 00:00:00	10048	49177991	1239736	7	5727	8151321	TAH_INV
49199227	1	TAHSILAT	2005-08-22 00:00:00	2005-08-22 00:00:00	101	6879	15	160	15	\N	0	5727	91	0	0	15	0	15	1	30030	1	15	200508	2005-08-22 00:00:00	10050	49199227	2536775	4	5727	9451434	TAH_INV
49225792	1	TAHSILAT	2007-04-16 00:00:00	2007-04-16 00:00:00	101	48214	4215	160	4215	\N	0	2221	91	0	0	4215	0	4215	1	24362	1	4215	200704	2007-04-16 00:00:00	10001	49225792	4365114	7	2221	11288757	TAH_INV
49263278	1	TAHSILAT	2009-02-10 00:00:00	2009-02-10 00:00:00	101	6879	125	160	125	\N	0	5727	91	0	0	125	0	125	1	30030	1	125	200902	2009-02-10 00:00:00	10001	49263278	6976319	4	5727	13925387	TAH_INV
49263673	1	TAHSILAT	2009-02-16 00:00:00	2009-02-16 00:00:00	101	48214	6260	160	6260	\N	0	2221	91	0	0	6260	0	6260	1	24362	1	6260	200902	2009-02-16 00:00:00	10001	49263673	7013422	4	2221	13962598	TAH_INV
49265742	1	TAHSILAT	2009-03-11 00:00:00	2009-03-11 00:00:00	101	48214	720	160	720	\N	0	2221	91	0	0	720	0	720	1	24362	1	720	200902	2009-03-11 00:00:00	10001	49265742	7013422	4	2221	13962598	TAH_INV
49285824	1	TAHSILAT	2010-01-18 00:00:00	2010-01-18 00:00:00	101	251522	235	160	235	\N	0	197168	91	0	0	235	0	235	1	136283	1	235	200912	2010-01-18 00:00:00	10001	49285824	8375884	7	197168	15333439	TAH_INV
49304862	1	TAHSILAT	2010-10-14 00:00:00	2010-10-14 00:00:00	101	251522	25	160	25	\N	0	197168	91	0	0	25	0	25	1	136283	1	25	201010	2010-10-14 00:00:00	10001	49304862	9919545	7	197168	16885098	TAH_INV
49332052	1	TAHSILAT	2011-08-16 00:00:00	2011-08-16 00:00:00	101	251522	20	160	20	\N	0	197168	91	0	0	20	0	20	1	136283	1	20	201108	2011-08-16 00:00:00	10001	49332052	11778475	33	197168	18746477	TAH_INV
49352785	1	TAHSILAT	2012-03-16 00:00:00	2012-03-16 00:00:00	101	6879	5	160	5	\N	0	5727	91	0	0	5	0	5	1	30030	1	5	201202	2012-03-16 00:00:00	10001	49352785	12866062	5	5727	19835315	TAH_INV
49395260	1	TAHSILAT	2013-03-13 00:00:00	2013-03-13 00:00:00	101	251522	295	160	295	\N	0	197168	91	0	0	295	0	295	1	136283	1	295	201302	2013-03-13 00:00:00	10001	49395260	15664805	22	197168	22636570	TAH_INV
49474215	1	TAHSILAT	2015-01-12 00:00:00	2015-01-12 00:00:00	101	48214	6065	160	6065	\N	0	2221	91	0	0	6065	0	6065	1	24362	1	6065	201412	2015-01-12 00:00:00	10001	49474215	21671579	32	2221	28647701	TAH_INV
49535817	1	TAHSILAT	2016-03-08 00:00:00	2016-03-08 00:00:00	101	251522	510	160	510	\N	0	197168	91	0	0	510	0	510	1	136283	1	510	201602	2016-03-08 00:00:00	10001	49535817	25559732	32	197168	32538207	TAH_INV
49670530	1	TAHSILAT	2010-08-25 00:00:00	2010-08-25 00:00:00	101	251522	55	160	55	\N	0	197168	91	0	0	55	0	55	1	136283	1	55	201008	2010-08-25 00:00:00	10001	49670530	9566850	33	197168	16531261	TAH_INV
49684222	1	TAHSILAT	2011-02-08 00:00:00	2011-02-08 00:00:00	101	6879	100	160	100	\N	0	5727	91	0	0	100	0	100	1	30030	1	100	201101	2011-02-08 00:00:00	10001	49684222	10457572	5	5727	17423663	TAH_INV
49747798	1	TAHSILAT	2012-10-18 00:00:00	2012-10-18 00:00:00	101	306082	349.48	160	349.48	\N	0	276503	91	0	0	349.48	0	349.48	1	316217	1	349.48	201206	2012-10-18 00:00:00	10001	49747798	13841039	6	276503	20811205	TAH_INV
49750244	1	TAHSILAT	2013-01-16 00:00:00	2013-01-16 00:00:00	101	306082	870.13	160	870.13	\N	0	276503	91	0	0	870.13	0	870.13	1	316217	1	870.13	201206	2013-01-16 00:00:00	10202	49750244	13841039	4	276503	49747797	TAH_INV
49750246	1	TAHSILAT	2013-01-16 00:00:00	2013-01-16 00:00:00	101	306082	5.42	160	5.42	\N	0	276503	91	0	0	5.42	0	5.42	1	316217	1	5.42	201208	2013-01-16 00:00:00	10001	49750246	14406284	4	276503	21376976	TAH_INV
49921182	1	TAHSILAT	2004-06-21 00:00:00	2004-06-21 00:00:00	101	6879	12.23	160	12.23	\N	0	5727	91	0	0	12.23	0	12.23	1	30030	1	12.23	200406	2004-06-21 00:00:00	10036	49921182	1615698	7	5727	8528201	TAH_INV
49960329	1	TAHSILAT	2007-02-12 00:00:00	2007-02-12 00:00:00	101	6879	105	160	105	\N	0	5727	91	0	0	105	0	105	1	30030	1	105	200702	2007-02-12 00:00:00	10001	49960329	4108114	4	5727	11030998	TAH_INV
49962525	1	TAHSILAT	2007-03-16 00:00:00	2007-03-16 00:00:00	101	48214	4990	160	4990	\N	0	2221	91	0	0	4990	0	4990	1	24362	1	4990	200703	2007-03-16 00:00:00	10001	49962525	4236558	7	2221	11159808	TAH_INV
50164553	1	TAHSILAT	2013-12-05 00:00:00	2013-12-05 00:00:00	101	251522	20	160	20	\N	0	197168	91	0	0	20	0	20	1	136283	1	20	201310	2013-12-05 00:00:00	10001	50164553	17673501	32	197168	24646736	TAH_INV
50211452	1	TAHSILAT	2015-01-19 00:00:00	2015-01-19 00:00:00	101	251522	325	160	325	\N	0	197168	91	0	0	325	0	325	1	136283	1	325	201412	2015-01-19 00:00:00	10001	50211452	21568240	32	197168	28544306	TAH_INV
50233925	1	TAHSILAT	2015-06-22 00:00:00	2015-06-22 00:00:00	101	251522	130	160	130	\N	0	197168	91	0	0	130	0	130	1	136283	1	130	201505	2015-06-22 00:00:00	10001	50233925	22872262	32	197168	29848976	TAH_INV
50294304	1	TAHSILAT	2004-01-06 00:00:00	2004-01-06 00:00:00	101	6879	40.52	160	40.52	\N	0	5727	91	0	0	40.52	0	40.52	1	30030	1	40.52	200312	2004-01-06 00:00:00	10048	50294304	2111588	7	5727	9025247	TAH_INV
50400423	1	TAHSILAT	2010-04-16 00:00:00	2010-04-16 00:00:00	101	251522	280	160	280	\N	0	197168	91	0	0	280	0	280	1	136283	1	280	201003	2010-04-16 00:00:00	10001	50400423	8916518	5	197168	15876450	TAH_INV
50522704	1	TAHSILAT	2013-10-11 00:00:00	2013-10-11 00:00:00	101	251522	15	160	15	\N	0	197168	91	0	0	15	0	15	1	136283	1	15	201309	2013-10-11 00:00:00	10001	50522704	17577484	33	197168	24550658	TAH_INV
50780839	1	TAHSILAT	2010-09-23 00:00:00	2010-09-23 00:00:00	101	6879	15	160	15	\N	0	5727	91	0	0	15	0	15	1	30030	1	15	201008	2010-09-23 00:00:00	10001	50780839	9484765	4	5727	16448424	TAH_INV
50825199	1	TAHSILAT	2012-01-20 00:00:00	2012-01-20 00:00:00	101	251522	335	160	335	\N	0	197168	91	0	0	335	0	335	1	136283	1	335	201112	2012-01-20 00:00:00	10001	50825199	12683079	22	197168	19652037	TAH_INV
50830067	1	TAHSILAT	2012-03-13 00:00:00	2012-03-13 00:00:00	101	251522	405	160	405	\N	0	197168	91	0	0	405	0	405	1	136283	1	405	201203	2012-03-13 00:00:00	10001	50830067	13258024	22	197168	20227726	TAH_INV
50962692	1	TAHSILAT	2015-02-23 00:00:00	2015-02-23 00:00:00	101	251522	580	160	580	\N	0	197168	91	0	0	580	0	580	1	136283	1	580	201501	2015-02-23 00:00:00	10001	50962692	21691018	32	197168	28667150	TAH_INV
51053992	1	TAHSILAT	2006-03-10 00:00:00	2006-03-10 00:00:00	101	48214	4612	160	4612	\N	0	2221	91	0	0	4612	0	4612	1	24362	1	4612	200603	2006-03-10 00:00:00	10001	51053992	3011236	7	2221	9927634	TAH_INV
51077577	1	TAHSILAT	2007-08-10 00:00:00	2007-08-10 00:00:00	101	6879	25	160	25	\N	0	5727	91	0	0	25	0	25	1	30030	1	25	200708	2007-08-10 00:00:00	10001	51077577	4709716	4	5727	11635452	TAH_INV
51118294	1	TAHSILAT	2009-05-14 00:00:00	2009-05-14 00:00:00	101	48214	3215	160	3215	\N	0	2221	91	0	0	3215	0	3215	1	24362	1	3215	200905	2009-05-14 00:00:00	10001	51118294	7493791	4	2221	14444589	TAH_INV
51141327	1	TAHSILAT	2010-04-28 00:00:00	2010-04-28 00:00:00	101	251522	225	160	225	\N	0	197168	91	0	0	225	0	225	1	136283	1	225	201004	2010-04-28 00:00:00	10001	51141327	9066923	7	197168	16027508	TAH_INV
51156875	1	TAHSILAT	2010-12-09 00:00:00	2010-12-09 00:00:00	101	6879	15	160	15	\N	0	5727	91	0	0	15	0	15	1	30030	1	15	201012	2010-12-09 00:00:00	10001	51156875	10157005	5	5727	17122804	TAH_INV
51404768	1	TAHSILAT	2003-06-27 00:00:00	2003-06-27 00:00:00	101	6879	14.07	160	14.07	\N	0	5727	91	0	0	14.07	0	14.07	1	30030	1	14.07	200306	2003-06-27 00:00:00	10036	51404768	1820004	7	5727	8732880	TAH_INV
51425899	1	TAHSILAT	2006-04-11 00:00:00	2006-04-11 00:00:00	101	48214	4245	160	4245	\N	0	2221	91	0	0	4245	0	4245	1	24362	1	4245	200604	2006-04-11 00:00:00	10001	51425899	3103872	7	2221	10020543	TAH_INV
51528373	1	TAHSILAT	2010-12-22 00:00:00	2010-12-22 00:00:00	101	251522	95	160	95	\N	0	197168	91	0	0	95	0	95	1	136283	1	95	201012	2010-12-22 00:00:00	10001	51528373	10145323	33	197168	17111116	TAH_INV
51628432	1	TAHSILAT	2013-08-03 00:00:00	2013-08-03 00:00:00	101	251522	20	160	20	\N	0	197168	91	0	0	20	0	20	1	136283	1	20	201307	2013-08-03 00:00:00	10001	51628432	17029312	32	197168	24002032	TAH_INV
51678945	1	TAHSILAT	2014-10-09 00:00:00	2014-10-09 00:00:00	101	251522	20	160	20	\N	0	197168	91	0	0	20	0	20	1	136283	1	20	201408	2014-10-09 00:00:00	10001	51678945	20418681	32	197168	27393939	TAH_INV
51886029	1	TAHSILAT	2010-06-21 00:00:00	2010-06-21 00:00:00	101	251522	85	160	85	\N	0	197168	91	0	0	85	0	85	1	136283	1	85	201005	2010-06-21 00:00:00	10001	51886029	9232876	4	197168	16194265	TAH_INV
51906085	1	TAHSILAT	2011-03-11 00:00:00	2011-03-11 00:00:00	101	251522	390	160	390	\N	0	197168	91	0	0	390	0	390	1	136283	1	390	201103	2011-03-11 00:00:00	10001	51906085	10809737	33	197168	17776829	TAH_INV
51981356	1	TAHSILAT	2013-04-02 00:00:00	2013-04-02 00:00:00	101	6879	185	160	185	\N	0	5727	91	0	0	185	0	185	1	30030	1	185	201302	2013-04-02 00:00:00	10001	51981356	15819140	22	5727	22791024	TAH_INV
52112258	1	TAHSILAT	2016-01-26 00:00:00	2016-01-26 00:00:00	101	6879	375	160	375	\N	0	5727	91	0	0	375	0	375	1	30030	1	375	201601	2016-01-26 00:00:00	10001	52112258	25275403	32	5727	32253721	TAH_INV
52150259	1	TAHSILAT	2003-12-05 00:00:00	2003-12-05 00:00:00	101	6879	18.15	160	18.15	\N	0	5727	91	0	0	18.15	0	18.15	1	30030	1	18.15	200311	2003-12-05 00:00:00	10048	52150259	2073318	7	5727	8986869	TAH_INV
52206234	1	TAHSILAT	2008-05-15 00:00:00	2008-05-15 00:00:00	101	6879	30	160	30	\N	0	5727	91	0	0	30	0	30	1	30030	1	30	200805	2008-05-15 00:00:00	10001	52206234	5937405	4	5727	12880106	TAH_INV
52223894	1	TAHSILAT	2009-03-13 00:00:00	2009-03-13 00:00:00	101	6879	120	160	120	\N	0	5727	91	0	0	120	0	120	1	30030	1	120	200903	2009-03-13 00:00:00	10001	52223894	7171220	4	5727	14120919	TAH_INV
52247749	1	TAHSILAT	2010-03-08 00:00:00	2010-03-08 00:00:00	101	48214	185	160	185	\N	0	2221	91	0	0	185	0	185	1	24362	1	185	201002	2010-03-08 00:00:00	10152	52247749	8658864	4	2221	15617697	TAH_INV
52304696	1	TAHSILAT	2012-01-16 00:00:00	2012-01-16 00:00:00	101	6879	10	160	10	\N	0	5727	91	0	0	10	0	10	1	30030	1	10	201201	2012-01-16 00:00:00	10001	52304696	12817482	5	5727	19786626	TAH_INV
52329470	1	TAHSILAT	2012-08-13 00:00:00	2012-08-13 00:00:00	101	6879	10	160	10	\N	0	5727	91	0	0	10	0	10	1	30030	1	10	201206	2012-08-13 00:00:00	10001	52329470	13871583	22	5727	20841769	TAH_INV
52342313	1	TAHSILAT	2012-11-21 00:00:00	2012-11-21 00:00:00	101	6879	20	160	20	\N	0	5727	91	0	0	20	0	20	1	30030	1	20	201211	2012-11-21 00:00:00	10001	52342313	15061686	43	5727	22032972	TAH_INV
52622674	1	TAHSILAT	2010-05-17 00:00:00	2010-05-17 00:00:00	101	48214	2750	160	2750	\N	0	2221	91	0	0	2750	0	2750	1	24362	1	2750	201005	2010-05-17 00:00:00	10001	52622674	9154635	4	2221	16115627	TAH_INV
52670293	1	TAHSILAT	2011-12-02 00:00:00	2011-12-02 00:00:00	101	251522	280	160	280	\N	0	197168	91	0	0	280	0	280	1	136283	1	280	201111	2011-12-02 00:00:00	10001	52670293	12476283	33	197168	19444984	TAH_INV
52688995	1	TAHSILAT	2012-06-01 00:00:00	2012-06-01 00:00:00	101	6879	40	160	40	\N	0	5727	91	0	0	40	0	40	1	30030	1	40	201204	2012-06-01 00:00:00	10001	52688995	13328179	22	5727	20297944	TAH_INV
52728676	1	TAHSILAT	2013-05-24 00:00:00	2013-05-24 00:00:00	101	251522	275	160	275	\N	0	197168	91	0	0	275	0	275	1	136283	1	275	201304	2013-05-24 00:00:00	10001	52728676	16435067	33	197168	23407379	TAH_INV
53016314	1	TAHSILAT	2011-03-16 00:00:00	2011-03-16 00:00:00	101	6879	100	160	100	\N	0	5727	91	0	0	100	0	100	1	30030	1	100	201102	2011-03-16 00:00:00	10001	53016314	10733848	5	5727	17700662	TAH_INV
53044576	1	TAHSILAT	2012-01-16 00:00:00	2012-01-16 00:00:00	101	6879	40	160	40	\N	0	5727	91	0	0	40	0	40	1	30030	1	40	201112	2012-01-16 00:00:00	10001	53044576	12525933	5	5727	19494718	TAH_INV
53107481	1	TAHSILAT	2013-08-01 00:00:00	2013-08-01 00:00:00	101	6879	10	160	10	\N	0	5727	91	0	0	10	0	10	1	30030	1	10	201306	2013-08-01 00:00:00	10001	53107481	16719200	22	5727	23691690	TAH_INV
53139052	1	TAHSILAT	2014-03-20 00:00:00	2014-03-20 00:00:00	101	251522	380	160	380	\N	0	197168	91	0	0	380	0	380	1	136283	1	380	201402	2014-03-20 00:00:00	10001	53139052	18879101	32	197168	25853331	TAH_INV
53239954	1	TAHSILAT	2016-06-19 00:00:00	2016-06-19 00:00:00	101	251522	10	160	10	\N	0	197168	91	0	0	10	0	10	1	136283	1	10	201605	2016-06-19 00:00:00	10001	53239954	26698721	32	197168	33677718	TAH_INV
53364795	1	TAHSILAT	2010-06-08 00:00:00	2010-06-08 00:00:00	101	48214	15	160	15	\N	0	2221	91	0	0	15	0	15	1	24362	1	15	201006	2010-06-08 00:00:00	10001	53364795	9327298	4	2221	16289376	TAH_INV
53449605	1	TAHSILAT	2013-01-16 00:00:00	2013-01-16 00:00:00	101	306082	48.27	160	48.27	\N	0	276503	91	0	0	48.27	0	48.27	1	316217	1	48.27	201208	2013-01-16 00:00:00	10001	53449605	14486397	4	276503	21457177	TAH_INV
53491025	1	TAHSILAT	2013-12-30 00:00:00	2013-12-30 00:00:00	101	251522	340	160	340	\N	0	197168	91	0	0	340	0	340	1	136283	1	340	201312	2013-12-30 00:00:00	10001	53491025	18186808	32	197168	25160450	TAH_INV
53675295	1	TAHSILAT	2007-12-17 00:00:00	2007-12-17 00:00:00	101	48214	5225	160	5225	\N	0	2221	91	0	0	5225	0	5225	1	24362	1	5225	200712	2007-12-17 00:00:00	10001	53675295	5116399	4	2221	12045453	TAH_INV
53938314	1	TAHSILAT	2015-09-01 00:00:00	2015-09-01 00:00:00	101	6879	5	160	5	\N	0	5727	91	0	0	5	0	5	1	30030	1	5	201508	2015-09-01 00:00:00	10001	53938314	23948169	32	5727	30925526	TAH_INV
54083000	1	TAHSILAT	2009-08-14 00:00:00	2009-08-14 00:00:00	101	251522	30	160	30	\N	0	197168	91	0	0	30	0	30	1	136283	1	30	200907	2009-08-14 00:00:00	10001	54083000	7745970	7	197168	14698308	TAH_INV
54089566	1	TAHSILAT	2009-12-07 00:00:00	2009-12-07 00:00:00	101	6879	30	160	30	\N	0	5727	91	0	0	30	0	30	1	30030	1	30	200912	2009-12-07 00:00:00	10001	54089566	8288720	4	5727	15245869	TAH_INV
54141188	1	TAHSILAT	2011-08-23 00:00:00	2011-08-23 00:00:00	101	6879	6.66	160	6.66	\N	0	5727	91	0	0	6.66	0	6.66	1	30030	1	6.66	201108	2011-08-23 00:00:00	10100	54141188	11784005	43	5727	18752011	TAH_INV
54309304	1	TAHSILAT	2015-07-27 00:00:00	2015-07-27 00:00:00	101	251522	20	160	20	\N	0	197168	91	0	0	20	0	20	1	136283	1	20	201506	2015-07-27 00:00:00	10001	54309304	23280943	32	197168	30257868	TAH_INV
54409883	1	TAHSILAT	2007-10-09 00:00:00	2007-10-09 00:00:00	101	6879	25	160	25	\N	0	5727	91	0	0	25	0	25	1	30030	1	25	200710	2007-10-09 00:00:00	10001	54409883	4836772	7	5727	11763839	TAH_INV
54415278	1	TAHSILAT	2008-01-15 00:00:00	2008-01-15 00:00:00	101	48214	7615	160	7615	\N	0	2221	91	0	0	7615	0	7615	1	24362	1	7615	200801	2008-01-15 00:00:00	10001	54415278	5254498	4	2221	12184090	TAH_INV
54421730	1	TAHSILAT	2008-04-15 00:00:00	2008-04-15 00:00:00	101	48214	3740	160	3740	\N	0	2221	91	0	0	3740	0	3740	1	24362	1	3740	200804	2008-04-15 00:00:00	10001	54421730	5802265	4	2221	12744437	TAH_INV
54474468	1	TAHSILAT	2010-06-21 00:00:00	2010-06-21 00:00:00	101	251522	25	160	25	\N	0	197168	91	0	0	25	0	25	1	136283	1	25	201006	2010-06-21 00:00:00	10001	54474468	9391529	4	197168	16354161	TAH_INV
54502917	1	TAHSILAT	2011-06-14 00:00:00	2011-06-14 00:00:00	101	6879	105	160	105	\N	0	5727	91	0	0	105	0	105	1	30030	1	105	201104	2011-06-14 00:00:00	10001	54502917	10900383	22	5727	17867535	TAH_INV
54571511	1	TAHSILAT	2013-02-18 00:00:00	2013-02-18 00:00:00	101	48214	11065	160	11065	\N	0	2221	91	0	0	11065	0	11065	1	24362	1	11065	201301	2013-02-18 00:00:00	10001	54571511	15406507	32	2221	22378062	TAH_INV
54693471	1	TAHSILAT	2015-12-17 00:00:00	2015-12-17 00:00:00	101	251522	265	160	265	\N	0	197168	91	0	0	265	0	265	1	136283	1	265	201512	2015-12-17 00:00:00	10001	54693471	25019685	32	197168	31997813	TAH_INV
54804335	1	TAHSILAT	2008-12-15 00:00:00	2008-12-15 00:00:00	101	6879	60	160	60	\N	0	5727	91	0	0	60	0	60	1	30030	1	60	200812	2008-12-15 00:00:00	10001	54804335	6669711	7	5727	13617790	TAH_INV
54865525	1	TAHSILAT	2011-03-31 00:00:00	2011-03-31 00:00:00	101	48214	595	160	595	\N	0	2221	91	0	0	595	0	595	1	24362	1	595	201103	2011-03-31 00:00:00	10067	54865525	10919980	4	2221	17887155	TAH_INV
54887741	1	TAHSILAT	2011-12-06 00:00:00	2011-12-06 00:00:00	101	6879	5	160	5	\N	0	5727	91	0	0	5	0	5	1	30030	1	5	201111	2011-12-06 00:00:00	10001	54887741	12497395	5	5727	19466120	TAH_INV
54955088	1	TAHSILAT	2013-08-01 00:00:00	2013-08-01 00:00:00	101	6879	10	160	10	\N	0	5727	91	0	0	10	0	10	1	30030	1	10	201307	2013-08-01 00:00:00	10001	54955088	17001106	22	5727	23973811	TAH_INV
54959127	1	TAHSILAT	2013-09-16 00:00:00	2013-09-16 00:00:00	101	251522	25	160	25	\N	0	197168	91	0	0	25	0	25	1	136283	1	25	201308	2013-09-16 00:00:00	10001	54959127	17374918	33	197168	24347929	TAH_INV
55097222	1	TAHSILAT	2003-04-11 00:00:00	2003-04-11 00:00:00	101	48214	118.39	160	118.39	\N	0	2221	91	0	0	118.39	0	118.39	1	24362	1	118.39	200303	2003-04-11 00:00:00	10195	55097222	3493563	4	2221	10412105	TAH_INV
55097847	1	TAHSILAT	2003-03-28 00:00:00	2003-03-28 00:00:00	101	48214	8406.95	160	8406.95	\N	0	2221	91	0	0	8406.95	0	8406.95	1	24362	1	8406.95	200303	2003-03-28 00:00:00	10195	55097847	3493563	4	2221	10412105	TAH_INV
55209647	1	TAHSILAT	2010-05-25 00:00:00	2010-05-25 00:00:00	101	6879	95	160	95	\N	0	5727	91	0	0	95	0	95	1	30030	1	95	201004	2010-05-25 00:00:00	10001	55209647	8950023	5	5727	15910125	TAH_INV
55249643	1	TAHSILAT	2011-09-23 00:00:00	2011-09-23 00:00:00	101	251522	290	160	290	\N	0	197168	91	0	0	290	0	290	1	136283	1	290	201105	2011-09-23 00:00:00	10001	55249643	11213460	5	197168	18180954	TAH_INV
55293543	1	TAHSILAT	2012-12-21 00:00:00	2012-12-21 00:00:00	101	48214	5665	160	5665	\N	0	2221	91	0	0	5665	0	5665	1	24362	1	5665	201212	2012-12-21 00:00:00	10001	55293543	15096154	32	2221	22067463	TAH_INV
55415851	1	TAHSILAT	2015-07-27 00:00:00	2015-07-27 00:00:00	101	251522	20	160	20	\N	0	197168	91	0	0	20	0	20	1	136283	1	20	201507	2015-07-27 00:00:00	10001	55415851	23341407	32	197168	30318369	TAH_INV
55480535	1	TAHSILAT	2005-05-09 00:00:00	2005-05-09 00:00:00	101	6879	18	160	18	\N	0	5727	91	0	0	18	0	18	1	30030	1	18	200505	2005-05-09 00:00:00	10050	55480535	2409582	4	5727	9323798	TAH_INV
55500519	1	TAHSILAT	2006-11-10 00:00:00	2006-11-10 00:00:00	101	48214	1075	160	1075	\N	0	2221	91	0	0	1075	0	1075	1	24362	1	1075	200611	2006-11-10 00:00:00	10001	55500519	3768757	7	2221	10690396	TAH_INV
55574352	1	TAHSILAT	2010-03-22 00:00:00	2010-03-22 00:00:00	101	48214	200	160	200	\N	0	2221	91	0	0	200	0	200	1	24362	1	200	201003	2010-03-22 00:00:00	10152	55574352	8813273	4	2221	15772737	TAH_INV
55676042	1	TAHSILAT	2013-04-15 00:00:00	2013-04-15 00:00:00	101	48214	4410	160	4410	\N	0	2221	91	0	0	4410	0	4410	1	24362	1	4410	201303	2013-04-15 00:00:00	10001	55676042	15820288	32	2221	22792172	TAH_INV
55686259	1	TAHSILAT	2013-05-09 00:00:00	2013-05-09 00:00:00	101	48214	3495	160	3495	\N	0	2221	91	0	0	3495	0	3495	1	24362	1	3495	201304	2013-05-09 00:00:00	10001	55686259	16145835	32	2221	23117937	TAH_INV
55854139	1	TAHSILAT	2005-11-15 00:00:00	2005-11-15 00:00:00	101	6879	47	160	47	\N	0	5727	91	0	0	47	0	47	1	30030	1	47	200511	2005-11-15 00:00:00	10001	55854139	2733497	4	5727	9649328	TAH_INV
55874499	1	TAHSILAT	2007-02-13 00:00:00	2007-02-13 00:00:00	101	48214	6300	160	6300	\N	0	2221	91	0	0	6300	0	6300	1	24362	1	6300	200702	2007-02-13 00:00:00	10001	55874499	4122385	7	2221	11045313	TAH_INV
55876268	1	TAHSILAT	2007-03-13 00:00:00	2007-03-13 00:00:00	101	6879	95	160	95	\N	0	5727	91	0	0	95	0	95	1	30030	1	95	200703	2007-03-13 00:00:00	10001	55876268	4226437	7	5727	11149661	TAH_INV
55967522	1	TAHSILAT	2011-02-09 00:00:00	2011-02-09 00:00:00	101	48214	625	160	625	\N	0	2221	91	0	0	625	0	625	1	24362	1	625	201101	2011-02-09 00:00:00	10198	55967522	10357178	4	2221	17323170	TAH_INV
56043876	1	TAHSILAT	2013-04-08 00:00:00	2013-04-08 00:00:00	101	251522	320	160	320	\N	0	197168	91	0	0	320	0	320	1	136283	1	320	201303	2013-04-08 00:00:00	10001	56043876	16209510	33	197168	23181654	TAH_INV
56054843	1	TAHSILAT	2013-07-09 00:00:00	2013-07-09 00:00:00	101	48214	50	160	50	\N	0	2221	91	0	0	50	0	50	1	24362	1	50	201307	2013-07-09 00:00:00	10001	56054843	17096601	32	2221	24069375	TAH_INV
56101083	1	TAHSILAT	2014-06-21 00:00:00	2014-06-21 00:00:00	101	251522	105	160	105	\N	0	197168	91	0	0	105	0	105	1	136283	1	105	201405	2014-06-21 00:00:00	10001	56101083	19605461	32	197168	26580179	TAH_INV
56197748	1	TAHSILAT	2016-06-24 00:00:00	2016-06-24 00:00:00	101	6879	10	160	10	\N	0	5727	91	0	0	10	0	10	1	30030	1	10	201606	2016-06-24 00:00:00	10001	56197748	26824472	32	5727	33803538	TAH_INV
56212607	1	TAHSILAT	2003-08-29 00:00:00	2003-08-29 00:00:00	101	6879	3.36	160	3.36	\N	0	5727	91	0	0	3.36	0	3.36	1	30030	1	3.36	200308	2003-08-29 00:00:00	10048	56212607	1969544	7	5727	8882864	TAH_INV
56270286	1	TAHSILAT	2008-05-20 00:00:00	2008-05-20 00:00:00	101	48214	765	160	765	\N	0	2221	91	0	0	765	0	765	1	24362	1	765	200805	2008-05-20 00:00:00	10001	56270286	5967790	4	2221	12910631	TAH_INV
56283705	1	TAHSILAT	2009-01-19 00:00:00	2009-01-19 00:00:00	101	48214	11540	160	11540	\N	0	2221	91	0	0	11540	0	11540	1	24362	1	11540	200901	2009-01-19 00:00:00	10001	56283705	6868336	4	2221	13817055	TAH_INV
56286425	1	TAHSILAT	2009-02-17 00:00:00	2009-02-17 00:00:00	101	48214	710	160	710	\N	0	2221	91	0	0	710	0	710	1	24362	1	710	200901	2009-02-17 00:00:00	10001	56286425	6868336	4	2221	13817055	TAH_INV
56360103	1	TAHSILAT	2011-10-20 00:00:00	2011-10-20 00:00:00	101	306082	10	160	10	\N	0	276503	91	0	0	10	0	10	1	316217	1	10	201110	2011-10-20 00:00:00	10001	56360103	12163427	4	276503	19131774	TAH_INV
56471640	1	TAHSILAT	2014-06-23 00:00:00	2014-06-23 00:00:00	101	48214	55	160	55	\N	0	2221	91	0	0	55	0	55	1	24362	1	55	201406	2014-06-23 00:00:00	10001	56471640	19936112	32	2221	26911014	TAH_INV
56580993	1	TAHSILAT	2004-04-19 00:00:00	2004-04-19 00:00:00	101	48214	2917.47	160	2917.47	\N	0	2221	91	0	0	2917.47	0	2917.47	1	24362	1	2917.47	200404	2004-04-19 00:00:00	10001	56580993	1720780	7	2221	8633481	TAH_INV
56600066	1	TAHSILAT	2006-03-16 00:00:00	2006-03-16 00:00:00	101	6879	80	160	80	\N	0	5727	91	0	0	80	0	80	1	30030	1	80	200603	2006-03-16 00:00:00	10001	56600066	3044862	4	5727	9961367	TAH_INV
56678127	1	TAHSILAT	2010-01-19 00:00:00	2010-01-19 00:00:00	101	6879	80	160	80	\N	0	5727	91	0	0	80	0	80	1	30030	1	80	201001	2010-01-19 00:00:00	10001	56678127	8456003	5	5727	15413939	TAH_INV
56773538	1	TAHSILAT	2013-01-16 00:00:00	2013-01-16 00:00:00	101	306082	27.12	160	27.12	\N	0	276503	91	0	0	27.12	0	27.12	1	316217	1	27.12	201207	2013-01-16 00:00:00	10001	56773538	14222014	4	276503	21192486	TAH_INV
56847809	1	TAHSILAT	2014-09-18 00:00:00	2014-09-18 00:00:00	101	6879	10	160	10	\N	0	5727	91	0	0	10	0	10	1	30030	1	10	201409	2014-09-18 00:00:00	10001	56847809	20550076	33	5727	27525456	TAH_INV
56906246	1	TAHSILAT	2015-12-01 00:00:00	2015-12-01 00:00:00	101	6879	5	160	5	\N	0	5727	91	0	0	5	0	5	1	30030	1	5	201509	2015-12-01 00:00:00	10001	56906246	24102963	32	5727	31080428	TAH_INV
56964605	1	TAHSILAT	2005-12-09 00:00:00	2005-12-09 00:00:00	101	48214	0.54	160	0.54	\N	0	2221	91	0	0	0.54	0	0.54	1	24362	1	0.54	200507	2005-12-09 00:00:00	10056	56964605	3533591	4	2221	10452236	TAH_INV
56979416	1	TAHSILAT	2006-11-15 00:00:00	2006-11-15 00:00:00	101	6879	40	160	40	\N	0	5727	91	0	0	40	0	40	1	30030	1	40	200611	2006-11-15 00:00:00	10001	56979416	3804440	4	5727	10726312	TAH_INV
57004024	1	TAHSILAT	2008-03-17 00:00:00	2008-03-17 00:00:00	101	48214	5785	160	5785	\N	0	2221	91	0	0	5785	0	5785	1	24362	1	5785	200803	2008-03-17 00:00:00	10001	57004024	5529278	4	2221	12471001	TAH_INV
57236562	1	TAHSILAT	2015-04-21 00:00:00	2015-04-21 00:00:00	101	6879	265	160	265	\N	0	5727	91	0	0	265	0	265	1	30030	1	265	201504	2015-04-21 00:00:00	10001	57236562	22730474	32	5727	29707101	TAH_INV
57261429	1	TAHSILAT	2015-09-01 00:00:00	2015-09-01 00:00:00	101	6879	10	160	10	\N	0	5727	91	0	0	10	0	10	1	30030	1	10	201507	2015-09-01 00:00:00	10001	57261429	23329443	32	5727	30306401	TAH_INV
57326627	1	TAHSILAT	2005-04-12 00:00:00	2005-04-12 00:00:00	101	48214	3510	160	3510	\N	0	2221	91	0	0	3510	0	3510	1	24362	1	3510	200504	2005-04-12 00:00:00	10047	57326627	2318464	7	2221	9232517	TAH_INV
57396492	1	TAHSILAT	2009-03-16 00:00:00	2009-03-16 00:00:00	101	48214	6725	160	6725	\N	0	2221	91	0	0	6725	0	6725	1	24362	1	6725	200903	2009-03-16 00:00:00	10001	57396492	7165222	4	2221	14114902	TAH_INV
57398188	1	TAHSILAT	2009-04-08 00:00:00	2009-04-08 00:00:00	101	48214	1190	160	1190	\N	0	2221	91	0	0	1190	0	1190	1	24362	1	1190	200903	2009-04-08 00:00:00	10001	57398188	7165222	4	2221	14114902	TAH_INV
57449061	1	TAHSILAT	2011-03-12 00:00:00	2011-03-12 00:00:00	101	251522	285	160	285	\N	0	197168	91	0	0	285	0	285	1	136283	1	285	201102	2011-03-12 00:00:00	10001	57449061	10742132	33	197168	17709010	TAH_INV
57502461	1	TAHSILAT	2012-07-25 00:00:00	2012-07-25 00:00:00	101	251522	20	160	20	\N	0	197168	91	0	0	20	0	20	1	136283	1	20	201207	2012-07-25 00:00:00	10001	57502461	14107128	22	197168	21077498	TAH_INV
57584460	1	TAHSILAT	2014-07-18 00:00:00	2014-07-18 00:00:00	101	6879	10	160	10	\N	0	5727	91	0	0	10	0	10	1	30030	1	10	201406	2014-07-18 00:00:00	10001	57584460	19855362	32	5727	26830212	TAH_INV
57669008	1	TAHSILAT	2016-04-08 00:00:00	2016-04-08 00:00:00	101	251522	355	160	355	\N	0	197168	91	0	0	355	0	355	1	136283	1	355	201603	2016-04-08 00:00:00	10001	57669008	25947411	32	197168	32926055	TAH_INV
57688500	1	TAHSILAT	2004-04-28 00:00:00	2004-04-28 00:00:00	101	6879	30.21	160	30.21	\N	0	5727	91	0	0	30.21	0	30.21	1	30030	1	30.21	200404	2004-04-28 00:00:00	10136	57688500	3499463	7	5727	10418014	TAH_INV
57701722	1	TAHSILAT	2005-10-17 00:00:00	2005-10-17 00:00:00	101	6879	16	160	16	\N	0	5727	91	0	0	16	0	16	1	30030	1	16	200510	2005-10-17 00:00:00	10050	57701722	2660127	4	5727	9575787	TAH_INV
57734831	1	TAHSILAT	2007-11-12 00:00:00	2007-11-12 00:00:00	101	6879	15	160	15	\N	0	5727	91	0	0	15	0	15	1	30030	1	15	200711	2007-11-12 00:00:00	10001	57734831	4966871	7	5727	11895030	TAH_INV
57882014	1	TAHSILAT	2013-01-16 00:00:00	2013-01-16 00:00:00	101	306082	16.27	160	16.27	\N	0	276503	91	0	0	16.27	0	16.27	1	316217	1	16.27	201207	2013-01-16 00:00:00	10001	57882014	14095653	4	276503	21066010	TAH_INV
58008942	1	TAHSILAT	2015-09-28 00:00:00	2015-09-28 00:00:00	101	251522	15	160	15	\N	0	197168	91	0	0	15	0	15	1	136283	1	15	201508	2015-09-28 00:00:00	10001	58008942	23949084	32	197168	30926441	TAH_INV
58063598	1	TAHSILAT	2005-01-24 00:00:00	2005-01-24 00:00:00	101	6879	74	160	74	\N	0	5727	91	0	0	74	0	74	1	30030	1	74	200501	2005-01-24 00:00:00	10050	58063598	2155593	7	5727	9069351	TAH_INV
58089070	1	TAHSILAT	2006-12-15 00:00:00	2006-12-15 00:00:00	101	48214	5625	160	5625	\N	0	2221	91	0	0	5625	0	5625	1	24362	1	5625	200612	2006-12-15 00:00:00	10001	58089070	3890322	7	2221	10812525	TAH_INV
58146468	1	TAHSILAT	2009-10-01 00:00:00	2009-10-01 00:00:00	101	6879	35	160	35	\N	0	5727	91	0	0	35	0	35	1	30030	1	35	200907	2009-10-01 00:00:00	10001	58146468	7631703	5	5727	14583330	TAH_INV
58196063	1	TAHSILAT	2011-06-16 00:00:00	2011-06-16 00:00:00	101	251522	115	160	115	\N	0	197168	91	0	0	115	0	115	1	136283	1	115	201106	2011-06-16 00:00:00	10001	58196063	11412464	33	197168	18380133	TAH_INV
58360701	1	TAHSILAT	2015-05-26 00:00:00	2015-05-26 00:00:00	101	251522	375	160	375	\N	0	197168	91	0	0	375	0	375	1	136283	1	375	201504	2015-05-26 00:00:00	10001	58360701	22707632	32	197168	29684250	TAH_INV
58521041	1	TAHSILAT	2009-12-07 00:00:00	2009-12-07 00:00:00	101	251522	110	160	110	\N	0	197168	91	0	0	110	0	110	1	136283	1	110	200911	2009-12-07 00:00:00	10001	58521041	8236673	7	197168	15193520	TAH_INV
58542038	1	TAHSILAT	2010-09-23 00:00:00	2010-09-23 00:00:00	101	6879	5	160	5	\N	0	5727	91	0	0	5	0	5	1	30030	1	5	201009	2010-09-23 00:00:00	10001	58542038	9665277	4	5727	16630400	TAH_INV
58680365	1	TAHSILAT	2014-03-13 00:00:00	2014-03-13 00:00:00	101	48214	6505	160	6505	\N	0	2221	91	0	0	6505	0	6505	1	24362	1	6505	201402	2014-03-13 00:00:00	10001	58680365	18852040	32	2221	25826250	TAH_INV
58944343	1	TAHSILAT	2011-09-23 00:00:00	2011-09-23 00:00:00	101	251522	15	160	15	\N	0	197168	91	0	0	15	0	15	1	136283	1	15	201109	2011-09-23 00:00:00	10001	58944343	11881154	22	197168	18849256	TAH_INV
58958224	1	TAHSILAT	2012-02-14 00:00:00	2012-02-14 00:00:00	101	251522	425	160	425	\N	0	197168	91	0	0	425	0	425	1	136283	1	425	201201	2012-02-14 00:00:00	10001	58958224	13000681	22	197168	19970087	TAH_INV
59040883	1	TAHSILAT	2014-05-20 00:00:00	2014-05-20 00:00:00	101	48214	3580	160	3580	\N	0	2221	91	0	0	3580	0	3580	1	24362	1	3580	201404	2014-05-20 00:00:00	10001	59040883	19270737	32	2221	26245248	TAH_INV
59051045	1	TAHSILAT	2014-04-25 00:00:00	2014-04-25 00:00:00	101	251522	240	160	240	\N	0	197168	91	0	0	240	0	240	1	136283	1	240	201404	2014-04-25 00:00:00	10001	59051045	19261180	32	197168	26235680	TAH_INV
59075721	1	TAHSILAT	2014-12-01 00:00:00	2014-12-01 00:00:00	101	6879	60	160	60	\N	0	5727	91	0	0	60	0	60	1	30030	1	60	201411	2014-12-01 00:00:00	10001	59075721	21395558	32	5727	28371521	TAH_INV
59159178	1	TAHSILAT	2004-10-13 00:00:00	2004-10-13 00:00:00	101	6879	6.46	160	6.46	\N	0	5727	91	0	0	6.46	0	6.46	1	30030	1	6.46	200410	2004-10-13 00:00:00	10048	59159178	1416997	7	5727	8329000	TAH_INV
59175812	1	TAHSILAT	2005-05-11 00:00:00	2005-05-11 00:00:00	101	48214	1683	160	1683	\N	0	2221	91	0	0	1683	0	1683	1	24362	1	1683	200505	2005-05-11 00:00:00	10047	59175812	2391375	7	2221	9305558	TAH_INV
59187672	1	TAHSILAT	2006-04-17 00:00:00	2006-04-17 00:00:00	101	6879	64	160	64	\N	0	5727	91	0	0	64	0	64	1	30030	1	64	200604	2006-04-17 00:00:00	10001	59187672	3131669	7	5727	10048432	TAH_INV
59289313	1	TAHSILAT	2010-12-20 00:00:00	2010-12-20 00:00:00	101	48214	250	160	250	\N	0	2221	91	0	0	250	0	250	1	24362	1	250	201011	2010-12-20 00:00:00	10039	59289313	10183479	4	2221	17149298	TAH_INV
59431866	1	TAHSILAT	2014-07-24 00:00:00	2014-07-24 00:00:00	101	251522	20	160	20	\N	0	197168	91	0	0	20	0	20	1	136283	1	20	201407	2014-07-24 00:00:00	10001	59431866	20129070	32	197168	27104106	TAH_INV
59515598	1	TAHSILAT	2016-03-14 00:00:00	2016-03-14 00:00:00	101	48214	7075	160	7075	\N	0	2221	91	0	0	7075	0	7075	1	24362	1	7075	201602	2016-03-14 00:00:00	10001	59515598	25489930	32	2221	32468365	TAH_INV
59538354	1	TAHSILAT	2011-12-30 00:00:00	2011-12-30 00:00:00	101	306082	90	160	90	\N	0	276503	91	0	0	90	0	90	1	316217	1	90	201112	2011-12-30 00:00:00	10001	59538354	12732482	4	276503	19701495	TAH_INV
59538355	1	TAHSILAT	2012-04-05 00:00:00	2012-04-05 00:00:00	101	306082	5.81	160	5.81	\N	0	276503	91	0	0	5.81	0	5.81	1	316217	1	5.81	201112	2012-04-05 00:00:00	10001	59538355	12732482	4	276503	19701495	TAH_INV
59538356	1	TAHSILAT	2012-04-05 00:00:00	2012-04-05 00:00:00	101	306082	84.19	160	84.19	\N	0	276503	91	0	0	84.19	0	84.19	1	316217	1	84.19	201201	2012-04-05 00:00:00	10001	59538356	12764076	4	276503	19733171	TAH_INV
60940043	1	TAHSILAT	2011-10-11 13:57:26	2011-10-11 13:57:26	101	251522	9.9	160	9.9	\N	0	197168	91	0	0	9.9	0	9.9	1	136283	1	9.9	201110	2011-10-11 13:57:26	10001	60940043	12147565	6	197168	19115898	TAH_INV
60940054	1	TAHSILAT	2011-11-14 10:48:40	2011-11-14 10:48:40	101	251522	5.1	160	5.1	\N	0	197168	91	0	0	5.1	0	5.1	1	136283	1	5.1	201111	2011-11-14 10:48:40	10001	60940054	12476283	6	197168	19444984	TAH_INV
60940061	1	TAHSILAT	2011-11-14 10:48:40	2011-11-14 10:48:40	101	251522	15	160	15	\N	0	197168	91	0	0	15	0	15	1	136283	1	15	201111	2011-11-14 10:48:40	10001	60940061	12476283	6	197168	19444984	TAH_INV
62417583	1	TAHSILAT	2013-01-16 00:00:00	2013-01-16 00:00:00	101	306082	202.77	160	202.77	\N	0	276503	91	0	0	202.77	0	202.77	1	316217	1	202.77	201201	2013-01-16 00:00:00	10001	62417583	12764076	6	276503	19733171	TAH_INV
62417585	1	TAHSILAT	2013-01-16 00:00:00	2013-01-16 00:00:00	101	306082	385.44	160	385.44	\N	0	276503	91	0	0	385.44	0	385.44	1	316217	1	385.44	201202	2013-01-16 00:00:00	10001	62417585	13163561	6	276503	20133086	TAH_INV
62417587	1	TAHSILAT	2013-01-16 00:00:00	2013-01-16 00:00:00	101	306082	246.28	160	246.28	\N	0	276503	91	0	0	246.28	0	246.28	1	316217	1	246.28	201203	2013-01-16 00:00:00	10001	62417587	13287732	6	276503	20257454	TAH_INV
62417589	1	TAHSILAT	2013-01-16 00:00:00	2013-01-16 00:00:00	101	306082	160.86	160	160.86	\N	0	276503	91	0	0	160.86	0	160.86	1	316217	1	160.86	201204	2013-01-16 00:00:00	10001	62417589	13391048	6	276503	20360857	TAH_INV
62417591	1	TAHSILAT	2013-01-16 00:00:00	2013-01-16 00:00:00	101	306082	98.05	160	98.05	\N	0	276503	91	0	0	98.05	0	98.05	1	316217	1	98.05	201205	2013-01-16 00:00:00	10001	62417591	13652578	6	276503	20622609	TAH_INV
63078818	1	TAHSILAT	2016-07-29 10:35:20	2016-07-29 10:35:20	101	251522	15	160	15	\N	0	197168	91	0	0	15	0	15	1	136283	1	15	201606	2016-07-29 10:35:20	10001	63078818	26777704	32	197168	33756749	TAH_INV
63947415	1	TAHSILAT	2016-08-15 15:53:13	2016-08-15 15:53:13	101	251522	13.51	160	13.51	\N	0	197168	91	0	0	13.51	0	13.51	1	136283	1	13.51	201608	2016-08-15 15:53:13	10800	63947415	27888715	6	197168	63947404	TAH_INV
63947417	1	TAHSILAT	2016-08-15 15:53:13	2016-08-15 15:53:13	101	251522	0.43	160	0.43	\N	0	197168	91	0	0	0.43	0	0.43	1	136283	1	0.43	201608	2016-08-15 15:53:13	10800	63947417	27888715	6	197168	63947404	TAH_INV
63947419	1	TAHSILAT	2016-08-15 15:53:13	2016-08-15 15:53:13	101	251522	14.57	160	14.57	\N	0	197168	91	0	0	14.57	0	14.57	1	136283	1	14.57	201608	2016-08-15 15:53:13	10800	63947419	27888715	6	197168	63947404	TAH_INV
63984625	1	TAHSILAT	2016-08-16 12:15:47	2016-08-16 12:15:47	101	6879	6.54	160	6.54	\N	0	5727	91	0	0	6.54	0	6.54	1	30030	1	6.54	201608	2016-08-16 12:15:47	10717	63984625	27898820	6	5727	63984619	TAH_INV
64197388	1	TAHSILAT	2016-08-19 14:46:58	2016-08-19 14:46:58	101	6879	8.46	160	8.46	\N	0	5727	91	0	0	8.46	0	8.46	1	30030	1	8.46	201608	2016-08-19 14:46:58	10717	64197388	27898820	32	5727	63984619	TAH_INV
65190622	1	TAHSILAT	2016-10-07 09:00:49	2016-10-07 09:00:49	101	251522	6.49	160	6.49	\N	0	197168	91	0	0	6.49	0	6.49	1	136283	1	6.49	201608	2016-10-07 09:00:49	10800	65190622	27888715	32	197168	63947404	TAH_INV
65190624	1	TAHSILAT	2016-10-07 09:00:52	2016-10-07 09:00:52	101	251522	15	160	15	\N	0	197168	91	0	0	15	0	15	1	136283	1	15	201609	2016-10-07 09:00:52	10800	65190624	28266770	32	197168	64818280	TAH_INV
65394386	1	TAHSILAT	2016-10-14 10:15:28	2016-10-14 10:15:28	101	6879	5	160	5	\N	0	5727	91	0	0	5	0	5	1	30030	1	5	201609	2016-10-14 10:15:28	10717	65394386	28281999	32	5727	64850019	TAH_INV
65668992	1	TAHSILAT	2016-10-26 16:18:44	2016-10-26 16:18:44	101	48214	105	160	105	\N	0	2221	91	0	0	105	0	105	1	24362	1	105	201605	2016-10-26 16:18:44	10001	65668992	26721339	32	2221	33700348	TAH_INV
66047850	1	TAHSILAT	2016-11-14 14:18:44	2016-11-14 14:18:44	101	48214	248.34	160	248.34	\N	0	2221	91	0	0	248.34	0	248.34	1	24362	1	248.34	201611	2016-11-14 14:18:44	10746	66047850	28904085	6	2221	66047848	TAH_INV
66172289	1	TAHSILAT	2016-11-17 10:16:18	2016-11-17 10:16:18	101	6879	10	160	10	\N	0	5727	91	0	0	10	0	10	1	30030	1	10	201610	2016-11-17 10:16:18	10717	66172289	28612961	32	5727	65467491	TAH_INV
66172314	1	TAHSILAT	2016-11-17 10:16:34	2016-11-17 10:16:34	101	6879	107	160	107	\N	0	5727	91	0	0	107	0	107	1	30030	1	107	201611	2016-11-17 10:16:34	10717	66172314	28954125	32	5727	66138633	TAH_INV
66302673	1	TAHSILAT	2016-11-23 12:11:24	2016-11-23 12:11:24	101	48214	2036.66	160	2036.66	\N	0	2221	91	0	0	2036.66	0	2036.66	1	24362	1	2036.66	201611	2016-11-23 12:11:24	10746	66302673	28904085	32	2221	66047848	TAH_INV
66713075	1	TAHSILAT	2016-12-14 10:15:23	2016-12-14 10:15:23	101	251522	10	160	10	\N	0	197168	91	0	0	10	0	10	1	136283	1	10	201610	2016-12-14 10:15:23	10800	66713075	28602880	32	197168	65444724	TAH_INV
66997759	1	TAHSILAT	2016-12-28 11:48:16	2016-12-28 11:48:16	101	6879	77.88	160	77.88	\N	0	5727	91	0	0	77.88	0	77.88	1	30030	1	77.88	201312	2016-12-28 11:48:16	10211	66997759	1075043	32	5727	876268	TAH_INV
66997760	1	TAHSILAT	2016-12-28 11:48:21	2016-12-28 11:48:21	101	6879	197	160	197	\N	0	5727	91	0	0	197	0	197	1	30030	1	197	201612	2016-12-28 11:48:21	10717	66997760	29297436	32	5727	66812877	TAH_INV
67587969	1	TAHSILAT	2017-01-25 11:45:28	2017-01-25 11:45:28	101	6879	214.17	160	214.17	\N	0	5727	91	0	0	214.17	0	214.17	1	30030	1	214.17	201701	2017-01-25 11:45:28	10211	67587969	29530514	32	5727	67283928	TAH_INV
67832779	1	TAHSILAT	2017-02-09 16:14:50	2017-02-09 16:14:50	101	48214	7227	160	7227	\N	0	2221	91	0	0	7227	0	7227	1	24362	1	7227	201612	2017-02-09 16:14:50	10715	67832779	29242627	32	2221	66710690	TAH_INV
67902965	1	TAHSILAT	2017-02-13 11:45:34	2017-02-13 11:45:34	101	1026884	60	160	60	\N	0	556305	91	0	0	60	0	60	1	348719	\N	60	201702	2017-02-13 11:45:34	10013	67902965	29852841	5	556305	67902943	TAH_INV
68177803	1	TAHSILAT	2017-02-22 14:43:20	2017-02-22 14:43:20	101	48214	10794	160	10794	\N	0	2221	91	0	0	10794	0	10794	1	24362	1	10794	201701	2017-02-22 14:43:20	10746	68177803	29590874	32	2221	67384158	TAH_INV
68251430	1	TAHSILAT	2017-03-01 00:23:44	2017-03-01 00:23:44	101	6879	275	160	275	\N	0	5727	91	0	0	275	0	275	1	30030	1	275	201702	2017-03-01 00:23:44	10211	68251430	29891924	32	5727	67976736	TAH_INV
68364343	1	TAHSILAT	2017-03-06 12:05:30	2017-03-06 12:05:30	101	251522	225	160	225	\N	0	197168	91	0	0	225	0	225	1	136283	1	225	201611	2017-03-06 12:05:30	10001	68364343	28946703	32	197168	66128022	TAH_INV
68698921	1	TAHSILAT	2017-03-16 14:01:07	2017-03-16 14:01:07	101	251522	615	160	615	\N	0	197168	91	0	0	615	0	615	1	136283	1	615	201701	2017-03-16 14:01:07	10800	68698921	29608494	32	197168	67421689	TAH_INV
68698922	1	TAHSILAT	2017-03-16 14:01:08	2017-03-16 14:01:08	101	251522	389	160	389	\N	0	197168	91	0	0	389	0	389	1	136283	1	389	201612	2017-03-16 14:01:08	10800	68698922	29277372	32	197168	66772613	TAH_INV
68876372	1	TAHSILAT	2017-03-26 13:19:23	2017-03-26 13:19:23	101	1026884	7	160	7	\N	0	556305	91	0	0	7	0	7	1	348719	1	7	201703	2017-03-26 13:19:23	11131	68876372	30293083	32	556305	68719168	TAH_INV
68894355	1	TAHSILAT	2017-03-29 08:55:18	2017-03-29 08:55:18	101	251522	466	160	466	\N	0	197168	91	0	0	466	0	466	1	136283	1	466	201702	2017-03-29 08:55:18	10800	68894355	29900002	32	197168	67993065	TAH_INV
68908636	1	TAHSILAT	2017-04-01 00:19:50	2017-04-01 00:19:50	101	6879	246	160	246	\N	0	5727	91	0	0	246	0	246	1	30030	1	246	201703	2017-04-01 00:19:50	10717	68908636	30291055	32	5727	68716415	TAH_INV
69196767	1	TAHSILAT	2017-04-12 14:53:39	2017-04-12 14:53:39	101	48214	369	160	369	\N	0	2221	91	0	0	369	0	369	1	24362	1	369	201702	2017-04-12 14:53:39	10803	69196767	29988639	32	2221	68180301	TAH_INV
69504729	1	TAHSILAT	2017-04-24 16:14:35	2017-04-24 16:14:35	101	1026884	63	160	63	\N	0	556305	91	0	0	63	0	63	1	348719	1	63	201704	2017-04-24 16:14:35	11131	69504729	30618678	32	556305	69345062	TAH_INV
69523178	1	TAHSILAT	2017-04-25 14:31:17	2017-04-25 14:31:17	101	48214	8999	160	8999	\N	0	2221	91	0	0	8999	0	8999	1	24362	1	8999	201702	2017-04-25 14:31:17	10746	69523178	29879435	32	2221	67954147	TAH_INV
69704255	1	TAHSILAT	2017-05-08 10:23:59	2017-05-08 10:23:59	101	251522	358	160	358	\N	0	197168	91	0	0	358	0	358	1	136283	1	358	201703	2017-05-08 10:23:59	10800	69704255	30263078	32	197168	68668694	TAH_INV
69725444	1	TAHSILAT	2017-05-08 16:57:39	2017-05-08 16:57:39	101	251522	374	160	374	\N	0	197168	91	0	0	374	0	374	1	136283	1	374	201704	2017-05-08 16:57:39	10800	69725444	30592502	32	197168	69297657	TAH_INV
70202099	1	TAHSILAT	2017-05-29 10:19:38	2017-05-29 10:19:38	101	48214	2150	160	2150	\N	0	2221	91	0	0	2150	0	2150	1	24362	1	2150	201702	2017-05-29 10:19:38	10803	70202099	29987070	32	2221	68156323	TAH_INV
70213193	1	TAHSILAT	2017-05-30 11:40:37	2017-05-30 11:40:37	101	48214	1630	160	1630	\N	0	2221	91	0	0	1630	0	1630	1	24362	1	1630	201705	2017-05-30 11:40:37	10746	70213193	30907478	32	2221	69920480	TAH_INV
70218981	1	TAHSILAT	2017-05-30 18:45:47	2017-05-30 18:45:47	101	48214	36	160	36	\N	0	2221	91	0	0	36	0	36	1	24362	1	36	201705	2017-05-30 18:45:47	10746	70218981	31001022	16	2221	70137062	TAH_INV
70232754	1	TAHSILAT	2017-06-01 10:58:08	2017-06-01 10:58:08	101	6879	137	160	137	\N	0	5727	91	0	0	137	0	137	1	30030	1	137	201704	2017-06-01 10:58:08	10717	70232754	30622827	32	5727	69351575	TAH_INV
70458564	1	TAHSILAT	2017-06-09 15:50:37	2017-06-09 15:50:37	101	48214	3523	160	3523	\N	0	2221	91	0	0	3523	0	3523	1	24362	1	3523	201703	2017-06-09 15:50:37	10746	70458564	30235198	32	2221	68618148	TAH_INV
70472680	1	TAHSILAT	2017-06-09 19:10:20	2017-06-09 19:10:20	101	1026884	41	160	41	\N	0	556305	91	0	0	41	0	41	1	348719	1	41	201705	2017-06-09 19:10:20	11131	70472680	30967578	32	556305	70029379	TAH_INV
70854592	1	TAHSILAT	2017-06-28 19:26:54	2017-06-28 19:26:54	101	48214	264	160	264	\N	0	2221	91	0	0	264	0	264	1	24362	1	264	201706	2017-06-28 19:26:54	10746	70854592	31260728	16	2221	70602777	TAH_INV
71086596	1	TAHSILAT	2017-07-10 13:00:45	2017-07-10 13:00:45	101	1026884	34	160	34	\N	0	556305	91	0	0	34	0	34	1	348719	1	34	201706	2017-07-10 13:00:45	11131	71086596	31311027	32	556305	70689015	TAH_INV
71112314	1	TAHSILAT	2017-07-11 09:21:02	2017-07-11 09:21:02	101	251522	76	160	76	\N	0	197168	91	0	0	76	0	76	1	136283	1	76	201705	2017-07-11 09:21:02	10800	71112314	30933339	32	197168	69972395	TAH_INV
71138208	1	TAHSILAT	2017-07-11 17:21:49	2017-07-11 17:21:49	101	251522	17	160	17	\N	0	197168	91	0	0	17	0	17	1	136283	1	17	201706	2017-07-11 17:21:49	10800	71138208	31282503	32	197168	70642390	TAH_INV
71303888	1	TAHSILAT	2017-07-17 21:26:07	2017-07-17 21:26:07	101	48214	426	160	426	\N	0	2221	91	0	0	426	0	426	1	24362	1	426	201610	2017-07-17 21:26:07	10901	71303888	31357702	16	2221	70879854	TAH_INV
71413160	1	TAHSILAT	2017-07-21 14:07:17	2017-07-21 14:07:17	101	48214	5648	160	5648	\N	0	2221	91	0	0	5648	0	5648	1	24362	1	5648	201704	2017-07-21 14:07:17	10746	71413160	30570918	32	2221	69265348	TAH_INV
71460457	1	TAHSILAT	2017-07-24 20:49:16	2017-07-24 20:49:16	101	48214	3	160	3	\N	0	2221	91	0	0	3	0	3	1	24362	1	3	201707	2017-07-24 20:49:16	10746	71460457	31602276	16	2221	71230971	TAH_INV
71491942	1	TAHSILAT	2017-07-27 14:32:25	2017-07-27 14:32:25	101	1026884	23	160	23	\N	0	556305	91	0	0	23	0	23	1	348719	1	23	201707	2017-07-27 14:32:25	11131	71491942	31650646	32	556305	71339415	TAH_INV
71530361	1	TAHSILAT	2017-07-31 21:07:13	2017-07-31 21:07:13	101	48214	279	160	279	\N	0	2221	91	0	0	279	0	279	1	24362	1	279	201707	2017-07-31 21:07:13	10689	71530361	31683487	16	2221	71419160	TAH_INV
71891283	1	TAHSILAT	2017-08-14 17:21:15	2017-08-14 17:21:15	101	251522	19	160	19	\N	0	197168	91	0	0	19	0	19	1	136283	1	19	201707	2017-08-14 17:21:15	10800	71891283	31624925	32	197168	71283487	TAH_INV
71891284	1	TAHSILAT	2017-08-14 17:21:16	2017-08-14 17:21:16	101	251522	10	160	10	\N	0	197168	91	0	0	10	0	10	1	136283	1	10	201708	2017-08-14 17:21:16	10001	71891284	31841790	32	197168	71728612	TAH_INV
71906477	1	TAHSILAT	2017-08-15 09:06:38	2017-08-15 09:06:38	101	6879	46	160	46	\N	0	5727	91	0	0	46	0	46	1	30030	1	46	201705	2017-08-15 09:06:38	10717	71906477	30955042	32	5727	70010981	TAH_INV
72024505	1	TAHSILAT	2017-08-18 10:33:46	2017-08-18 10:33:46	101	6879	30	160	30	\N	0	5727	91	0	0	30	0	30	1	30030	1	30	201706	2017-08-18 10:33:46	10717	72024505	31299335	32	5727	70671335	TAH_INV
72293011	1	TAHSILAT	2017-09-08 18:18:17	2017-09-08 18:18:17	101	1026884	14	160	14	\N	0	556305	91	0	0	14	0	14	1	348719	1	14	201708	2017-09-08 18:18:17	11131	72293011	31989832	32	556305	71975466	TAH_INV
72449843	1	TAHSILAT	2017-09-15 10:57:37	2017-09-15 10:57:37	101	251522	16	160	16	\N	0	197168	91	0	0	16	0	16	1	136283	1	16	201709	2017-09-15 10:57:37	11189	72449843	32150824	32	197168	72340926	TAH_INV
73010401	1	TAHSILAT	2017-10-09 13:18:10	2017-10-09 13:18:10	101	251522	12	160	12	\N	0	197168	91	0	0	12	0	12	1	136283	1	12	201710	2017-10-09 13:18:10	11189	73010401	32492231	32	197168	72982761	TAH_INV
73159853	1	TAHSILAT	2017-10-13 14:59:22	2017-10-13 14:59:22	101	1026884	22.13	160	22.13	\N	0	556305	91	0	0	22.13	0	22.13	1	348719	1	22.13	201709	2017-10-13 14:59:22	10752	73159853	32342547	6	556305	72656434	TAH_INV
73159855	1	TAHSILAT	2017-10-13 14:59:22	2017-10-13 14:59:22	101	1026884	11.7	160	11.7	\N	0	556305	91	0	0	11.7	0	11.7	1	348719	1	11.7	201710	2017-10-13 14:59:22	10771	73159855	32602007	6	556305	73159848	TAH_INV
73266505	1	TAHSILAT	2017-10-17 10:40:54	2017-10-17 10:40:54	101	6879	5	160	5	\N	0	5727	91	0	0	5	0	5	1	30030	1	5	201707	2017-10-17 10:40:54	10717	73266505	31647692	32	5727	71335421	TAH_INV
73266528	1	TAHSILAT	2017-10-17 10:41:20	2017-10-17 10:41:20	101	6879	2	160	2	\N	0	5727	91	0	0	2	0	2	1	30030	1	2	201709	2017-10-17 10:41:20	10717	73266528	32103076	32	5727	72277443	TAH_INV
73266538	1	TAHSILAT	2017-10-17 10:41:33	2017-10-17 10:41:33	101	6879	5	160	5	\N	0	5727	91	0	0	5	0	5	1	30030	1	5	201710	2017-10-17 10:41:33	10717	73266538	32448656	32	5727	72927245	TAH_INV
73266587	1	TAHSILAT	2017-10-17 10:42:14	2017-10-17 10:42:14	101	6879	6	160	6	\N	0	5727	91	0	0	6	0	6	1	30030	1	6	201708	2017-10-17 10:42:14	10717	73266587	31976195	32	5727	71956280	TAH_INV
73947855	1	TAHSILAT	2017-11-16 00:16:15	2017-11-16 00:16:15	101	6879	30	160	30	\N	0	5727	91	0	0	30	0	30	1	30030	1	30	201711	2017-11-16 00:16:15	10717	73947855	32792220	32	5727	73605829	TAH_INV
74068647	1	TAHSILAT	2017-11-20 20:42:54	2017-11-20 20:42:54	101	48214	3117	160	3117	\N	0	2221	91	0	0	3117	0	3117	1	24362	1	3117	201711	2017-11-20 20:42:54	10746	74068647	32918866	16	2221	73788319	TAH_INV
74383321	1	TAHSILAT	2017-12-07 16:09:57	2017-12-07 16:09:57	101	251522	68	160	68	\N	0	197168	91	0	0	68	0	68	1	136283	1	68	201711	2017-12-07 16:09:57	11189	74383321	32842274	32	197168	73678924	TAH_INV
74614707	1	TAHSILAT	2017-12-15 10:51:23	2017-12-15 10:51:23	101	6879	105	160	105	\N	0	5727	91	0	0	105	0	105	1	30030	1	105	201712	2017-12-15 10:51:23	10717	74614707	33142832	32	5727	74305423	TAH_INV
74803385	1	TAHSILAT	2017-12-21 19:40:49	2017-12-21 19:40:49	101	48214	5062	160	5062	\N	0	2221	91	0	0	5062	0	5062	1	24362	1	5062	201712	2017-12-21 19:40:49	10746	74803385	33251761	16	2221	74461548	TAH_INV
74914998	1	TAHSILAT	2018-01-02 09:08:13	2018-01-02 09:08:13	101	251522	321	160	321	\N	0	197168	91	0	0	321	0	321	1	136283	1	321	201712	2018-01-02 09:08:13	11189	74914998	33192648	32	197168	74376057	TAH_INV
75347134	1	TAHSILAT	2018-01-16 17:37:35	2018-01-16 17:37:35	101	251522	140	160	140	\N	0	197168	91	0	0	140	0	140	1	136283	1	140	201712	2018-01-16 17:37:35	11221	75347134	33410853	32	197168	74759654	TAH_INV
75493067	1	TAHSILAT	2018-01-22 22:29:46	2018-01-22 22:29:46	101	48214	6776	160	6776	\N	0	2221	91	0	0	6776	0	6776	1	24362	1	6776	201801	2018-01-22 22:29:46	10746	75493067	33617296	16	2221	75171084	TAH_INV
75716492	1	TAHSILAT	2018-02-05 21:02:39	2018-02-05 21:02:39	101	6879	203	160	203	\N	0	5727	91	0	0	203	0	203	1	30030	1	203	201801	2018-02-05 21:02:39	10717	75716492	33497945	32	5727	75006369	TAH_INV
75785753	1	TAHSILAT	2018-02-08 10:58:23	2018-02-08 10:58:23	101	6879	231	160	231	\N	0	5727	91	0	0	231	0	231	1	30030	1	231	201802	2018-02-08 10:58:23	10717	75785753	33854306	32	5727	75689499	TAH_INV
76112940	1	TAHSILAT	2018-02-19 10:50:50	2018-02-19 10:50:50	101	251522	251	160	251	\N	0	197168	91	0	0	251	0	251	1	136283	1	251	201801	2018-02-19 10:50:50	11189	76112940	33549530	32	197168	75074556	TAH_INV
76209613	1	TAHSILAT	2018-02-23 15:24:54	2018-02-23 15:24:54	101	48214	8416	160	8416	\N	0	2221	91	0	0	8416	0	8416	1	24362	1	8416	201802	2018-02-23 15:24:54	10746	76209613	33967834	32	2221	75851322	TAH_INV
76580003	1	TAHSILAT	2018-03-12 15:41:01	2018-03-12 15:41:01	101	251522	42	160	42	\N	0	197168	91	0	0	42	0	42	1	136283	1	42	201803	2018-03-12 15:41:01	10695	76580003	34202557	32	197168	76362153	TAH_INV
76580552	1	TAHSILAT	2018-03-12 15:48:02	2018-03-12 15:48:02	101	251522	387	160	387	\N	0	197168	91	0	0	387	0	387	1	136283	1	387	201802	2018-03-12 15:48:02	11189	76580552	33903886	32	197168	75762577	TAH_INV
76846446	1	TAHSILAT	2018-03-20 18:49:46	2018-03-20 18:49:46	101	48214	7506	160	7506	\N	0	2221	91	0	0	7506	0	7506	1	24362	1	7506	201803	2018-03-20 18:49:46	10746	76846446	34319809	16	2221	76531483	TAH_INV
76975576	1	TAHSILAT	2018-04-01 12:03:12	2018-04-01 12:03:12	101	6879	230.46	160	230.46	\N	0	5727	91	0	0	230.46	0	230.46	1	30030	1	230.46	201803	2018-04-01 12:03:12	10211	76975576	34489141	32	5727	76972166	TAH_INV
77174142	1	TAHSILAT	2018-04-09 16:49:28	2018-04-09 16:49:28	101	251522	324	160	324	\N	0	197168	91	0	0	324	0	324	1	136283	1	324	201803	2018-04-09 16:49:28	11189	77174142	34256108	32	197168	76442207	TAH_INV
77404703	1	TAHSILAT	2018-04-16 22:07:04	2018-04-16 22:07:04	101	6879	33	160	33	\N	0	5727	91	0	0	33	0	33	1	30030	1	33	201804	2018-04-16 22:07:04	10717	77404703	34559454	32	5727	77066527	TAH_INV
77581160	1	TAHSILAT	2018-04-24 21:12:47	2018-04-24 21:12:47	101	48214	4513	160	4513	\N	0	2221	91	0	0	4513	0	4513	1	24362	1	4513	201804	2018-04-24 21:12:47	10746	77581160	34684132	16	2221	77240165	TAH_INV
77846086	1	TAHSILAT	2018-05-09 11:21:36	2018-05-09 11:21:36	101	251522	300	160	300	\N	0	197168	91	0	0	300	0	300	1	136283	1	300	201804	2018-05-09 11:21:36	11189	77846086	34606842	32	197168	77128033	TAH_INV
78040055	1	TAHSILAT	2018-05-15 15:35:47	2018-05-15 15:35:47	101	6879	17	160	17	\N	0	5727	91	0	0	17	0	17	1	30030	1	17	201805	2018-05-15 15:35:47	10717	78040055	34914628	32	5727	77751151	TAH_INV
78251611	1	TAHSILAT	2018-05-23 10:11:29	2018-05-23 10:11:29	101	48214	1033	160	1033	\N	0	2221	91	0	0	1033	0	1033	1	24362	1	1033	201805	2018-05-23 10:11:29	10746	78251611	35030996	32	2221	77918821	TAH_INV
78572795	1	TAHSILAT	2018-06-08 19:36:17	2018-06-08 19:36:17	101	251522	62	160	62	\N	0	197168	91	0	0	62	0	62	1	136283	1	62	201805	2018-06-08 19:36:17	11189	78572795	34961443	32	197168	77819638	TAH_INV
79043403	1	TAHSILAT	2018-07-02 10:17:20	2018-07-02 10:17:20	101	48214	1	160	1	\N	0	2221	91	0	0	1	0	1	1	24362	1	1	201806	2018-07-02 10:17:20	10746	79043403	35426439	32	2221	78674834	TAH_INV
79233327	1	TAHSILAT	2018-07-09 10:54:09	2018-07-09 10:54:09	101	251522	45	160	45	\N	0	197168	91	0	0	45	0	45	1	136283	1	45	201805	2018-07-09 10:54:09	10695	79233327	35195505	32	197168	78295649	TAH_INV
79233418	1	TAHSILAT	2018-07-09 10:55:16	2018-07-09 10:55:16	101	251522	1	160	1	\N	0	197168	91	0	0	1	0	1	1	136283	1	1	201806	2018-07-09 10:55:16	11189	79233418	35333953	32	197168	78529430	TAH_INV
79233634	1	TAHSILAT	2018-07-09 10:58:00	2018-07-09 10:58:00	101	251522	18	160	18	\N	0	197168	91	0	0	18	0	18	1	136283	1	18	201807	2018-07-09 10:58:00	11189	79233634	35689053	32	197168	79214745	TAH_INV
80345564	1	TAHSILAT	2018-08-30 11:11:22	2018-08-30 11:11:22	101	6879	27	160	27	\N	0	5727	91	0	0	27	0	27	1	30030	1	27	201808	2018-08-30 11:11:22	10717	80345564	36160940	32	5727	80113818	TAH_INV
80452127	1	TAHSILAT	2018-09-05 11:25:21	2018-09-05 11:25:21	101	251522	28	160	28	\N	0	197168	91	0	0	28	0	28	1	136283	1	28	201808	2018-09-05 11:25:21	10713	80452127	36197639	32	197168	80175949	TAH_INV
80821440	1	TAHSILAT	2018-09-19 14:38:45	2018-09-19 14:38:45	101	48214	6	160	6	\N	0	2221	91	0	0	6	0	6	1	24362	1	6	201809	2018-09-19 14:38:45	10715	80821440	36419025	32	2221	80614935	TAH_INV
81291564	1	TAHSILAT	2018-10-10 08:59:28	2018-10-10 08:59:28	101	251522	28	160	28	\N	0	197168	91	0	0	28	0	28	1	136283	1	28	201809	2018-10-10 08:59:28	10713	81291564	36544909	32	197168	80843586	TAH_INV
82297638	1	TAHSILAT	2018-11-20 18:47:49	2018-11-20 18:47:49	101	48214	237	160	237	\N	0	2221	91	0	0	237	0	237	1	24362	1	237	201811	2018-11-20 18:47:49	10715	82297638	37150330	16	2221	82012151	TAH_INV
82315593	1	TAHSILAT	2018-11-21 12:17:55	2018-11-21 12:17:55	101	6879	6	160	6	\N	0	5727	91	0	0	6	0	6	1	30030	1	6	201809	2018-11-21 12:17:55	10717	82315593	36504961	32	5727	80772656	TAH_INV
82315600	1	TAHSILAT	2018-11-21 12:18:12	2018-11-21 12:18:12	101	6879	12	160	12	\N	0	5727	91	0	0	12	0	12	1	30030	1	12	201810	2018-11-21 12:18:12	10804	82315600	36883165	32	5727	81496688	TAH_INV
83195752	1	TAHSILAT	2018-12-28 15:46:29	2018-12-28 15:46:29	101	48214	8258	160	8258	\N	0	2221	91	0	0	8258	0	8258	1	24362	1	8258	201812	2018-12-28 15:46:29	10715	83195752	37529336	32	2221	82728746	TAH_INV
83222183	1	TAHSILAT	2018-12-31 16:10:16	2018-12-31 16:10:16	101	251522	267	160	267	\N	0	197168	91	0	0	267	0	267	1	136283	1	267	201811	2018-12-31 16:10:16	10713	83222183	37310759	32	197168	82302492	TAH_INV
83251924	1	TAHSILAT	2019-01-02 15:01:24	2019-01-02 15:01:24	101	6879	51	160	51	\N	0	5727	91	0	0	51	0	51	1	30030	1	51	201811	2019-01-02 15:01:24	10717	83251924	37259190	32	5727	82203936	TAH_INV
83565076	1	TAHSILAT	2019-01-15 12:25:58	2019-01-15 12:25:58	101	6879	137	160	137	\N	0	5727	91	0	0	137	0	137	1	30030	1	137	201812	2019-01-15 12:25:58	10717	83565076	37637116	32	5727	82925194	TAH_INV
83706920	1	TAHSILAT	2019-01-21 09:11:42	2019-01-21 09:11:42	101	251522	19	160	19	\N	0	197168	91	0	0	19	0	19	1	136283	1	19	201810	2019-01-21 09:11:42	10713	83706920	36924659	32	197168	81573650	TAH_INV
83871486	1	TAHSILAT	2019-01-25 16:51:04	2019-01-25 16:51:04	101	48214	12154	160	12154	\N	0	2221	91	0	0	12154	0	12154	1	24362	1	12154	201901	2019-01-25 16:51:04	11142	83871486	37925275	32	2221	83461135	TAH_INV
83916921	1	TAHSILAT	2019-01-29 09:35:24	2019-01-29 09:35:24	101	251522	444	160	444	\N	0	197168	91	0	0	444	0	444	1	136283	1	444	201812	2019-01-29 09:35:24	10713	83916921	37684273	32	197168	83011563	TAH_INV
84016554	1	TAHSILAT	2019-02-04 11:07:54	2019-02-04 11:07:54	101	6879	340	160	340	\N	0	5727	91	0	0	340	0	340	1	30030	1	340	201901	2019-02-04 11:07:54	10717	84016554	38033497	32	5727	83648501	TAH_INV
84501678	1	TAHSILAT	2019-02-21 18:46:13	2019-02-21 18:46:13	101	48214	9046	160	9046	\N	0	2221	91	0	0	9046	0	9046	1	24362	1	9046	201902	2019-02-21 18:46:13	10715	84501678	38305491	16	2221	84176269	TAH_INV
84668343	1	TAHSILAT	2019-03-01 10:25:40	2019-03-01 10:25:40	101	251522	637	160	637	\N	0	197168	91	0	0	637	0	637	1	136283	1	637	201901	2019-03-01 10:25:40	10713	84668343	38084923	32	197168	83734437	TAH_INV
85186058	1	TAHSILAT	2019-03-20 14:17:44	2019-03-20 14:17:44	101	6879	220	160	220	\N	0	5727	91	0	0	220	0	220	1	30030	1	220	201902	2019-03-20 14:17:44	10717	85186058	38412434	32	5727	84362916	TAH_INV
85340296	1	TAHSILAT	2019-03-26 14:14:20	2019-03-26 14:14:20	101	48214	8528	160	8528	\N	0	2221	91	0	0	8528	0	8528	1	24362	1	8528	201903	2019-03-26 14:14:20	10715	85340296	38681777	32	2221	84902077	TAH_INV
85377132	1	TAHSILAT	2019-03-29 11:30:28	2019-03-29 11:30:28	101	251522	441	160	441	\N	0	197168	91	0	0	441	0	441	1	136283	1	441	201902	2019-03-29 11:30:28	10713	85377132	38461205	32	197168	84463715	TAH_INV
85389267	1	TAHSILAT	2019-04-01 00:44:26	2019-04-01 00:44:26	101	6879	170	160	170	\N	0	5727	91	0	0	170	0	170	1	30030	1	170	201903	2019-04-01 00:44:26	10717	85389267	38783721	32	5727	85089463	TAH_INV
86019903	1	TAHSILAT	2019-04-24 16:36:09	2019-04-24 16:36:09	101	48214	6438	160	6438	\N	0	2221	91	0	0	6438	0	6438	1	24362	1	6438	201904	2019-04-24 16:36:09	10715	86019903	39054704	32	2221	85624309	TAH_INV
86085879	1	TAHSILAT	2019-04-29 08:16:21	2019-04-29 08:16:21	101	251522	367	160	367	\N	0	197168	91	0	0	367	0	367	1	136283	1	367	201903	2019-04-29 08:16:21	10713	86085879	38832990	32	197168	85180210	TAH_INV
86449983	1	TAHSILAT	2019-05-15 09:14:51	2019-05-15 09:14:51	101	6879	91	160	91	\N	0	5727	91	0	0	91	0	91	1	30030	1	91	201904	2019-05-15 09:14:51	10717	86449983	39168778	32	5727	85830938	TAH_INV
86662953	1	TAHSILAT	2019-05-22 12:19:05	2019-05-22 12:19:05	101	48214	3135	160	3135	\N	0	2221	91	0	0	3135	0	3135	1	24362	1	3135	201905	2019-05-22 12:19:05	10001	86662953	39508517	32	2221	86489417	TAH_INV
86962963	1	TAHSILAT	2019-06-10 10:49:13	2019-06-10 10:49:13	101	251522	339	160	339	\N	0	197168	91	0	0	339	0	339	1	136283	1	339	201904	2019-06-10 10:49:13	10713	86962963	39212501	32	197168	85903313	TAH_INV
87448136	1	TAHSILAT	2019-06-27 19:03:06	2019-06-27 19:03:06	101	48214	2	160	2	\N	0	2221	91	0	0	2	0	2	1	24362	1	2	201906	2019-06-27 19:03:06	10715	87448136	39826767	16	2221	87125336	TAH_INV
87654291	1	TAHSILAT	2019-07-05 09:57:44	2019-07-05 09:57:44	101	6879	67	160	67	\N	0	5727	91	0	0	67	0	67	1	30030	1	67	201905	2019-07-05 09:57:44	10717	87654291	39544325	32	5727	86552200	TAH_INV
87729503	1	TAHSILAT	2019-07-08 12:14:58	2019-07-08 12:14:58	101	251522	94	160	94	\N	0	197168	91	0	0	94	0	94	1	136283	1	94	201905	2019-07-08 12:14:58	10713	87729503	39585099	32	197168	86634880	TAH_INV
88253765	1	TAHSILAT	2019-07-29 09:45:38	2019-07-29 09:45:38	101	251522	31	160	31	\N	0	197168	91	0	0	31	0	31	1	136283	1	31	201906	2019-07-29 09:45:38	10804	88253765	39976954	32	197168	87397614	TAH_INV
88301139	1	TAHSILAT	2019-08-01 09:13:04	2019-08-01 09:13:04	101	6879	17	160	17	\N	0	5727	91	0	0	17	0	17	1	30030	1	17	201906	2019-08-01 09:13:04	10001	88301139	39932002	32	5727	87318728	TAH_INV
88301232	1	TAHSILAT	2019-08-01 09:13:32	2019-08-01 09:13:32	101	6879	7	160	7	\N	0	5727	91	0	0	7	0	7	1	30030	1	7	201907	2019-08-01 09:13:32	10717	88301232	40296627	32	5727	88007183	TAH_INV
88944085	1	TAHSILAT	2019-08-29 14:30:50	2019-08-29 14:30:50	101	251522	15	160	15	\N	0	197168	91	0	0	15	0	15	1	136283	1	15	201907	2019-08-29 14:30:50	10713	88944085	40346650	32	197168	88100361	TAH_INV
89601577	1	TAHSILAT	2019-09-24 14:05:31	2019-09-24 14:05:31	101	251522	21	160	21	\N	0	197168	91	0	0	21	0	21	1	136283	1	21	201908	2019-09-24 14:05:31	11165	89601577	40724823	32	197168	88830962	TAH_INV
90090246	1	TAHSILAT	2019-10-15 13:59:55	2019-10-15 13:59:55	101	6879	7	160	7	\N	0	5727	91	0	0	7	0	7	1	30030	1	7	201908	2019-10-15 13:59:55	10717	90090246	40659008	32	5727	88731259	TAH_INV
90090260	1	TAHSILAT	2019-10-15 14:00:26	2019-10-15 14:00:26	101	6879	3	160	3	\N	0	5727	91	0	0	3	0	3	1	30030	1	3	201909	2019-10-15 14:00:26	10717	90090260	41045906	32	5727	89447182	TAH_INV
90436166	1	TAHSILAT	2019-11-01 08:40:35	2019-11-01 08:40:35	101	6879	16	160	16	\N	0	5727	91	0	0	16	0	16	1	30030	1	16	201910	2019-11-01 08:40:35	10717	90436166	41411779	32	5727	90161952	TAH_INV
90437696	1	TAHSILAT	2019-11-01 09:20:38	2019-11-01 09:20:38	101	251522	24	160	24	\N	0	197168	91	0	0	24	0	24	1	136283	1	24	201909	2019-11-01 09:20:38	10713	90437696	41098192	32	197168	89525789	TAH_INV
90997964	1	TAHSILAT	2019-11-22 18:47:20	2019-11-22 18:47:20	101	48214	183	160	183	\N	0	2221	91	0	0	183	0	183	1	24362	1	183	201911	2019-11-22 18:47:20	10715	90997964	41658990	16	2221	90683821	TAH_INV
91123211	1	TAHSILAT	2019-11-29 17:05:25	2019-11-29 17:05:25	101	251522	23	160	23	\N	0	197168	91	0	0	23	0	23	1	136283	1	23	201910	2019-11-29 17:05:25	10713	91123211	41444506	32	197168	90222938	TAH_INV
91130052	1	TAHSILAT	2019-12-01 14:21:14	2019-12-01 14:21:14	101	6879	19	160	19	\N	0	5727	91	0	0	19	0	19	1	30030	1	19	201911	2019-12-01 14:21:14	10717	91130052	41758760	32	5727	90874659	TAH_INV
91714749	1	TAHSILAT	2019-12-23 19:05:39	2019-12-23 19:05:39	101	48214	8124	160	8124	\N	0	2221	91	0	0	8124	0	8124	1	24362	1	8124	201912	2019-12-23 19:05:39	10715	91714749	42016331	16	2221	91401900	TAH_INV
91825037	1	TAHSILAT	2019-12-30 09:25:32	2019-12-30 09:25:32	101	251522	82	160	82	\N	0	197168	91	0	0	82	0	82	1	136283	1	82	201911	2019-12-30 09:25:32	10713	91825037	41801951	32	197168	90953225	TAH_INV
91848735	1	TAHSILAT	2019-12-31 09:49:49	2019-12-31 09:49:49	101	6879	241	160	241	\N	0	5727	91	0	0	241	0	241	1	30030	1	241	201912	2019-12-31 09:49:49	10717	91848735	42115399	32	5727	91594295	TAH_INV
92550540	1	TAHSILAT	2020-01-28 15:18:16	2020-01-28 15:18:16	101	48214	13257	160	13257	\N	0	2221	91	0	0	13257	0	13257	1	24362	1	13257	202001	2020-01-28 15:18:16	10715	92550540	42372058	32	2221	92120956	TAH_INV
92558059	1	TAHSILAT	2020-01-29 10:30:31	2020-01-29 10:30:31	101	251522	480	160	480	\N	0	197168	91	0	0	480	0	480	1	136283	1	480	201912	2020-01-29 10:30:31	10713	92558059	42158856	32	197168	91679380	TAH_INV
92618635	1	TAHSILAT	2020-02-03 09:42:15	2020-02-03 09:42:15	101	6879	400	160	400	\N	0	5727	91	0	0	400	0	400	1	30030	1	400	202001	2020-02-03 09:42:15	10717	92618635	42482540	32	5727	92325853	TAH_INV
92857035	1	TAHSILAT	2020-02-12 11:16:23	2020-02-12 11:16:23	101	251522	3.78	160	3.78	\N	0	197168	91	0	0	3.78	0	3.78	1	136283	1	3.78	202001	2020-02-12 11:16:23	11096	92857035	42478467	32	197168	92309468	TAH_INV
92857213	1	TAHSILAT	2020-02-12 11:19:02	2020-02-12 11:19:02	101	251522	1.77	160	1.77	\N	0	197168	91	0	0	1.77	0	1.77	1	136283	1	1.77	202001	2020-02-12 11:19:02	11096	92857213	42478471	32	197168	92309479	TAH_INV
92857215	1	TAHSILAT	2020-02-12 11:19:27	2020-02-12 11:19:27	101	251522	1.77	160	1.77	\N	0	197168	91	0	0	1.77	0	1.77	1	136283	1	1.77	202001	2020-02-12 11:19:27	11096	92857215	42478472	32	197168	92309481	TAH_INV
92857258	1	TAHSILAT	2020-02-12 11:22:47	2020-02-12 11:22:47	101	251522	1.77	160	1.77	\N	0	197168	91	0	0	1.77	0	1.77	1	136283	1	1.77	202001	2020-02-12 11:22:47	11096	92857258	42478475	32	197168	92309485	TAH_INV
92857310	1	TAHSILAT	2020-02-12 11:19:00	2020-02-12 11:19:00	101	251522	1.77	160	1.77	\N	0	197168	91	0	0	1.77	0	1.77	1	136283	1	1.77	202001	2020-02-12 11:19:00	11096	92857310	42478469	32	197168	92309476	TAH_INV
92857311	1	TAHSILAT	2020-02-12 11:19:01	2020-02-12 11:19:01	101	251522	1.77	160	1.77	\N	0	197168	91	0	0	1.77	0	1.77	1	136283	1	1.77	202001	2020-02-12 11:19:01	11096	92857311	42478468	32	197168	92309473	TAH_INV
92857317	1	TAHSILAT	2020-02-12 11:19:06	2020-02-12 11:19:06	101	251522	1.77	160	1.77	\N	0	197168	91	0	0	1.77	0	1.77	1	136283	1	1.77	202001	2020-02-12 11:19:06	11096	92857317	42478470	32	197168	92309477	TAH_INV
92857337	1	TAHSILAT	2020-02-12 11:19:39	2020-02-12 11:19:39	101	251522	1.77	160	1.77	\N	0	197168	91	0	0	1.77	0	1.77	1	136283	1	1.77	202001	2020-02-12 11:19:39	11096	92857337	42478473	32	197168	92309482	TAH_INV
92857348	1	TAHSILAT	2020-02-12 11:20:03	2020-02-12 11:20:03	101	251522	1.77	160	1.77	\N	0	197168	91	0	0	1.77	0	1.77	1	136283	1	1.77	202001	2020-02-12 11:20:03	11096	92857348	42478474	32	197168	92309483	TAH_INV
92857441	1	TAHSILAT	2020-02-12 11:23:17	2020-02-12 11:23:17	101	251522	1.77	160	1.77	\N	0	197168	91	0	0	1.77	0	1.77	1	136283	1	1.77	202001	2020-02-12 11:23:17	11096	92857441	42478476	32	197168	92309486	TAH_INV
92857448	1	TAHSILAT	2020-02-12 11:23:49	2020-02-12 11:23:49	101	251522	1.77	160	1.77	\N	0	197168	91	0	0	1.77	0	1.77	1	136283	1	1.77	202001	2020-02-12 11:23:49	11096	92857448	42478510	32	197168	92309539	TAH_INV
92857468	1	TAHSILAT	2020-02-12 11:23:07	2020-02-12 11:23:07	101	251522	1.77	160	1.77	\N	0	197168	91	0	0	1.77	0	1.77	1	136283	1	1.77	202001	2020-02-12 11:23:07	11096	92857468	42478511	32	197168	92309547	TAH_INV
92857476	1	TAHSILAT	2020-02-12 11:23:35	2020-02-12 11:23:35	101	251522	1.77	160	1.77	\N	0	197168	91	0	0	1.77	0	1.77	1	136283	1	1.77	202001	2020-02-12 11:23:35	11096	92857476	42478477	32	197168	92309487	TAH_INV
92857485	1	TAHSILAT	2020-02-12 11:24:02	2020-02-12 11:24:02	101	251522	1.77	160	1.77	\N	0	197168	91	0	0	1.77	0	1.77	1	136283	1	1.77	202001	2020-02-12 11:24:02	11096	92857485	42478478	32	197168	92309488	TAH_INV
92857563	1	TAHSILAT	2020-02-12 11:24:11	2020-02-12 11:24:11	101	251522	1.77	160	1.77	\N	0	197168	91	0	0	1.77	0	1.77	1	136283	1	1.77	202001	2020-02-12 11:24:11	11096	92857563	42478479	32	197168	92309490	TAH_INV
92889148	1	TAHSILAT	2020-02-13 13:20:28	2020-02-13 13:20:28	101	251522	1.77	160	1.77	\N	0	197168	91	0	0	1.77	0	1.77	1	136283	1	1.77	202001	2020-02-13 13:20:28	11096	92889148	42478480	32	197168	92309492	TAH_INV
92889149	1	TAHSILAT	2020-02-13 13:20:28	2020-02-13 13:20:28	101	251522	1.77	160	1.77	\N	0	197168	91	0	0	1.77	0	1.77	1	136283	1	1.77	202001	2020-02-13 13:20:28	11096	92889149	42478481	32	197168	92309493	TAH_INV
92889150	1	TAHSILAT	2020-02-13 13:20:29	2020-02-13 13:20:29	101	251522	1.77	160	1.77	\N	0	197168	91	0	0	1.77	0	1.77	1	136283	1	1.77	202001	2020-02-13 13:20:29	11096	92889150	42478482	32	197168	92309494	TAH_INV
92889151	1	TAHSILAT	2020-02-13 13:20:30	2020-02-13 13:20:30	101	251522	1.77	160	1.77	\N	0	197168	91	0	0	1.77	0	1.77	1	136283	1	1.77	202001	2020-02-13 13:20:30	11096	92889151	42478483	32	197168	92309496	TAH_INV
92889154	1	TAHSILAT	2020-02-13 13:20:31	2020-02-13 13:20:31	101	251522	1.77	160	1.77	\N	0	197168	91	0	0	1.77	0	1.77	1	136283	1	1.77	202001	2020-02-13 13:20:31	11096	92889154	42478487	32	197168	92309501	TAH_INV
92889228	1	TAHSILAT	2020-02-13 13:20:30	2020-02-13 13:20:30	101	251522	1.77	160	1.77	\N	0	197168	91	0	0	1.77	0	1.77	1	136283	1	1.77	202001	2020-02-13 13:20:30	11096	92889228	42478484	32	197168	92309497	TAH_INV
92889229	1	TAHSILAT	2020-02-13 13:20:31	2020-02-13 13:20:31	101	251522	1.77	160	1.77	\N	0	197168	91	0	0	1.77	0	1.77	1	136283	1	1.77	202001	2020-02-13 13:20:31	11096	92889229	42478485	32	197168	92309498	TAH_INV
92889230	1	TAHSILAT	2020-02-13 13:20:31	2020-02-13 13:20:31	101	251522	1.77	160	1.77	\N	0	197168	91	0	0	1.77	0	1.77	1	136283	1	1.77	202001	2020-02-13 13:20:31	11096	92889230	42478486	32	197168	92309500	TAH_INV
92889331	1	TAHSILAT	2020-02-13 13:24:15	2020-02-13 13:24:15	101	251522	1.77	160	1.77	\N	0	197168	91	0	0	1.77	0	1.77	1	136283	1	1.77	202001	2020-02-13 13:24:15	11096	92889331	42478489	32	197168	92309504	TAH_INV
92889332	1	TAHSILAT	2020-02-13 13:24:16	2020-02-13 13:24:16	101	251522	1.77	160	1.77	\N	0	197168	91	0	0	1.77	0	1.77	1	136283	1	1.77	202001	2020-02-13 13:24:16	11096	92889332	42478509	32	197168	92309538	TAH_INV
92890074	1	TAHSILAT	2020-02-13 13:44:16	2020-02-13 13:44:16	101	251522	1.77	160	1.77	\N	0	197168	91	0	0	1.77	0	1.77	1	136283	1	1.77	202001	2020-02-13 13:44:16	11096	92890074	42478492	32	197168	92309507	TAH_INV
92890075	1	TAHSILAT	2020-02-13 13:44:17	2020-02-13 13:44:17	101	251522	1.77	160	1.77	\N	0	197168	91	0	0	1.77	0	1.77	1	136283	1	1.77	202001	2020-02-13 13:44:17	11096	92890075	42478508	32	197168	92309535	TAH_INV
92890185	1	TAHSILAT	2020-02-13 13:44:15	2020-02-13 13:44:15	101	251522	1.77	160	1.77	\N	0	197168	91	0	0	1.77	0	1.77	1	136283	1	1.77	202001	2020-02-13 13:44:15	11096	92890185	42478488	32	197168	92309503	TAH_INV
92890186	1	TAHSILAT	2020-02-13 13:44:16	2020-02-13 13:44:16	101	251522	1.77	160	1.77	\N	0	197168	91	0	0	1.77	0	1.77	1	136283	1	1.77	202001	2020-02-13 13:44:16	11096	92890186	42478490	32	197168	92309505	TAH_INV
92890187	1	TAHSILAT	2020-02-13 13:44:16	2020-02-13 13:44:16	101	251522	1.77	160	1.77	\N	0	197168	91	0	0	1.77	0	1.77	1	136283	1	1.77	202001	2020-02-13 13:44:16	11096	92890187	42478491	32	197168	92309506	TAH_INV
92890510	1	TAHSILAT	2020-02-13 13:52:15	2020-02-13 13:52:15	101	251522	1.77	160	1.77	\N	0	197168	91	0	0	1.77	0	1.77	1	136283	1	1.77	202001	2020-02-13 13:52:15	11096	92890510	42478493	32	197168	92309509	TAH_INV
92890511	1	TAHSILAT	2020-02-13 13:52:15	2020-02-13 13:52:15	101	251522	1.77	160	1.77	\N	0	197168	91	0	0	1.77	0	1.77	1	136283	1	1.77	202001	2020-02-13 13:52:15	11096	92890511	42478507	32	197168	92309531	TAH_INV
92890784	1	TAHSILAT	2020-02-13 13:56:16	2020-02-13 13:56:16	101	251522	1.77	160	1.77	\N	0	197168	91	0	0	1.77	0	1.77	1	136283	1	1.77	202001	2020-02-13 13:56:16	11096	92890784	42478494	32	197168	92309510	TAH_INV
92890785	1	TAHSILAT	2020-02-13 13:56:17	2020-02-13 13:56:17	101	251522	1.77	160	1.77	\N	0	197168	91	0	0	1.77	0	1.77	1	136283	1	1.77	202001	2020-02-13 13:56:17	11096	92890785	42478495	32	197168	92309514	TAH_INV
92890788	1	TAHSILAT	2020-02-13 13:56:18	2020-02-13 13:56:18	101	251522	1.77	160	1.77	\N	0	197168	91	0	0	1.77	0	1.77	1	136283	1	1.77	202001	2020-02-13 13:56:18	11096	92890788	42478497	32	197168	92309517	TAH_INV
92890790	1	TAHSILAT	2020-02-13 13:56:19	2020-02-13 13:56:19	101	251522	1.77	160	1.77	\N	0	197168	91	0	0	1.77	0	1.77	1	136283	1	1.77	202001	2020-02-13 13:56:19	11096	92890790	42478499	32	197168	92309523	TAH_INV
92890870	1	TAHSILAT	2020-02-13 13:56:17	2020-02-13 13:56:17	101	251522	1.77	160	1.77	\N	0	197168	91	0	0	1.77	0	1.77	1	136283	1	1.77	202001	2020-02-13 13:56:17	11096	92890870	42478496	32	197168	92309516	TAH_INV
92890873	1	TAHSILAT	2020-02-13 13:56:19	2020-02-13 13:56:19	101	251522	1.77	160	1.77	\N	0	197168	91	0	0	1.77	0	1.77	1	136283	1	1.77	202001	2020-02-13 13:56:19	11096	92890873	42478504	32	197168	92309528	TAH_INV
92890874	1	TAHSILAT	2020-02-13 13:56:20	2020-02-13 13:56:20	101	251522	1.77	160	1.77	\N	0	197168	91	0	0	1.77	0	1.77	1	136283	1	1.77	202001	2020-02-13 13:56:20	11096	92890874	42478505	32	197168	92309529	TAH_INV
92890876	1	TAHSILAT	2020-02-13 13:56:20	2020-02-13 13:56:20	101	251522	1.77	160	1.77	\N	0	197168	91	0	0	1.77	0	1.77	1	136283	1	1.77	202001	2020-02-13 13:56:20	11096	92890876	42478506	32	197168	92309530	TAH_INV
92890985	1	TAHSILAT	2020-02-13 14:00:24	2020-02-13 14:00:24	101	251522	1.77	160	1.77	\N	0	197168	91	0	0	1.77	0	1.77	1	136283	1	1.77	202001	2020-02-13 14:00:24	11096	92890985	42478498	32	197168	92309521	TAH_INV
92890986	1	TAHSILAT	2020-02-13 14:00:27	2020-02-13 14:00:27	101	251522	1.77	160	1.77	\N	0	197168	91	0	0	1.77	0	1.77	1	136283	1	1.77	202001	2020-02-13 14:00:27	11096	92890986	42478503	32	197168	92309527	TAH_INV
92891063	1	TAHSILAT	2020-02-13 14:00:25	2020-02-13 14:00:25	101	251522	1.77	160	1.77	\N	0	197168	91	0	0	1.77	0	1.77	1	136283	1	1.77	202001	2020-02-13 14:00:25	11096	92891063	42478500	32	197168	92309524	TAH_INV
92891064	1	TAHSILAT	2020-02-13 14:00:26	2020-02-13 14:00:26	101	251522	1.77	160	1.77	\N	0	197168	91	0	0	1.77	0	1.77	1	136283	1	1.77	202001	2020-02-13 14:00:26	11096	92891064	42478501	32	197168	92309525	TAH_INV
92891065	1	TAHSILAT	2020-02-13 14:00:27	2020-02-13 14:00:27	101	251522	1.77	160	1.77	\N	0	197168	91	0	0	1.77	0	1.77	1	136283	1	1.77	202001	2020-02-13 14:00:27	11096	92891065	42478502	32	197168	92309526	TAH_INV
93657754	1	TAHSILAT	2020-03-15 15:03:01	2020-03-15 15:03:01	101	6879	387	160	387	\N	0	5727	91	0	0	387	0	387	1	30030	1	387	202002	2020-03-15 15:03:01	10717	93657754	42853958	32	5727	93062368	TAH_INV
93803271	1	TAHSILAT	2020-03-20 10:59:16	2020-03-20 10:59:16	101	48214	14511	160	14511	\N	0	2221	91	0	0	14511	0	14511	1	24362	1	14511	202002	2020-03-20 10:59:16	10715	93803271	42742827	32	2221	92854940	TAH_INV
93988473	1	TAHSILAT	2020-03-30 08:40:34	2020-03-30 08:40:34	101	251522	1026	160	1026	\N	0	197168	91	0	0	1026	0	1026	1	136283	1	1026	202002	2020-03-30 08:40:34	10713	93988473	42884309	32	197168	93121943	TAH_INV
93988916	1	TAHSILAT	2020-03-30 09:33:10	2020-03-30 09:33:10	101	6879	239	160	239	\N	0	5727	91	0	0	239	0	239	1	30030	1	239	202003	2020-03-30 09:33:10	10717	93988916	43223686	32	5727	93776833	TAH_INV
94624279	1	TAHSILAT	2020-04-27 15:26:52	2020-04-27 15:26:52	101	48214	10487	160	10487	\N	0	2221	91	0	0	10487	0	10487	1	24362	1	10487	202003	2020-04-27 15:26:52	10715	94624279	43112848	32	2221	93573510	TAH_INV
94666949	1	TAHSILAT	2020-04-29 09:08:12	2020-04-29 09:08:12	101	251522	377	160	377	\N	0	197168	91	0	0	377	0	377	1	136283	1	377	202003	2020-04-29 09:08:12	10713	94666949	43251634	32	197168	93829391	TAH_INV
94672598	1	TAHSILAT	2020-04-29 15:28:30	2020-04-29 15:28:30	101	6879	376	160	376	\N	0	5727	91	0	0	376	0	376	1	30030	1	376	202004	2020-04-29 15:28:30	10717	94672598	43600828	32	5727	94494041	TAH_INV
95317473	1	TAHSILAT	2020-05-29 07:04:18	2020-05-29 07:04:18	101	251522	598	160	598	\N	0	197168	91	0	0	598	0	598	1	136283	1	598	202004	2020-05-29 07:04:18	10713	95317473	43626208	32	197168	94545194	TAH_INV
95368040	1	TAHSILAT	2020-06-01 01:01:17	2020-06-01 01:01:17	101	6879	100	160	100	\N	0	5727	91	0	0	100	0	100	1	30030	1	100	202005	2020-06-01 01:01:17	10717	95368040	43967109	32	5727	95176775	TAH_INV
95884363	1	TAHSILAT	2020-06-18 14:43:58	2020-06-18 14:43:58	101	48214	4059	160	4059	\N	0	2221	91	0	0	4059	0	4059	1	24362	1	4059	202005	2020-06-18 14:43:58	10715	95884363	43850261	32	2221	94960200	TAH_INV
96090168	1	TAHSILAT	2020-06-26 16:53:02	2020-06-26 16:53:02	101	48214	13241	160	13241	\N	0	2221	91	0	0	13241	0	13241	1	24362	1	13241	202004	2020-06-26 16:53:02	10715	96090168	43483511	32	2221	94265099	TAH_INV
96110842	1	TAHSILAT	2020-06-29 12:49:44	2020-06-29 12:49:44	101	6879	23	160	23	\N	0	5727	91	0	0	23	0	23	1	30030	1	23	202006	2020-06-29 12:49:44	10717	96110842	44339953	32	5727	95871366	TAH_INV
96133337	1	TAHSILAT	2020-06-30 14:12:11	2020-06-30 14:12:11	101	251522	188	160	188	\N	0	197168	91	0	0	188	0	188	1	136283	1	188	202005	2020-06-30 14:12:11	10713	96133337	44003319	32	197168	95260750	TAH_INV
96757112	1	TAHSILAT	2020-07-23 18:16:21	2020-07-23 18:16:21	101	48214	561	160	561	\N	0	2221	91	0	0	561	0	561	1	24362	1	561	202007	2020-07-23 18:16:21	10715	96757112	44636066	16	2221	96450469	TAH_INV
96868822	1	TAHSILAT	2020-07-29 00:20:00	2020-07-29 00:20:00	101	6879	17	160	17	\N	0	5727	91	0	0	17	0	17	1	30030	1	17	202007	2020-07-29 00:20:00	10717	96868822	44732771	32	5727	96638433	TAH_INV
96870338	1	TAHSILAT	2020-07-29 09:08:14	2020-07-29 09:08:14	101	251522	67	160	67	\N	0	197168	91	0	0	67	0	67	1	136283	1	67	202006	2020-07-29 09:08:14	10713	96870338	44376331	32	197168	95934245	TAH_INV
97443029	1	TAHSILAT	2020-08-24 09:50:20	2020-08-24 09:50:20	101	251522	32	160	32	\N	0	197168	91	0	0	32	0	32	1	136283	1	32	202007	2020-08-24 09:50:20	10713	97443029	44786794	32	197168	96746116	TAH_INV
97628100	1	TAHSILAT	2020-09-01 00:35:51	2020-09-01 00:35:51	101	6879	11	160	11	\N	0	5727	91	0	0	11	0	11	1	30030	1	11	202008	2020-09-01 00:35:51	10717	97628100	45121048	32	5727	97392471	TAH_INV
98392307	1	TAHSILAT	2020-10-01 08:50:26	2020-10-01 08:50:26	101	6879	17	160	17	\N	0	5727	91	0	0	17	0	17	1	30030	1	17	202009	2020-10-01 08:50:26	13763	98392307	45590842	32	5727	98285947	TAH_INV
98437197	1	TAHSILAT	2020-10-02 12:51:27	2020-10-02 12:51:27	101	251522	63	160	63	\N	0	197168	91	0	0	63	0	63	1	136283	1	63	202009	2020-10-02 12:51:27	10713	98437197	45547681	32	197168	98195550	TAH_INV
99129070	1	TAHSILAT	2020-11-01 11:08:32	2020-11-01 11:08:32	101	6879	29	160	29	\N	0	5727	91	0	0	29	0	29	1	30030	1	29	202010	2020-11-01 11:08:32	10717	99129070	45909000	32	5727	98863189	TAH_INV
99256372	1	TAHSILAT	2020-11-05 15:08:58	2020-11-05 15:08:58	101	251522	29	160	29	\N	0	197168	91	0	0	29	0	29	1	136283	1	29	202010	2020-11-05 15:08:58	10713	99256372	45942159	32	197168	98931828	TAH_INV
99752851	1	TAHSILAT	2020-11-23 19:32:15	2020-11-23 19:32:15	101	48214	2450	160	2450	\N	0	2221	91	0	0	2450	0	2450	1	24362	1	2450	202011	2020-11-23 19:32:15	10715	99752851	46194370	16	2221	99410905	TAH_INV
99893742	1	TAHSILAT	2020-12-01 09:01:32	2020-12-01 09:01:32	101	6879	120	160	120	\N	0	5727	91	0	0	120	0	120	1	30030	1	120	202011	2020-12-01 09:01:32	10717	99893742	46314679	32	5727	99631452	TAH_INV
99926070	1	TAHSILAT	2020-12-02 09:16:05	2020-12-02 09:16:05	101	251522	236	160	236	\N	0	197168	91	0	0	236	0	236	1	136283	1	236	202011	2020-12-02 09:16:05	10713	99926070	46358370	32	197168	99705474	TAH_INV
100535254	1	TAHSILAT	2020-12-23 13:52:20	2020-12-23 13:52:20	101	48214	9704	160	9704	\N	0	2221	91	0	0	9704	0	9704	1	24362	1	9704	202012	2020-12-23 13:52:20	10715	100535254	46594492	32	2221	100168718	TAH_INV
100656835	1	TAHSILAT	2020-12-31 10:32:40	2020-12-31 10:32:40	101	251522	426	160	426	\N	0	197168	91	0	0	426	0	426	1	136283	1	426	202012	2020-12-31 10:32:40	10713	100656835	46752028	16	197168	100459636	TAH_INV
100663483	1	TAHSILAT	2020-12-31 17:19:12	2020-12-31 17:19:12	101	6879	271	160	271	\N	0	5727	91	0	0	271	0	271	1	30030	1	271	202012	2020-12-31 17:19:12	10717	100663483	46711481	32	5727	100386405	TAH_INV
101361375	1	TAHSILAT	2021-01-27 16:36:29	2021-01-27 16:36:29	101	48214	10436	160	10436	\N	0	2221	91	0	0	10436	0	10436	1	24362	1	10436	202101	2021-01-27 16:36:29	10715	101361375	46979852	32	2221	100913054	TAH_INV
101398177	1	TAHSILAT	2021-02-01 00:32:56	2021-02-01 00:32:56	101	6879	390	160	390	\N	0	5727	91	0	0	390	0	390	1	30030	1	390	202101	2021-02-01 00:32:56	10717	101398177	47105586	32	5727	101147702	TAH_INV
101408825	1	TAHSILAT	2021-02-01 10:37:55	2021-02-01 10:37:55	101	251522	667	160	667	\N	0	197168	91	0	0	667	0	667	1	136283	1	667	202101	2021-02-01 10:37:55	10713	101408825	47151022	16	197168	101228947	TAH_INV
102123721	1	TAHSILAT	2021-03-01 01:03:09	2021-03-01 01:03:09	101	6879	386	160	386	\N	0	5727	91	0	0	386	0	386	1	30030	1	386	202102	2021-03-01 01:03:09	10717	102123721	47501846	32	5727	101888739	TAH_INV
102179063	1	TAHSILAT	2021-03-02 10:37:41	2021-03-02 10:37:41	101	251522	644	160	644	\N	0	197168	91	0	0	644	0	644	1	136283	1	644	202102	2021-03-02 10:37:41	10713	102179063	47551404	16	197168	101965969	TAH_INV
102414007	1	TAHSILAT	2021-03-10 17:02:03	2021-03-10 17:02:03	101	48214	11226	160	11226	\N	0	2221	91	0	0	11226	0	11226	1	24362	1	11226	202102	2021-03-10 17:02:03	10715	102414007	47371490	32	2221	101651097	TAH_INV
102882234	1	TAHSILAT	2021-03-29 13:53:47	2021-03-29 13:53:47	101	48214	12522	160	12522	\N	0	2221	91	0	0	12522	0	12522	1	24362	1	12522	202103	2021-03-29 13:53:47	10715	102882234	47764341	32	2221	102393460	TAH_INV
102898695	1	TAHSILAT	2021-03-30 10:36:58	2021-03-30 10:36:58	101	251522	670	160	670	\N	0	197168	91	0	0	670	0	670	1	136283	1	670	202103	2021-03-30 10:36:58	10713	102898695	47945397	16	197168	102712189	TAH_INV
102943967	1	TAHSILAT	2021-04-01 17:17:35	2021-04-01 17:17:35	101	6879	396	160	396	\N	0	5727	91	0	0	396	0	396	1	30030	1	396	202103	2021-04-01 17:17:35	10717	102943967	47902299	32	5727	102641506	TAH_INV
103451618	1	TAHSILAT	2021-04-21 09:56:30	2021-04-21 09:56:30	101	6879	417	160	417	\N	0	5727	91	0	0	417	0	417	1	30030	1	417	202104	2021-04-21 09:56:30	10717	103451618	48286710	32	5727	103389798	TAH_INV
103603741	1	TAHSILAT	2021-04-27 16:44:27	2021-04-27 16:44:27	101	48214	12278	160	12278	\N	0	2221	91	0	0	12278	0	12278	1	24362	1	12278	202104	2021-04-27 16:44:27	10715	103603741	48159373	32	2221	103157897	TAH_INV
103663287	1	TAHSILAT	2021-05-03 10:34:50	2021-05-03 10:34:50	101	251522	663	160	663	\N	0	197168	91	0	0	663	0	663	1	136283	1	663	202104	2021-05-03 10:34:50	10713	103663287	48339599	16	197168	103493529	TAH_INV
104141590	1	TAHSILAT	2021-05-24 18:31:30	2021-05-24 18:31:30	101	48214	5804	160	5804	\N	0	2221	91	0	0	5804	0	5804	1	24362	1	5804	202105	2021-05-24 18:31:30	10715	104141590	48534052	16	2221	103884751	TAH_INV
104497823	1	TAHSILAT	2021-06-07 10:37:25	2021-06-07 10:37:25	101	251522	231	160	231	\N	0	197168	91	0	0	231	0	231	1	136283	1	231	202105	2021-06-07 10:37:25	10713	104497823	48711348	16	197168	104226580	TAH_INV
104763931	1	TAHSILAT	2021-06-15 17:41:13	2021-06-15 17:41:13	101	6879	80	160	80	\N	0	5727	91	0	0	80	0	80	1	30030	1	80	202105	2021-06-15 17:41:13	10717	104763931	48686424	32	5727	104187489	TAH_INV
104998840	1	TAHSILAT	2021-06-24 13:36:32	2021-06-24 13:36:32	101	6879	35	160	35	\N	0	5727	91	0	0	35	0	35	1	30030	1	35	202106	2021-06-24 13:36:32	10782	104998840	49059662	32	5727	104871299	TAH_INV
105112234	1	TAHSILAT	2021-07-01 10:32:19	2021-07-01 10:32:19	101	251522	112	160	112	\N	0	197168	91	0	0	112	0	112	1	136283	1	112	202106	2021-07-01 10:32:19	10713	105112234	49080742	16	197168	104912440	TAH_INV
105732136	1	TAHSILAT	2021-07-28 22:53:18	2021-07-28 22:53:18	101	6879	22	160	22	\N	0	5727	91	0	0	22	0	22	1	30030	1	22	202107	2021-07-28 22:53:18	10717	105732136	49428106	32	5727	105587434	TAH_INV
105919064	1	TAHSILAT	2021-08-06 10:36:16	2021-08-06 10:36:16	101	251522	98	160	98	\N	0	197168	91	0	0	98	0	98	1	136283	1	98	202107	2021-08-06 10:36:16	10713	105919064	49466946	16	197168	105695440	TAH_INV
106481056	1	TAHSILAT	2021-08-31 10:41:48	2021-08-31 10:41:48	101	251522	53	160	53	\N	0	197168	91	0	0	53	0	53	1	136283	1	53	202108	2021-08-31 10:41:48	17076	106481056	49803656	16	197168	106310273	TAH_INV
106553551	1	TAHSILAT	2021-09-02 16:19:01	2021-09-02 16:19:01	101	6879	6	160	6	\N	0	5727	91	0	0	6	0	6	1	30030	1	6	202108	2021-09-02 16:19:01	10717	106553551	49767049	32	5727	106246224	TAH_INV
107254423	1	TAHSILAT	2021-10-01 16:59:25	2021-10-01 16:59:25	101	6879	10	160	10	\N	0	5727	91	0	0	10	0	10	1	30030	1	10	202109	2021-10-01 16:59:25	10717	107254423	50148812	32	5727	106978997	TAH_INV
107923994	1	TAHSILAT	2021-10-27 08:45:55	2021-10-27 08:45:55	101	6879	24	160	24	\N	0	5727	91	0	0	24	0	24	1	30030	1	24	202110	2021-10-27 08:45:55	10717	107923994	50539773	32	5727	107720719	TAH_INV
108027771	1	TAHSILAT	2021-11-02 10:31:39	2021-11-02 10:31:39	101	251522	343	160	343	\N	0	197168	91	0	0	343	0	343	1	136283	1	343	202110	2021-11-02 10:31:39	11187	108027771	50607386	16	197168	107841891	TAH_INV
108608571	1	TAHSILAT	2021-11-22 18:47:39	2021-11-22 18:47:39	101	48214	5786	160	5786	\N	0	2221	91	0	0	5786	0	5786	1	24362	1	5786	202111	2021-11-22 18:47:39	10689	108608571	50803640	16	2221	108239156	TAH_INV
108760649	1	TAHSILAT	2021-11-30 10:43:10	2021-11-30 10:43:10	101	6879	88	160	88	\N	0	5727	91	0	0	88	0	88	1	30030	1	88	202111	2021-11-30 10:43:10	17085	108760649	50936933	32	5727	108486635	TAH_INV
108833509	1	TAHSILAT	2021-12-03 10:35:21	2021-12-03 10:35:21	101	251522	511	160	511	\N	0	197168	91	0	0	511	0	511	1	136283	1	511	202111	2021-12-03 10:35:21	11187	108833509	51008694	16	197168	108633830	TAH_INV
109320643	1	TAHSILAT	2021-12-20 18:50:00	2021-12-20 18:50:00	101	48214	14751	160	14751	\N	0	2221	91	0	0	14751	0	14751	1	24362	1	14751	202112	2021-12-20 18:50:00	10689	109320643	51193920	16	2221	109014555	TAH_INV
109577625	1	TAHSILAT	2022-01-03 10:31:55	2022-01-03 10:31:55	101	251522	662	160	662	\N	0	197168	91	0	0	662	0	662	1	136283	1	662	202112	2022-01-03 10:31:55	11187	109577625	51407277	16	197168	109425605	TAH_INV
109800875	1	TAHSILAT	2022-01-11 15:08:39	2022-01-11 15:08:39	101	6879	405	160	405	\N	0	5727	91	0	0	405	0	405	1	30030	1	405	202112	2022-01-11 15:08:39	17088	109800875	51359015	32	5727	109316899	TAH_INV
110234538	1	TAHSILAT	2022-01-26 15:23:21	2022-01-26 15:23:21	101	48214	23677	160	23677	\N	0	2221	91	0	0	23677	0	23677	1	24362	1	23677	202201	2022-01-26 15:23:21	10689	110234538	51588670	32	2221	109807619	TAH_INV
110363696	1	TAHSILAT	2022-02-02 07:43:15	2022-02-02 07:43:15	101	6879	471	160	471	\N	0	5727	91	0	0	471	0	471	1	30030	1	471	202201	2022-02-02 07:43:15	17117	110363696	51729174	32	5727	110064090	TAH_INV
110500492	1	TAHSILAT	2022-02-07 12:19:35	2022-02-07 12:19:35	101	251522	1135	160	1135	\N	0	197168	91	0	0	1135	0	1135	1	136283	1	1135	202201	2022-02-07 12:19:35	11187	110500492	51825140	16	197168	110275254	TAH_INV
111076561	1	TAHSILAT	2022-02-28 15:36:40	2022-02-28 15:36:40	101	48214	29658	160	29658	\N	0	2221	91	0	0	29658	0	29658	1	24362	1	29658	202202	2022-02-28 15:36:40	10689	111076561	51995547	32	2221	110593781	TAH_INV
111260965	1	TAHSILAT	2022-03-07 10:55:09	2022-03-07 10:55:09	101	251522	966	160	966	\N	0	197168	91	0	0	966	0	966	1	136283	1	966	202202	2022-03-07 10:55:09	11187	111260965	52209714	16	197168	111016285	TAH_INV
111382322	1	TAHSILAT	2022-03-11 09:00:03	2022-03-11 09:00:03	101	6879	577	160	577	\N	0	5727	91	0	0	577	0	577	1	30030	1	577	202202	2022-03-11 09:00:03	17117	111382322	52127662	32	5727	110838644	TAH_INV
111864602	1	TAHSILAT	2022-03-29 15:40:44	2022-03-29 15:40:44	101	48214	22689	160	22689	\N	0	2221	91	0	0	22689	0	22689	1	24362	1	22689	202203	2022-03-29 15:40:44	10689	111864602	52395238	32	2221	111361065	TAH_INV
111910393	1	TAHSILAT	2022-04-01 13:34:41	2022-04-01 13:34:41	101	6879	525	160	525	\N	0	5727	91	0	0	525	0	525	1	30030	1	525	202203	2022-04-01 13:34:41	17117	111910393	52532647	32	5727	111614273	TAH_INV
111955638	1	TAHSILAT	2022-04-04 10:34:53	2022-04-04 10:34:53	101	251522	1089	160	1089	\N	0	197168	91	0	0	1089	0	1089	1	136283	1	1089	202203	2022-04-04 10:34:53	11187	111955638	52603727	16	197168	111782800	TAH_INV
112633941	1	TAHSILAT	2022-04-29 15:37:15	2022-04-29 15:37:15	101	6879	549	160	549	\N	0	5727	91	0	0	549	0	549	1	30030	1	549	202204	2022-04-29 15:37:15	17117	112633941	52930693	32	5727	112397733	TAH_INV
112676562	1	TAHSILAT	2022-05-05 10:37:18	2022-05-05 10:37:18	101	251522	747	160	747	\N	0	197168	91	0	0	747	0	747	1	136283	1	747	202204	2022-05-05 10:37:18	11187	112676562	53001920	16	197168	112538887	TAH_INV
113000619	1	TAHSILAT	2022-05-17 11:46:59	2022-05-17 11:46:59	101	48214	26617	160	26617	\N	0	2221	91	0	0	26617	0	26617	1	24362	1	26617	202204	2022-05-17 11:46:59	10689	113000619	52789578	32	2221	112142555	TAH_INV
113391785	1	TAHSILAT	2022-05-31 18:12:09	2022-05-31 18:12:09	101	48214	14685	160	14685	\N	0	2221	91	0	0	14685	0	14685	1	24362	1	14685	202205	2022-05-31 18:12:09	10689	113391785	53197764	32	2221	112918097	TAH_INV
113411699	1	TAHSILAT	2022-06-01 12:50:06	2022-06-01 12:50:06	101	6879	346	160	346	\N	0	5727	91	0	0	346	0	346	1	30030	1	346	202205	2022-06-01 12:50:06	17117	113411699	53339779	32	5727	113198299	TAH_INV
113569997	1	TAHSILAT	2022-06-07 09:48:46	2022-06-07 09:48:46	101	251522	432	160	432	\N	0	197168	91	0	0	432	0	432	1	136283	1	432	202205	2022-06-07 09:48:46	11187	113569997	53412028	16	197168	113322123	TAH_INV
113945181	1	TAHSILAT	2022-06-20 11:46:09	2022-06-20 11:46:09	101	48214	499	160	499	\N	0	2221	91	0	0	499	0	499	1	24362	1	499	202206	2022-06-20 11:46:09	10689	113945181	53586765	32	2221	113667562	TAH_INV
114210167	1	TAHSILAT	2022-07-01 10:33:07	2022-07-01 10:33:07	101	6879	40	160	40	\N	0	5727	91	0	0	40	0	40	1	30030	1	40	202206	2022-07-01 10:33:07	17117	114210167	53723945	32	5727	113913297	TAH_INV
114266767	1	TAHSILAT	2022-07-04 09:51:12	2022-07-04 09:51:12	101	251522	138	160	138	\N	0	197168	91	0	0	138	0	138	1	136283	1	138	202206	2022-07-04 09:51:12	11187	114266767	53785786	16	197168	114044960	TAH_INV
114933759	1	TAHSILAT	2022-08-01 09:50:26	2022-08-01 09:50:26	101	6879	18	160	18	\N	0	5727	91	0	0	18	0	18	1	30030	1	18	202207	2022-08-01 09:50:26	17117	114933759	54120808	32	5727	114707969	TAH_INV
115139352	1	TAHSILAT	2022-08-08 09:56:18	2022-08-08 09:56:18	101	251522	177	160	177	\N	0	197168	91	0	0	177	0	177	1	136283	1	177	202207	2022-08-08 09:56:18	11187	115139352	54200610	16	197168	114850744	TAH_INV
115764733	1	TAHSILAT	2022-09-01 13:18:24	2022-09-01 13:18:24	101	6879	12	160	12	\N	0	5727	91	0	0	12	0	12	1	30030	1	12	202208	2022-09-01 13:18:24	17117	115764733	54524848	32	5727	115480171	TAH_INV
115783563	1	TAHSILAT	2022-09-02 09:47:28	2022-09-02 09:47:28	101	251522	128	160	128	\N	0	197168	91	0	0	128	0	128	1	136283	1	128	202208	2022-09-02 09:47:28	17119	115783563	54572476	16	197168	115573544	TAH_INV
116128934	1	TAHSILAT	2022-09-14 16:52:22	2022-09-14 16:52:22	101	48214	12	160	12	\N	0	2221	91	0	0	12	0	12	1	24362	1	12	202209	2022-09-14 16:52:22	10689	116128934	54818929	32	2221	116046328	TAH_INV
116577313	1	TAHSILAT	2022-10-03 09:48:26	2022-10-03 09:48:26	101	251522	149	160	149	\N	0	197168	91	0	0	149	0	149	1	136283	1	149	202209	2022-10-03 09:48:26	17119	116577313	54975698	16	197168	116352161	TAH_INV
116745358	1	TAHSILAT	2022-10-08 01:39:12	2022-10-08 01:39:12	101	6879	20	160	20	\N	0	5727	91	0	0	20	0	20	1	30030	1	20	202209	2022-10-08 01:39:12	10714	116745358	55016057	32	5727	116418945	TAH_INV
117070946	1	TAHSILAT	2022-10-20 08:47:52	2022-10-20 08:47:52	101	6879	27.13	160	27.13	\N	0	5727	91	0	0	27.13	0	27.13	1	30030	1	27.13	202210	2022-10-20 08:47:52	10211	117070946	55347241	32	5727	117070929	TAH_INV
117483536	1	TAHSILAT	2022-11-05 07:05:04	2022-11-05 07:05:04	101	251522	627	160	627	\N	0	197168	91	0	0	627	0	627	1	136283	1	627	202210	2022-11-05 07:05:04	10800	117483536	55453829	32	197168	117280400	TAH_INV
118078284	1	TAHSILAT	2022-11-25 18:12:13	2022-11-25 18:12:13	101	251522	908	160	908	\N	0	197168	91	0	0	908	0	908	1	136283	1	908	202211	2022-11-25 18:12:13	17155	118078284	55849515	32	197168	118040451	TAH_INV
118124712	1	TAHSILAT	2022-11-28 14:35:59	2022-11-28 14:35:59	101	48214	21181	160	21181	\N	0	2221	91	0	0	21181	0	21181	1	24362	1	21181	202211	2022-11-28 14:35:59	10689	118124712	55644014	32	2221	117645726	TAH_INV
118444546	1	TAHSILAT	2022-12-10 19:49:33	2022-12-10 19:49:33	101	6879	35	160	35	\N	0	5727	91	0	0	35	0	35	1	30030	1	35	202211	2022-12-10 19:49:33	17154	118444546	55755291	32	5727	117858069	TAH_INV
118821146	1	TAHSILAT	2022-12-23 10:23:29	2022-12-23 10:23:29	101	251522	1436	160	1436	\N	0	197168	91	0	0	1436	0	1436	1	136283	1	1436	202212	2022-12-23 10:23:29	17164	118821146	56239858	32	197168	118804401	TAH_INV
118971622	1	TAHSILAT	2022-12-29 14:08:53	2022-12-29 14:08:53	101	48214	36973	160	36973	\N	0	2221	91	0	0	36973	0	36973	1	24362	1	36973	202212	2022-12-29 14:08:53	10689	118971622	56066732	32	2221	118470921	TAH_INV
119065746	1	TAHSILAT	2023-01-03 14:30:40	2023-01-03 14:30:40	101	6879	224	160	224	\N	0	5727	91	0	0	224	0	224	1	30030	1	224	202212	2023-01-03 14:30:40	17154	119065746	56207867	32	5727	118743418	TAH_INV
119724324	1	TAHSILAT	2023-01-26 14:39:49	2023-01-26 14:39:49	101	251522	1804	160	1804	\N	0	197168	91	0	0	1804	0	1804	1	136283	1	1804	202301	2023-01-26 14:39:49	17164	119724324	56675008	32	197168	119640357	TAH_INV
119827735	1	TAHSILAT	2023-02-01 10:50:30	2023-02-01 10:50:30	101	6879	580	160	580	\N	0	5727	91	0	0	580	0	580	1	30030	1	580	202301	2023-02-01 10:50:30	17174	119827735	56634637	32	5727	119566453	TAH_INV
120157230	1	TAHSILAT	2023-02-13 12:05:42	2023-02-13 12:05:42	101	48214	51570	160	51570	\N	0	2221	91	0	0	51570	0	51570	1	24362	1	51570	202301	2023-02-13 12:05:42	10689	120157230	56492508	32	2221	119304775	TAH_INV
120454501	1	TAHSILAT	2023-02-22 11:43:39	2023-02-22 11:43:39	101	6879	1115	160	1115	\N	0	5727	91	0	0	1115	0	1115	1	30030	1	1115	202302	2023-02-22 11:43:39	17174	120454501	57031277	32	5727	120341821	TAH_INV
120478556	1	TAHSILAT	2023-02-23 09:52:09	2023-02-23 09:52:09	101	251522	2183	160	2183	\N	0	197168	91	0	0	2183	0	2183	1	136283	1	2183	202302	2023-02-23 09:52:09	17164	120478556	57096677	32	197168	120468886	TAH_INV
120700864	1	TAHSILAT	2023-03-03 16:13:22	2023-03-03 16:13:22	101	48214	58737	160	58737	\N	0	2221	91	0	0	58737	0	58737	1	24362	1	58737	202302	2023-03-03 16:13:22	10689	120700864	56912930	32	2221	120114376	TAH_INV
121404089	1	TAHSILAT	2023-03-30 10:09:11	2023-03-30 10:09:11	101	251522	1626	160	1626	\N	0	197168	91	0	0	1626	0	1626	1	136283	1	1626	202303	2023-03-30 10:09:11	17164	121404089	57532168	32	197168	121335613	TAH_INV
121449316	1	TAHSILAT	2023-04-02 01:08:07	2023-04-02 01:08:07	101	6879	382.4	160	382.4	\N	0	5727	91	0	0	382.4	0	382.4	1	30030	1	382.4	202303	2023-04-02 01:08:07	10261	121449316	57433674	32	5727	121165384	TAH_INV
121728416	1	TAHSILAT	2023-04-11 13:54:48	2023-04-11 13:54:48	101	48214	50915	160	50915	\N	0	2221	91	0	0	50915	0	50915	1	24362	1	50915	202303	2023-04-11 13:54:48	10689	121728416	57323770	32	2221	120915939	TAH_INV
122300809	1	TAHSILAT	2023-05-11 16:52:22	2023-05-11 16:52:22	101	48214	53869	160	53869	\N	0	2221	91	0	0	53869	0	53869	1	24362	1	53869	202304	2023-05-11 16:52:22	10689	122300809	57757534	32	2221	121754959	TAH_INV
122548097	1	TAHSILAT	2023-05-26 16:22:20	2023-05-26 16:22:20	101	1631354	27941.99	160	27941.99	\N	0	978259	91	0	0	27941.99	0	27941.99	1	55183	2	27941.99	202305	2023-05-26 16:22:20	10264	122548097	58259047	5	978259	122548093	TAH_INV
122548101	1	TAHSILAT	2023-05-26 16:22:31	2023-05-26 16:22:31	101	1631354	1259.63	160	1259.63	\N	0	978259	91	0	0	1259.63	0	1259.63	1	55183	\N	1259.63	202305	2023-05-26 16:22:31	10264	122548101	58263570	5	978259	122548063	TAH_INV
122665944	1	TAHSILAT	2023-06-04 23:32:50	2023-06-04 23:32:50	101	6879	444	160	444	\N	0	5727	91	0	0	444	0	444	1	30030	1	444	202304	2023-06-04 23:32:50	17174	122665944	57866285	32	5727	121981658	TAH_INV
122967425	1	TAHSILAT	2023-06-16 12:06:39	2023-06-16 12:06:39	101	48214	884	160	884	\N	0	2221	91	0	0	884	0	884	1	24362	1	884	202306	2023-06-16 12:06:39	10689	122967425	58507506	32	2221	122844709	TAH_INV
123065489	1	TAHSILAT	2023-06-20 09:16:41	2023-06-20 09:16:41	101	251522	243.47	160	243.47	\N	0	197168	91	0	0	243.47	0	243.47	1	136283	1	243.47	202306	2023-06-20 09:16:41	10211	123065489	58522082	32	197168	122868581	TAH_INV
123745233	1	TAHSILAT	2023-07-26 13:49:34	2023-07-26 13:49:34	101	251522	202.07	160	202.07	\N	0	197168	91	0	0	202.07	0	202.07	1	136283	1	202.07	202307	2023-07-26 13:49:34	17164	123745233	59106222	6	197168	123745231	TAH_INV
123745235	1	TAHSILAT	2023-07-26 13:49:34	2023-07-26 13:49:34	101	251522	0.1	160	0.1	\N	0	197168	91	0	0	0.1	0	0.1	1	136283	1	0.1	202307	2023-07-26 13:49:34	17164	123745235	59106222	6	197168	123745231	TAH_INV
124224614	1	TAHSILAT	2023-08-17 16:03:24	2023-08-17 16:03:24	101	251522	41.3	160	41.3	\N	0	197168	91	0	0	41.3	0	41.3	1	136283	1	41.3	202307	2023-08-17 16:03:24	17164	124224614	59106222	6	197168	123745231	TAH_INV
124225023	1	TAHSILAT	2023-08-17 16:23:32	2023-08-17 16:23:32	101	251522	60.7	160	60.7	\N	0	197168	91	0	0	60.7	0	60.7	1	136283	1	60.7	202307	2023-08-17 16:23:32	17164	124225023	59106222	32	197168	123745231	TAH_INV
124373552	1	TAHSILAT	2023-08-25 15:11:26	2023-08-25 15:11:26	101	251522	14.64	160	14.64	\N	0	197168	91	0	0	14.64	0	14.64	1	136283	1	14.64	202308	2023-08-25 15:11:26	10211	124373552	59575549	4	197168	124373195	TAH_INV
124687874	1	TAHSILAT	2023-09-13 12:20:43	2023-09-13 12:20:43	101	6879	14	160	14	\N	0	5727	91	0	0	14	0	14	1	30030	1	14	202307	2023-09-13 12:20:43	17174	124687874	59039725	32	5727	123656947	TAH_INV
124687890	1	TAHSILAT	2023-09-13 12:21:04	2023-09-13 12:21:04	101	6879	1	160	1	\N	0	5727	91	0	0	1	0	1	1	30030	1	1	202308	2023-09-13 12:21:04	17174	124687890	59535461	32	5727	124321705	TAH_INV
124783025	1	TAHSILAT	2023-09-18 16:28:12	2023-09-18 16:28:12	101	1631354	3207	160	3207	\N	0	978259	91	0	0	3207	0	3207	1	55183	2	3207	202307	2023-09-18 16:28:12	17123	124783025	59028609	32	978259	123642566	TAH_INV
124783056	1	TAHSILAT	2023-09-18 16:29:37	2023-09-18 16:29:37	101	1631354	2121	160	2121	\N	0	978259	91	0	0	2121	0	2121	1	55183	2	2121	202308	2023-09-18 16:29:37	17219	124783056	59556262	32	978259	124348687	TAH_INV
125083828	1	TAHSILAT	2023-10-04 16:07:19	2023-10-04 16:07:19	101	1631354	2836	160	2836	\N	0	978259	91	0	0	2836	0	2836	1	55183	2	2836	202309	2023-10-04 16:07:19	10771	125083828	59973952	32	978259	124873329	TAH_INV
125127528	1	TAHSILAT	2023-10-06 14:21:57	2023-10-06 14:21:57	101	251522	110	160	110	\N	0	197168	91	0	0	110	0	110	1	136283	1	110	202309	2023-10-06 14:21:57	17164	125127528	60025691	32	197168	124936983	TAH_INV
125644020	1	TAHSILAT	2023-11-03 12:41:19	2023-11-03 12:41:19	101	1631354	5863	160	5863	\N	0	978259	91	0	0	5863	0	5863	1	55183	2	5863	202310	2023-11-03 12:41:19	17219	125644020	60347230	32	978259	125344447	TAH_INV
126083447	1	TAHSILAT	2023-11-25 12:51:22	2023-11-25 12:51:22	101	251522	203	160	203	\N	0	197168	91	0	0	203	0	203	1	136283	1	203	202310	2023-11-25 12:51:22	17164	126083447	60443718	32	197168	125482642	TAH_INV
126179563	1	TAHSILAT	2023-11-30 10:08:22	2023-11-30 10:08:22	101	251522	552	160	552	\N	0	197168	91	0	0	552	0	552	1	136283	1	552	202311	2023-11-30 10:08:22	17164	126179563	123780944	32	197168	125993012	TAH_INV
126203575	1	TAHSILAT	2023-12-01 10:27:06	2023-12-01 10:27:06	101	6879	228	160	228	\N	0	5727	91	0	0	228	0	228	1	30030	1	228	202311	2023-12-01 10:27:06	17174	126203575	123768591	32	5727	125977376	TAH_INV
126638464	1	TAHSILAT	2023-12-17 09:30:02	2023-12-17 09:30:02	101	48214	35688	160	35688	\N	0	2221	91	0	0	35688	0	35688	1	24362	1	35688	202312	2023-12-17 09:30:02	10689	126638464	124087711	32	2221	126500891	TAH_INV
126997332	1	TAHSILAT	2023-12-31 09:20:49	2023-12-31 09:20:49	101	251522	1623	160	1623	\N	0	197168	91	0	0	1623	0	1623	1	136283	1	1623	202312	2023-12-31 09:20:49	17164	126997332	124228262	32	197168	126748999	TAH_INV
127015392	1	TAHSILAT	2024-01-02 11:23:24	2024-01-02 11:23:24	101	6879	998	160	998	\N	0	5727	91	0	0	998	0	998	1	30030	1	998	202312	2024-01-02 11:23:24	17174	127015392	124212971	16	5727	126726479	TAH_INV
127086798	1	TAHSILAT	2024-01-04 11:43:05	2024-01-04 11:43:05	101	1631354	19613	160	19613	\N	0	978259	91	0	0	19613	0	19613	1	55183	2	19613	202311	2024-01-04 11:43:05	10746	127086798	123832953	32	978259	126067001	TAH_INV
127612776	1	TAHSILAT	2024-01-23 15:37:42	2024-01-23 15:37:42	101	48214	50362	160	50362	\N	0	2221	91	0	0	50362	0	50362	1	24362	1	50362	202401	2024-01-23 15:37:42	17235	127612776	124553132	32	2221	127344840	TAH_INV
127799697	1	TAHSILAT	2024-01-30 22:17:39	2024-01-30 22:17:39	101	6879	868	160	868	\N	0	5727	91	0	0	868	0	868	1	30030	1	868	202401	2024-01-30 22:17:39	17174	127799697	124643165	32	5727	127519977	TAH_INV
128436873	1	TAHSILAT	2024-02-21 12:33:01	2024-02-21 12:33:01	101	48214	50283	160	50283	\N	0	2221	91	0	0	50283	0	50283	1	24362	1	50283	202402	2024-02-21 12:33:01	10689	128436873	124976411	32	2221	128129589	TAH_INV
128631793	1	TAHSILAT	2024-02-29 11:47:18	2024-02-29 11:47:18	101	1631354	17935	160	17935	\N	0	978259	91	0	0	17935	0	17935	1	55183	2	17935	202312	2024-02-29 11:47:18	17165	128631793	124343673	32	978259	126959736	TAH_INV
128645885	1	TAHSILAT	2024-03-01 09:59:40	2024-03-01 09:59:40	101	251522	4198	160	4198	\N	0	197168	91	0	0	4198	0	4198	1	136283	1	4198	202402	2024-03-01 09:59:40	17164	128645885	125088194	32	197168	128352010	TAH_INV
129000369	1	TAHSILAT	2024-03-13 16:50:32	2024-03-13 16:50:32	101	6879	1235	160	1235	\N	0	5727	91	0	0	1235	0	1235	1	30030	1	1235	202402	2024-03-13 16:50:32	17174	129000369	125086199	32	5727	128348009	TAH_INV
129142346	1	TAHSILAT	2024-03-18 18:34:46	2024-03-18 18:34:46	101	48214	43369	160	43369	\N	0	2221	91	0	0	43369	0	43369	1	24362	1	43369	202403	2024-03-18 18:34:46	10689	129142346	125410301	32	2221	128958901	TAH_INV
129444003	1	TAHSILAT	2024-03-31 07:30:01	2024-03-31 07:30:01	101	251522	1895	160	1895	\N	0	197168	91	0	0	1895	0	1895	1	136283	1	1895	202403	2024-03-31 07:30:01	17164	129444003	125536966	32	197168	129190688	TAH_INV
129462746	1	TAHSILAT	2024-04-01 11:23:02	2024-04-01 11:23:02	101	6879	719	160	719	\N	0	5727	91	0	0	719	0	719	1	30030	1	719	202403	2024-04-01 11:23:02	17174	129462746	125533959	16	5727	129186399	TAH_INV
129892723	1	TAHSILAT	2024-04-18 13:04:35	2024-04-18 13:04:35	101	48214	26067	160	26067	\N	0	2221	91	0	0	26067	0	26067	1	24362	1	26067	202404	2024-04-18 13:04:35	10689	129892723	125864388	32	2221	129788411	TAH_INV
129915571	1	TAHSILAT	2024-04-19 09:32:51	2024-04-19 09:32:51	101	1631354	17295	160	17295	\N	0	978259	91	0	0	17295	0	17295	1	55183	2	17295	202401	2024-04-19 09:32:51	17175	129915571	124783056	32	978259	127790271	TAH_INV
129916402	1	TAHSILAT	2024-04-19 09:49:38	2024-04-19 09:49:38	101	1631354	16366	160	16366	\N	0	978259	91	0	0	16366	0	16366	1	55183	2	16366	202402	2024-04-19 09:49:38	17174	129916402	125208809	32	978259	128574191	TAH_INV
129931781	1	TAHSILAT	2024-04-19 13:57:33	2024-04-19 13:57:33	101	1631354	9261	160	9261	\N	0	978259	91	0	0	9261	0	9261	1	55183	2	9261	202403	2024-04-19 13:57:33	13762	129931781	125583146	32	978259	129268614	TAH_INV
130209289	1	TAHSILAT	2024-04-30 09:07:42	2024-04-30 09:07:42	101	251522	1051	160	1051	\N	0	197168	91	0	0	1051	0	1051	1	136283	1	1051	202404	2024-04-30 09:07:42	17164	130209289	125972701	32	197168	129986461	TAH_INV
130242619	1	TAHSILAT	2024-05-02 11:13:03	2024-05-02 11:13:03	101	6879	222	160	222	\N	0	5727	91	0	0	222	0	222	1	30030	1	222	202404	2024-05-02 11:13:03	17174	130242619	125969733	16	5727	129982064	TAH_INV
130867604	1	TAHSILAT	2024-05-24 16:06:27	2024-05-24 16:06:27	101	48214	13108	160	13108	\N	0	2221	91	0	0	13108	0	13108	1	24362	1	13108	202405	2024-05-24 16:06:27	10689	130867604	126281153	32	2221	130567949	TAH_INV
131005633	1	TAHSILAT	2024-05-30 09:46:43	2024-05-30 09:46:43	101	251522	942	160	942	\N	0	197168	91	0	0	942	0	942	1	136283	1	942	202405	2024-05-30 09:46:43	17164	131005633	126397260	32	197168	130798337	TAH_INV
131088774	1	TAHSILAT	2024-06-03 11:33:36	2024-06-03 11:33:36	101	6879	66	160	66	\N	0	5727	91	0	0	66	0	66	1	30030	1	66	202405	2024-06-03 11:33:36	17174	131088774	126392301	16	5727	130791153	TAH_INV
131192167	1	TAHSILAT	2024-06-06 11:07:28	2024-06-06 11:07:28	101	1631354	13007	160	13007	\N	0	978259	91	0	0	13007	0	13007	1	55183	2	13007	202404	2024-06-06 11:07:28	13762	131192167	126021949	32	978259	130076181	TAH_INV
131192256	1	TAHSILAT	2024-06-06 11:08:22	2024-06-06 11:08:22	101	1631354	16789	160	16789	\N	0	978259	91	0	0	16789	0	16789	1	55183	2	16789	202405	2024-06-06 11:08:22	13762	131192256	126522518	32	978259	131028667	TAH_INV
131645541	1	TAHSILAT	2024-06-24 19:05:33	2024-06-24 19:05:33	101	48214	2412	160	2412	\N	0	2221	91	0	0	2412	0	2412	1	24362	1	2412	202406	2024-06-24 19:05:33	10689	131645541	126699198	16	2221	131353294	TAH_INV
131802132	1	TAHSILAT	2024-06-30 21:13:20	2024-06-30 21:13:20	101	251522	317	160	317	\N	0	197168	91	0	0	317	0	317	1	136283	1	317	202406	2024-06-30 21:13:20	17101	131802132	126814146	32	197168	131588285	TAH_INV
131850181	1	TAHSILAT	2024-07-02 11:14:54	2024-07-02 11:14:54	101	6879	43	160	43	\N	0	5727	91	0	0	43	0	43	1	30030	1	43	202406	2024-07-02 11:14:54	17174	131850181	126796965	16	5727	131565392	TAH_INV
132031818	1	TAHSILAT	2024-07-09 07:14:26	2024-07-09 07:14:26	101	1631354	10644	160	10644	\N	0	978259	91	0	0	10644	0	10644	1	55183	2	10644	202406	2024-07-09 07:14:26	13762	132031818	126907443	32	978259	131749621	TAH_INV
132533391	1	TAHSILAT	2024-07-30 09:43:50	2024-07-30 09:43:50	101	251522	187	160	187	\N	0	197168	91	0	0	187	0	187	1	136283	1	187	202407	2024-07-30 09:43:50	17164	132533391	127213529	32	197168	132367385	TAH_INV
132618696	1	TAHSILAT	2024-08-02 11:12:27	2024-08-02 11:12:27	101	6879	29	160	29	\N	0	5727	91	0	0	29	0	29	1	30030	1	29	202407	2024-08-02 11:12:27	17174	132618696	127212106	16	5727	132364821	TAH_INV
133333306	1	TAHSILAT	2024-08-30 07:59:39	2024-08-30 07:59:39	101	251522	191	160	191	\N	0	197168	91	0	0	191	0	191	1	136283	1	191	202408	2024-08-30 07:59:39	17164	133333306	127622557	32	197168	133123516	TAH_INV
133374570	1	TAHSILAT	2024-09-02 11:39:08	2024-09-02 11:39:08	101	6879	16.76	160	16.76	\N	0	5727	91	0	0	16.76	0	16.76	1	30030	1	16.76	202408	2024-09-02 11:39:08	10261	133374570	127656583	16	5727	133183045	TAH_INV
133411450	1	TAHSILAT	2024-09-03 12:25:13	2024-09-03 12:25:13	101	1631354	12278	160	12278	\N	0	978259	91	0	0	12278	0	12278	1	55183	2	12278	202407	2024-09-03 12:25:13	13762	133411450	127241587	32	978259	132416210	TAH_INV
134054105	1	TAHSILAT	2024-09-26 06:10:33	2024-09-26 06:10:33	101	1631354	15030	160	15030	\N	0	978259	91	0	0	15030	0	15030	1	55183	2	15030	202408	2024-09-26 06:10:33	13762	134054105	127648395	32	978259	133171949	TAH_INV
134142489	1	TAHSILAT	2024-09-30 11:21:03	2024-09-30 11:21:03	101	251522	179	160	179	\N	0	197168	91	0	0	179	0	179	1	136283	1	179	202409	2024-09-30 11:21:03	17164	134142489	128027362	32	197168	133886188	TAH_INV
134348812	1	TAHSILAT	2024-10-07 11:28:43	2024-10-07 11:28:43	101	6879	18.29	160	18.29	\N	0	5727	91	0	0	18.29	0	18.29	1	30030	1	18.29	202409	2024-10-07 11:28:43	10330	134348812	128122895	16	5727	134066626	TAH_INV
134966727	1	TAHSILAT	2024-10-30 09:51:57	2024-10-30 09:51:57	101	251522	323	160	323	\N	0	197168	91	0	0	323	0	323	1	136283	1	323	202410	2024-10-30 09:51:57	17164	134966727	128438323	32	197168	134685399	TAH_INV
134973574	1	TAHSILAT	2024-10-30 11:24:56	2024-10-30 11:24:56	101	6879	66	160	66	\N	0	5727	91	0	0	66	0	66	1	30030	1	66	202410	2024-10-30 11:24:56	17174	134973574	128438482	16	5727	134685613	TAH_INV
135615065	1	TAHSILAT	2024-11-20 17:50:17	2024-11-20 17:50:17	101	48214	38685	160	38685	\N	0	2221	91	0	0	38685	0	38685	1	24362	1	38685	202411	2024-11-20 17:50:17	10689	135615065	128772180	32	2221	135340369	TAH_INV
135840274	1	TAHSILAT	2024-11-29 11:26:47	2024-11-29 11:26:47	101	6879	800	160	800	\N	0	5727	91	0	0	800	0	800	1	30030	1	800	202411	2024-11-29 11:26:47	17174	135840274	128880293	16	5727	135554277	TAH_INV
136518113	1	TAHSILAT	2024-12-23 16:17:14	2024-12-23 16:17:14	101	48214	57875	160	57875	\N	0	2221	91	0	0	57875	0	57875	1	24362	1	57875	202412	2024-12-23 16:17:14	10689	136518113	129198025	32	2221	136180691	TAH_INV
136698757	1	TAHSILAT	2024-12-30 12:18:00	2024-12-30 12:18:00	101	251522	5227	160	5227	\N	0	197168	91	0	0	5227	0	5227	1	136283	1	5227	202412	2024-12-30 12:18:00	17164	136698757	129320115	32	197168	136420759	TAH_INV
136736526	1	TAHSILAT	2025-01-01 14:41:47	2025-01-01 14:41:47	101	1631354	21544	160	21544	\N	0	978259	91	0	0	21544	0	21544	1	55183	2	21544	202409	2025-01-01 14:41:47	13762	136736526	128153778	32	978259	134126514	TAH_INV
136751593	1	TAHSILAT	2025-01-02 11:26:25	2025-01-02 11:26:25	101	6879	1441	160	1441	\N	0	5727	91	0	0	1441	0	1441	1	30030	1	1441	202412	2025-01-02 11:26:25	17174	136751593	129374902	16	5727	136519883	TAH_INV
136792545	1	TAHSILAT	2025-01-03 13:11:28	2025-01-03 13:11:28	101	1631354	16420	160	16420	\N	0	978259	91	0	0	16420	0	16420	1	55183	2	16420	202410	2025-01-03 13:11:28	10746	136792545	128572325	32	978259	134937001	TAH_INV
137351234	1	TAHSILAT	2025-01-23 15:01:50	2025-01-23 15:01:50	101	48214	75982	160	75982	\N	0	2221	91	0	0	75982	0	75982	1	24362	1	75982	202501	2025-01-23 15:01:50	10689	137351234	129652006	32	2221	137079880	TAH_INV
137520574	1	TAHSILAT	2025-01-30 06:31:49	2025-01-30 06:31:49	101	251522	3772	160	3772	\N	0	197168	91	0	0	3772	0	3772	1	136283	1	3772	202501	2025-01-30 06:31:49	17164	137520574	129798022	32	197168	137368170	TAH_INV
137661762	1	TAHSILAT	2025-02-04 11:25:00	2025-02-04 11:25:00	101	6879	1860	160	1860	\N	0	5727	91	0	0	1860	0	1860	1	30030	1	1860	202501	2025-02-04 11:25:00	17174	137661762	129812462	16	5727	137393573	TAH_INV
137928719	1	TAHSILAT	2025-02-12 17:08:24	2025-02-12 17:08:24	101	1631354	14895	160	14895	\N	0	978259	91	0	0	14895	0	14895	1	55183	2	14895	202411	2025-02-12 17:08:24	13762	137928719	128924024	32	978259	135631816	TAH_INV
138097475	1	TAHSILAT	2025-02-18 10:43:33	2025-02-18 10:43:33	101	1631354	21532	160	21532	\N	0	978259	91	0	0	21532	0	21532	1	55183	2	21532	202412	2025-02-18 10:43:33	13762	138097475	129441898	32	978259	136647173	TAH_INV
138231916	1	TAHSILAT	2025-02-21 21:43:54	2025-02-21 21:43:54	101	48214	76479	160	76479	\N	0	2221	91	0	0	76479	0	76479	1	24362	1	76479	202502	2025-02-21 21:43:54	10689	138231916	130086569	32	2221	137908634	TAH_INV
138475927	1	TAHSILAT	2025-03-03 11:31:58	2025-03-03 11:31:58	101	6879	1448	160	1448	\N	0	5727	91	0	0	1448	0	1448	1	30030	1	1448	202502	2025-03-03 11:31:58	17174	138475927	130205146	16	5727	138130066	TAH_INV
138721533	1	TAHSILAT	2025-03-11 09:26:34	2025-03-11 09:26:34	101	1631354	22398	160	22398	\N	0	978259	91	0	0	22398	0	22398	1	55183	2	22398	202501	2025-03-11 09:26:34	10746	138721533	129840891	32	978259	137446027	TAH_INV
139081252	1	TAHSILAT	2025-03-24 08:42:24	2025-03-24 08:42:24	101	48214	84331	160	84331	\N	0	2221	91	0	0	84331	0	84331	1	24362	1	84331	202503	2025-03-24 08:42:24	10689	139081252	130541041	32	2221	138793745	TAH_INV
139257550	1	TAHSILAT	2025-03-30 14:24:05	2025-03-30 14:24:05	101	251522	6539	160	6539	\N	0	197168	91	0	0	6539	0	6539	1	136283	1	6539	202503	2025-03-30 14:24:05	17164	139257550	130659091	32	197168	139027518	TAH_INV
139430320	1	TAHSILAT	2025-04-07 11:31:40	2025-04-07 11:31:40	101	6879	1469.63	160	1469.63	\N	0	5727	91	0	0	1469.63	0	1469.63	1	30030	1	1469.63	202503	2025-04-07 11:31:40	10261	139430320	130760725	16	5727	139208499	TAH_INV
139817473	1	TAHSILAT	2025-04-19 17:07:36	2025-04-19 17:07:36	101	48214	48773	160	48773	\N	0	2221	91	0	0	48773	0	48773	1	24362	1	48773	202504	2025-04-19 17:07:36	10689	139817473	130955735	32	2221	139583997	TAH_INV
140028435	1	TAHSILAT	2025-04-28 07:14:40	2025-04-28 07:14:40	101	251522	2582	160	2582	\N	0	197168	91	0	0	2582	0	2582	1	136283	1	2582	202504	2025-04-28 07:14:40	17164	140028435	131108755	32	197168	139890369	TAH_INV
140079601	1	TAHSILAT	2025-04-29 11:24:38	2025-04-29 11:24:38	101	6879	414	160	414	\N	0	5727	91	0	0	414	0	414	1	30030	1	414	202504	2025-04-29 11:24:38	17174	140079601	131067346	16	5727	139800297	TAH_INV
140377445	1	TAHSILAT	2025-05-10 11:19:43	2025-05-10 11:19:43	101	1631354	18405	160	18405	\N	0	978259	91	0	0	18405	0	18405	1	55183	2	18405	202502	2025-05-10 11:19:43	13762	140377445	130247916	32	978259	138206822	TAH_INV
140511531	1	TAHSILAT	2025-05-15 11:00:18	2025-05-15 11:00:18	101	48214	31452	160	31452	\N	0	2221	91	0	0	31452	0	31452	1	24362	1	31452	202505	2025-05-15 11:00:18	10689	140511531	131411064	32	2221	140463633	TAH_INV
140887046	1	TAHSILAT	2025-05-28 12:29:25	2025-05-28 12:29:25	101	251522	1581	160	1581	\N	0	197168	91	0	0	1581	0	1581	1	136283	1	1581	202505	2025-05-28 12:29:25	17164	140887046	131546664	32	197168	140727243	TAH_INV
140983280	1	TAHSILAT	2025-06-02 12:19:50	2025-06-02 12:19:50	101	6879	350	160	350	\N	0	5727	91	0	0	350	0	350	1	30030	1	350	202505	2025-06-02 12:19:50	17174	140983280	131516312	16	5727	140678319	TAH_INV
141443005	1	TAHSILAT	2025-06-20 11:37:57	2025-06-20 11:37:57	101	48214	2180	160	2180	\N	0	2221	91	0	0	2180	0	2180	1	24362	1	2180	202506	2025-06-20 11:37:57	10689	141443005	131841207	32	2221	141318603	TAH_INV
141724764	1	TAHSILAT	2025-06-29 16:54:30	2025-06-29 16:54:30	101	251522	316	160	316	\N	0	197168	91	0	0	316	0	316	1	136283	1	316	202506	2025-06-29 16:54:30	17164	141724764	131973128	32	197168	141543556	TAH_INV
141848223	1	TAHSILAT	2025-07-03 11:23:56	2025-07-03 11:23:56	101	6879	29	160	29	\N	0	5727	91	0	0	29	0	29	1	30030	1	29	202506	2025-07-03 11:23:56	17174	141848223	131955320	16	5727	141502850	TAH_INV
142386130	1	TAHSILAT	2025-07-23 10:44:31	2025-07-23 10:44:31	101	251522	248	160	248	\N	0	197168	91	0	0	248	0	248	1	136283	1	248	202507	2025-07-23 10:44:31	17164	142386130	132382481	32	197168	142382641	TAH_INV
143383371	1	TAHSILAT	2025-08-29 09:51:33	2025-08-29 09:51:33	101	251522	267	160	267	\N	0	197168	91	0	0	267	0	267	1	136283	1	267	202508	2025-08-29 09:51:33	17164	143383371	132829119	32	197168	143222716	TAH_INV
143964551	1	TAHSILAT	2025-09-18 08:49:41	2025-09-18 08:49:41	101	1631354	14253	160	14253	\N	0	978259	91	0	0	14253	0	14253	1	55183	2	14253	202503	2025-09-18 08:49:41	13762	143964551	130700531	32	978259	139102291	TAH_INV
143965409	1	TAHSILAT	2025-09-18 09:16:13	2025-09-18 09:16:13	101	1631354	21635	160	21635	\N	0	978259	91	0	0	21635	0	21635	1	55183	2	21635	202504	2025-09-18 09:16:13	13762	143965409	131193736	32	978259	140045770	TAH_INV
143965425	1	TAHSILAT	2025-09-18 09:16:40	2025-09-18 09:16:40	101	1631354	23987	160	23987	\N	0	978259	91	0	0	23987	0	23987	1	55183	2	23987	202505	2025-09-18 09:16:40	13762	143965425	131609304	32	978259	140857447	TAH_INV
143965446	1	TAHSILAT	2025-09-18 09:17:09	2025-09-18 09:17:09	101	1631354	21085	160	21085	\N	0	978259	91	0	0	21085	0	21085	1	55183	2	21085	202506	2025-09-18 09:17:09	13762	143965446	132070961	32	978259	141719005	TAH_INV
143973638	1	TAHSILAT	2025-09-18 12:47:20	2025-09-18 12:47:20	101	1631354	25374	160	25374	\N	0	978259	91	0	0	25374	0	25374	1	55183	2	25374	202507	2025-09-18 12:47:20	13762	143973638	132485277	32	978259	142556369	TAH_INV
144257307	1	TAHSILAT	2025-09-28 19:55:25	2025-09-28 19:55:25	101	251522	244	160	244	\N	0	197168	91	0	0	244	0	244	1	136283	1	244	202509	2025-09-28 19:55:25	10742	144257307	133249068	32	197168	144022195	TAH_INV
144586190	1	TAHSILAT	2025-10-10 13:35:10	2025-10-10 13:35:10	101	1631354	38950	160	38950	\N	0	978259	91	0	0	38950	0	38950	1	55183	2	38950	202509	2025-10-10 13:35:10	10746	144586190	133373814	32	978259	144242474	TAH_INV
145086377	1	TAHSILAT	2025-10-27 19:03:54	2025-10-27 19:03:54	101	48214	3043	160	3043	\N	0	2221	91	0	0	3043	0	3043	1	24362	1	3043	202510	2025-10-27 19:03:54	10689	145086377	133617960	16	2221	144737035	TAH_INV
145117378	1	TAHSILAT	2025-10-28 22:09:58	2025-10-28 22:09:58	101	251522	1231	160	1231	\N	0	197168	91	0	0	1231	0	1231	1	136283	1	1231	202510	2025-10-28 22:09:58	17164	145117378	133709797	32	197168	144923960	TAH_INV
145835733	1	TAHSILAT	2025-11-23 11:14:52	2025-11-23 11:14:52	101	48214	35152	160	35152	\N	0	2221	91	0	0	35152	0	35152	1	24362	1	35152	202511	2025-11-23 11:14:52	10689	145835733	134070848	32	2221	145611646	TAH_INV
146013509	1	TAHSILAT	2025-11-28 20:21:34	2025-11-28 20:21:34	101	251522	2251	160	2251	\N	0	197168	91	0	0	2251	0	2251	1	136283	1	2251	202511	2025-11-28 20:21:34	17164	146013509	134179698	32	197168	145833573	TAH_INV
146053848	1	TAHSILAT	2025-12-01 11:33:54	2025-12-01 11:33:54	101	6879	344	160	344	\N	0	5727	91	0	0	344	0	344	1	30030	1	344	202511	2025-12-01 11:33:54	17174	146053848	134150959	16	5727	145788598	TAH_INV
146570614	1	TAHSILAT	2025-12-17 09:49:06	2025-12-17 09:49:06	101	107396	3246.49	160	3246.49	\N	0	1192595	91	0	0	3246.49	0	3246.49	1	693146	1	3246.49	202512	2025-12-17 09:49:06	12364	146570614	134553367	32	1192595	146570430	TAH_INV
146664051	1	TAHSILAT	2025-12-19 22:46:28	2025-12-19 22:46:28	101	48214	58543	160	58543	\N	0	2221	91	0	0	58543	0	58543	1	24362	1	58543	202512	2025-12-19 22:46:28	10689	146664051	134518833	32	2221	146492715	TAH_INV
146796992	1	TAHSILAT	2025-12-24 13:27:36	2025-12-24 13:27:36	101	1631354	28962	160	28962	\N	0	978259	91	0	0	28962	0	28962	1	55183	2	28962	202510	2025-12-24 13:27:36	13762	146796992	133760094	32	978259	145019688	TAH_INV
146913732	1	TAHSILAT	2025-12-29 10:52:48	2025-12-29 10:52:48	101	251522	3571	160	3571	\N	0	197168	91	0	0	3571	0	3571	1	136283	1	3571	202512	2025-12-29 10:52:48	17164	146913732	134615775	32	197168	146685704	TAH_INV
146948150	1	TAHSILAT	2025-12-30 11:28:32	2025-12-30 11:28:32	101	6879	1261	160	1261	\N	0	5727	91	0	0	1261	0	1261	1	30030	1	1261	202512	2025-12-30 11:28:32	17174	146948150	134600432	16	5727	146665596	TAH_INV
147596046	1	TAHSILAT	2026-01-21 14:07:34	2026-01-21 14:07:34	101	48214	112490	160	112490	\N	0	2221	91	0	0	112490	0	112490	1	24362	1	112490	202601	2026-01-21 14:07:34	10689	147596046	134990378	32	2221	147429677	TAH_INV
147628905	1	TAHSILAT	2026-01-22 18:33:31	2026-01-22 18:33:31	101	107396	3154	160	3154	\N	0	1192595	91	0	0	3154	0	3154	1	693146	1	3154	202601	2026-01-22 18:33:31	17394	147628905	135013458	32	1192595	147465425	TAH_INV
147781422	1	TAHSILAT	2026-01-28 12:29:52	2026-01-28 12:29:52	101	251522	5762	160	5762	\N	0	197168	91	0	0	5762	0	5762	1	136283	1	5762	202601	2026-01-28 12:29:52	17387	147781422	135070146	32	197168	147588523	TAH_INV
147897541	1	TAHSILAT	2026-02-02 11:35:51	2026-02-02 11:35:51	101	6879	2429	160	2429	\N	0	5727	91	0	0	2429	0	2429	1	30030	1	2429	202601	2026-02-02 11:35:51	17174	147897541	135063152	16	5727	147578741	TAH_INV
147976826	1	TAHSILAT	2026-02-04 11:00:18	2026-02-04 11:00:18	101	1631354	38950	160	38950	\N	0	978259	91	0	0	38950	0	38950	1	55183	2	38950	202509	2026-02-04 11:00:18	10746	147976826	133373814	32	978259	144242474	TAH_INV
147976903	1	TAHSILAT	2026-02-04 11:01:07	2026-02-04 11:01:07	101	1631354	35385	160	35385	\N	0	978259	91	0	0	35385	0	35385	1	55183	2	35385	202511	2026-02-04 11:01:07	13762	147976903	134217901	32	978259	145913541	TAH_INV
148591346	1	TAHSILAT	2026-02-24 18:01:20	2026-02-24 18:01:20	101	48214	97417	160	97417	\N	0	2221	91	0	0	97417	0	97417	1	24362	1	97417	202602	2026-02-24 18:01:20	10689	148591346	135447931	32	2221	148325505	TAH_INV
148702200	1	TAHSILAT	2026-02-28 12:44:58	2026-02-28 12:44:58	101	251522	4826	160	4826	\N	0	197168	91	0	0	4826	0	4826	1	136283	1	4826	202602	2026-02-28 12:44:58	17164	148702200	135542191	32	197168	148499515	TAH_INV
148769282	1	TAHSILAT	2026-03-02 22:54:29	2026-03-02 22:54:29	101	107396	3554	160	3554	\N	0	1192595	91	0	0	3554	0	3554	1	693146	1	3554	202602	2026-03-02 22:54:29	17374	148769282	135474429	16	1192595	148388261	TAH_INV
148785480	1	TAHSILAT	2026-03-03 11:24:43	2026-03-03 11:24:43	101	6879	1981	160	1981	\N	0	5727	91	0	0	1981	0	1981	1	30030	1	1981	202602	2026-03-03 11:24:43	17174	148785480	135526660	16	5727	148481098	TAH_INV
149105923	1	TAHSILAT	2026-03-12 12:46:59	2026-03-12 12:46:59	101	1631354	42788	160	42788	\N	0	978259	91	0	0	42788	0	42788	1	55183	2	42788	202512	2026-03-12 12:46:59	17270	149105923	134725457	32	978259	146894540	TAH_INV
149373275	1	TAHSILAT	2026-03-22 20:20:40	2026-03-22 20:20:40	101	48214	82849	160	82849	\N	0	2221	91	0	0	82849	0	82849	1	24362	1	82849	202603	2026-03-22 20:20:40	10689	149373275	135905166	32	2221	149178948	TAH_INV
149424352	1	TAHSILAT	2026-03-23 17:40:06	2026-03-23 17:40:06	101	251522	4422	160	4422	\N	0	197168	91	0	0	4422	0	4422	1	136283	1	4422	202603	2026-03-23 17:40:06	17164	149424352	135986508	32	197168	149349692	TAH_INV
149614914	1	TAHSILAT	2026-03-30 11:29:57	2026-03-30 11:29:57	101	6879	1497	160	1497	\N	0	5727	91	0	0	1497	0	1497	1	30030	1	1497	202603	2026-03-30 11:29:57	17174	149614914	135980291	16	5727	149341906	TAH_INV
150192465	1	TAHSILAT	2026-04-19 10:53:25	2026-04-19 10:53:25	101	107396	2779	160	2779	\N	0	1192595	91	0	0	2779	0	2779	1	693146	1	2779	202603	2026-04-19 10:53:25	17374	150192465	135929707	32	1192595	149240293	TAH_INV
150359999	1	TAHSILAT	2026-04-24 11:41:00	2026-04-24 11:41:00	101	251522	5113	160	5113	\N	0	197168	91	0	0	5113	0	5113	1	136283	1	5113	202604	2026-04-24 11:41:00	17164	150359999	136479988	32	197168	150323602	TAH_INV
150552311	1	TAHSILAT	2026-05-01 21:04:36	2026-05-01 21:04:36	101	48214	25879	160	25879	\N	0	2221	91	0	0	25879	0	25879	1	24362	1	25879	202604	2026-05-01 21:04:36	10689	150552311	136477766	32	2221	150319159	TAH_INV
150690265	1	TAHSILAT	2026-05-05 18:33:13	2026-05-05 18:33:13	101	6879	1653	160	1653	\N	0	5727	91	0	0	1653	0	1653	1	30030	1	1653	202604	2026-05-05 18:33:13	17394	150690265	136526671	16	5727	150404069	TAH_INV
151060336	1	TAHSILAT	2026-05-16 14:50:27	2026-05-16 14:50:27	101	107396	3963	160	3963	\N	0	1192595	91	0	0	3963	0	3963	1	693146	1	3963	202604	2026-05-16 14:50:27	10742	151060336	136383588	32	1192595	150137679	TAH_INV
151111338	1	TAHSILAT	2026-05-18 15:16:17	2026-05-18 15:16:17	101	1631354	41390	160	41390	\N	0	978259	91	0	0	41390	0	41390	1	55183	2	41390	202604	2026-05-18 15:16:17	13762	151111338	136486304	32	978259	150333008	TAH_INV
151379260	1	TAHSILAT	2026-05-25 18:49:07	2026-05-25 18:49:07	101	48214	41290.64	160	41290.64	\N	0	2221	91	0	0	41290.64	0	41290.64	1	24362	1	41290.64	202605	2026-05-25 18:49:07	17228	151379260	136867995	16	2221	151036009	TAH_INV
151426483	1	TAHSILAT	2026-06-01 11:11:17	2026-06-01 11:11:17	101	251522	3964	160	3964	\N	0	197168	91	0	0	3964	0	3964	1	136283	1	3964	202605	2026-06-01 11:11:17	17164	151426483	136954249	16	197168	151205685	TAH_INV
151451512	1	TAHSILAT	2026-06-01 16:34:22	2026-06-01 16:34:22	101	107396	3778	160	3778	\N	0	1192595	91	0	0	3778	0	3778	1	693146	1	3778	202605	2026-06-01 16:34:22	17412	151451512	136858419	32	1192595	151022101	TAH_INV
151464784	1	TAHSILAT	2026-06-01 19:20:17	2026-06-01 19:20:17	101	6879	255	160	255	\N	0	5727	91	0	0	255	0	255	1	30030	1	255	202605	2026-06-01 19:20:17	17174	151464784	136915172	16	5727	151139409	TAH_INV
151651883	1	TAHSILAT	2026-06-08 09:46:08	2026-06-08 09:46:08	101	1631354	104711	160	104711	\N	0	978259	91	0	0	104711	0	104711	1	55183	2	104711	202603	2026-06-08 09:46:08	13762	151651883	136060815	32	978259	149522491	TAH_INV
151651905	1	TAHSILAT	2026-06-08 09:47:17	2026-06-08 09:47:17	101	1631354	38669	160	38669	\N	0	978259	91	0	0	38669	0	38669	1	55183	2	38669	202605	2026-06-08 09:47:17	13762	151651905	136949631	32	978259	151194549	TAH_INV
151655669	1	TAHSILAT	2026-06-08 11:19:58	2026-06-08 11:19:58	101	48214	25879	160	25879	\N	0	2221	91	0	0	25879	0	25879	1	24362	1	25879	202604	2026-06-08 11:19:58	10689	151655669	136477766	32	2221	150319159	TAH_INV
152358356	1	TAHSILAT	2026-07-02 08:12:44	2026-07-02 08:12:44	101	251522	731	160	731	\N	0	197168	91	0	0	731	0	731	1	136283	1	731	202606	2026-07-02 08:12:44	17308	152358356	137397123	16	197168	152086341	TAH_INV
152902576	1	TAHSILAT	2026-07-17 11:37:43	2026-07-17 11:37:43	101	1631354	12546.5	160	12546.5	\N	0	978259	91	0	0	12546.5	0	12546.5	1	55183	2	12546.5	202606	2026-07-17 11:37:43	10746	152902576	137452252	32	978259	152185118	TAH_INV
152910254	1	TAHSILAT	2026-07-17 14:32:19	2026-07-17 14:32:19	101	107396	340.5	160	340.5	\N	0	1192595	91	0	0	340.5	0	340.5	1	693146	1	340.5	202606	2026-07-17 14:32:19	17394	152910254	137357238	32	1192595	152016939	TAH_INV
152910263	1	TAHSILAT	2026-07-17 14:32:27	2026-07-17 14:32:27	101	107396	340.5	160	340.5	\N	0	1192595	91	0	0	340.5	0	340.5	1	693146	1	340.5	202606	2026-07-17 14:32:27	17394	152910263	137357238	32	1192595	152016939	TAH_INV
152911856	1	TAHSILAT	2026-07-17 15:10:20	2026-07-17 15:10:20	101	48214	25879	160	25879	\N	0	2221	91	0	0	25879	0	25879	1	24362	1	25879	202604	2026-07-17 15:10:20	10689	152911856	136477766	32	2221	150319159	TAH_INV
152911936	1	TAHSILAT	2026-07-17 15:11:20	2026-07-17 15:11:20	101	48214	25879	160	25879	\N	0	2221	91	0	0	25879	0	25879	1	24362	1	25879	202604	2026-07-17 15:11:20	10689	152911936	136477766	32	2221	150319159	TAH_INV
152911938	1	TAHSILAT	2026-07-17 15:11:20	2026-07-17 15:11:20	101	48214	115	160	115	\N	0	2221	91	0	0	115	0	115	1	24362	1	115	202607	2026-07-17 15:11:20	17396	152911938	137772302	32	2221	152787703	TAH_INV
