LREF	INVOICEREF	TYPE	IOCODE	CROSSREF_MAIN_LREF	PAYTYPE	TRANSTYPE	LINETYPE	INST_NR	DATE_	PAYABLETOTAL	PAID	CANCELED	CANCELLATIONPAYMENT	CLIENTREF	ABYS_ID	ABYS_ACCOUNT_ID	ABYS_AGREEMENT_ID	ABYS_MAIN_LREF	ABYS_ACTION_TYPE_ID	OV_KIND	REF_DEPOSIT_ACCOUNT_ID	REF_DEPOSIT_ACCOUNT_ACTION_ID	CASH_ID	RECEIPT_NUMBER	ALLOC_RN	PAY_FULL_AMT	ALLOC_SRC
34731473	34731473	101	1	468800	32	113	103	0	2009-03-10 00:00:00	246	0	0	0	251522	34731473	570480	197168	468800	4	PAY	\N	\N	12	23902	1	246	INCOME
34943669	34943669	101	1	661450	32	113	103	0	2011-05-17 00:00:00	311	0	0	0	306082	34943669	853989	276503	661450	4	PAY	\N	\N	22	48641	1	311	INCOME
34984326	34984326	101	1	702889	32	113	103	0	2011-10-20 00:00:00	11	0	0	0	306082	34984326	899639	276503	702889	4	PAY	\N	\N	80	13459	1	11	INCOME
35080081	35080081	101	1	800106	32	113	103	0	2013-01-16 00:00:00	200	0	0	0	306082	35080081	998085	276503	800106	4	PAY	\N	\N	70	85752	1	200	INCOME
35080082	35080082	101	1	800107	32	113	103	0	2013-01-16 00:00:00	41.45	0	0	0	306082	35080082	998086	276503	800107	4	PAY	\N	\N	70	85753	1	41.45	INCOME
35315774	35315774	101	1	35315773	32	113	103	0	2002-04-09 00:00:00	30	0	0	0	6879	35315774	26833591	5727	35315773	4	PAY	\N	\N	1	1321	1	30	INCOME
35356494	35356494	101	1	35356493	32	113	103	0	2000-11-28 00:00:00	2520	0	0	0	48214	35356494	26853951	2221	35356493	4	PAY	\N	\N	1	21681	1	2520	INCOME
35892386	35892386	101	1	8610521	174	113	103	0	2004-03-22 00:00:00	48.18	0	0	0	6879	35892386	1697841	5727	8610521	7	PAY	\N	\N	515	13	1	48.18	INCOME
35903044	35903044	101	1	8170377	174	113	103	0	2004-12-16 00:00:00	2450.84	0	0	0	48214	35903044	1258730	2221	8170377	7	PAY	\N	\N	521	200412006931004	1	2450.84	INCOME
35924390	35924390	101	1	8212936	174	113	103	0	2004-11-23 00:00:00	13.56	0	0	0	6879	35924390	1301161	5727	8212936	7	PAY	\N	\N	519	1307	1	13.56	INCOME
36009427	36009427	101	1	8406681	174	113	103	0	2004-07-27 00:00:00	8.61	0	0	0	6879	36009427	1494398	5727	8406681	7	PAY	\N	\N	531	33019003598	1	8.61	INCOME
36056095	36056095	101	1	10407024	174	113	103	0	2004-03-16 00:00:00	2730.67	0	0	0	48214	36056095	3488489	2221	10407024	7	PAY	\N	\N	521	200403005649186	1	2730.67	INCOME
36084553	36084553	101	1	8802265	32	113	103	0	2004-02-27 00:00:00	70.34	0	0	0	6879	36084553	1889275	5727	8802265	4	PAY	\N	\N	13	11998	1	70.34	INCOME
36090783	36090783	101	1	8449236	32	113	103	0	2003-02-18 00:00:00	0.38	0	0	0	6879	36090783	1536886	5727	8449236	4	PAY	\N	\N	6	16595	1	0.38	INCOME
36092282	36092282	101	1	8445999	32	113	103	0	2003-01-28 00:00:00	6033.73	0	0	0	48214	36092282	1533659	2221	8445999	4	PAY	\N	\N	7	782	1	6033.73	INCOME
36094467	36094467	101	1	8445999	32	113	103	0	2003-02-06 00:00:00	475	0	0	0	48214	36094467	1533659	2221	8445999	4	PAY	\N	\N	7	919	1	486.78	INCOME
1350000017	36094467	101	1	36094466	32	113	103	0	2003-02-06 00:00:00	11.78	0	0	0	48214	36094467	1533659	2221	36094466	4	PAY	\N	\N	7	919	2	486.78	INCOME
36094688	36094688	101	1	8791067	174	113	103	0	2004-02-20 00:00:00	4325.91	0	0	0	48214	36094688	1878094	2221	8791067	7	PAY	\N	\N	521	200402005658595	1	4325.91	INCOME
36124560	36124560	101	1	8747460	174	113	103	0	2004-01-19 00:00:00	3522.65	0	0	0	48214	36124560	1834557	2221	8747460	7	PAY	\N	\N	521	200401005286326	1	3522.65	INCOME
36131524	36131524	101	1	8765345	174	113	103	0	2004-01-26 00:00:00	62.32	0	0	0	6879	36131524	1852418	5727	8765345	7	PAY	\N	\N	521	200401007292165	1	62.32	INCOME
36156430	36156430	101	1	8371893	174	113	103	0	2002-11-22 00:00:00	652.97	0	0	0	48214	36156430	1459750	2221	8371893	7	PAY	\N	\N	502	14	1	652.97	INCOME
36176025	36176025	101	1	8489418	174	113	103	0	2004-05-17 00:00:00	15.95	0	0	0	6879	36176025	1576991	5727	8489418	7	PAY	\N	\N	519	1649	1	15.95	INCOME
36185984	36185984	101	1	8476178	174	113	103	0	2004-05-18 00:00:00	1192.3	0	0	0	48214	36185984	1563770	2221	8476178	7	PAY	\N	\N	521	200405006212327	1	1192.3	INCOME
36208065	36208065	101	1	8688394	32	113	103	0	2003-06-17 00:00:00	690.02	0	0	0	48214	36208065	1775590	2221	8688394	4	PAY	\N	\N	7	3722	1	728	INCOME
1350000025	36208065	101	1	36208064	32	113	103	0	2003-06-17 00:00:00	38	0	0	0	48214	36208065	1775590	2221	36208064	4	PAY	\N	\N	7	3722	2	728	INCOME
36225637	36225637	101	1	8695812	32	113	103	0	2003-06-02 00:00:00	34.61	0	0	0	6879	36225637	1782988	5727	8695812	4	PAY	\N	\N	13	3233	1	34.61	INCOME
36237953	36237953	101	1	8688394	32	113	103	0	2003-05-28 00:00:00	6105.14	0	0	0	48214	36237953	1775590	2221	8688394	4	PAY	\N	\N	7	3154	1	6105.14	INCOME
36248748	36248748	101	1	8920115	174	113	103	0	2003-09-30 00:00:00	6.94	0	0	0	6879	36248748	2006730	5727	8920115	7	PAY	\N	\N	521	5	1	6.94	INCOME
36270315	36270315	101	1	8848315	174	113	103	0	2003-07-30 00:00:00	4.68	0	0	0	6879	36270315	1935242	5727	8848315	7	PAY	\N	\N	521	136	1	4.68	INCOME
36297909	36297909	101	1	8956490	174	113	103	0	2003-11-04 00:00:00	9.6	0	0	0	6879	36297909	2043038	5727	8956490	7	PAY	\N	\N	519	982	1	9.6	INCOME
36328765	36328765	101	1	8976174	174	113	103	0	2003-12-04 00:00:00	650.42	0	0	0	48214	36328765	2062658	2221	8976174	7	PAY	\N	\N	521	290	1	650.42	INCOME
36338556	36338556	101	1	9013984	32	113	103	0	2003-12-26 00:00:00	2389.35	0	0	0	48214	36338556	2100360	2221	9013984	4	PAY	\N	\N	16	8036	1	2389.35	INCOME
36355226	36355226	101	1	9059684	174	113	103	0	2005-01-17 00:00:00	4163.62	0	0	0	48214	36355226	2145952	2221	9059684	7	PAY	\N	\N	521	200501006988611	1	4163.62	INCOME
36379163	36379163	101	1	9119750	174	113	103	0	2005-02-11 00:00:00	4453	0	0	0	48214	36379163	2205910	2221	9119750	7	PAY	\N	\N	517	3	1	4453	INCOME
36380179	36380179	101	1	9139522	174	113	103	0	2005-02-14 00:00:00	75	0	0	0	6879	36380179	2225665	5727	9139522	7	PAY	\N	\N	519	581	1	75	INCOME
36420292	36420292	101	1	9188523	174	113	103	0	2005-03-14 00:00:00	72	0	0	0	6879	36420292	2274561	5727	9188523	7	PAY	\N	\N	519	1337	1	72	INCOME
36423630	36423630	101	1	9176030	174	113	103	0	2005-03-14 00:00:00	4449	0	0	0	48214	36423630	2262101	2221	9176030	7	PAY	\N	\N	530	88600620239	1	4449	INCOME
36463840	36463840	101	1	9259730	174	113	103	0	2005-04-14 00:00:00	67	0	0	0	6879	36463840	2345622	5727	9259730	7	PAY	\N	\N	521	200504006053417	1	67	INCOME
36531936	36531936	101	1	9385849	174	113	103	0	2005-06-14 00:00:00	12	0	0	0	6879	36531936	2471537	5727	9385849	7	PAY	\N	\N	521	200506005525911	1	12	INCOME
36638730	36638730	101	1	9622297	174	113	103	0	2005-11-15 00:00:00	2190.14	0	0	0	48214	36638730	2706501	2221	9622297	7	PAY	\N	\N	530	88600686046	1	2190.14	INCOME
36676611	36676611	101	1	9692181	32	113	103	0	2005-12-09 00:00:00	3105	0	0	0	48214	36676611	2776287	2221	9692181	4	PAY	\N	\N	7	13586	1	3105	INCOME
36690781	36690781	101	1	9716132	174	113	103	0	2005-12-12 00:00:00	52	0	0	0	6879	36690781	2800208	5727	9716132	7	PAY	\N	\N	519	1310	1	52	INCOME
36728560	36728560	101	1	9786938	32	113	103	0	2006-01-18 00:00:00	82	0	0	0	6879	36728560	2870913	5727	9786938	4	PAY	\N	\N	27	25594	1	82	INCOME
36767732	36767732	101	1	9869048	32	113	103	0	2006-02-14 00:00:00	117	0	0	0	6879	36767732	2952845	5727	9869048	4	PAY	\N	\N	19	66443	1	117	INCOME
36778806	36778806	101	1	9844414	174	113	103	0	2006-02-09 00:00:00	6690	0	0	0	48214	36778806	2928292	2221	9844414	7	PAY	\N	\N	530	88600716160	1	6690	INCOME
36902705	36902705	101	1	10136864	32	113	103	0	2006-05-16 00:00:00	25	0	0	0	6879	36902705	3219778	5727	10136864	4	PAY	\N	\N	27	35913	1	25	INCOME
36904423	36904423	101	1	10101546	174	113	103	0	2006-05-15 00:00:00	2333	0	0	0	48214	36904423	3184609	2221	10101546	7	PAY	\N	\N	530	88600753259	1	2333	INCOME
36960162	36960162	101	1	10197780	174	113	103	0	2006-06-13 00:00:00	295	0	0	0	48214	36960162	3280452	2221	10197780	7	PAY	\N	\N	530	88600768558	1	295	INCOME
36960725	36960725	101	1	10231358	32	113	103	0	2006-06-19 00:00:00	15	0	0	0	6879	36960725	3313856	5727	10231358	4	PAY	\N	\N	57	13529	1	15	INCOME
37006193	37006193	101	1	10334836	32	113	103	0	2006-08-16 00:00:00	20	0	0	0	6879	37006193	3416660	5727	10334836	4	PAY	\N	\N	16	65982	1	20	INCOME
37046893	37046893	101	1	10496981	174	113	103	0	2006-09-18 00:00:00	10	0	0	0	6879	37046893	3577419	5727	10496981	7	PAY	\N	\N	538	9990000000000	1	10	INCOME
37087309	37087309	101	1	10600902	174	113	103	0	2006-10-11 00:00:00	15	0	0	0	6879	37087309	3679942	5727	10600902	7	PAY	\N	\N	538	9990000000000	1	15	INCOME
37228078	37228078	101	1	10927279	32	113	103	0	2007-01-15 00:00:00	6630	0	0	0	48214	37228078	4004712	2221	10927279	4	PAY	\N	\N	29	10594	1	6630	INCOME
37238035	37238035	101	1	10912442	32	113	103	0	2007-01-15 00:00:00	125	0	0	0	6879	37238035	3989902	5727	10912442	4	PAY	\N	\N	13	10786	1	125	INCOME
37391331	37391331	101	1	11266318	174	113	103	0	2007-04-09 00:00:00	70	0	0	0	6879	37391331	4342737	5727	11266318	7	PAY	\N	\N	538	9990000000000	1	70	INCOME
37447888	37447888	101	1	11388380	32	113	103	0	2007-05-09 00:00:00	35	0	0	0	6879	37447888	4464426	5727	11388380	4	PAY	\N	\N	63	61018	1	35	INCOME
37456536	37456536	101	1	11406713	174	113	103	0	2007-05-11 00:00:00	2395	0	0	0	48214	37456536	4482679	2221	11406713	7	PAY	\N	\N	530	88680031450	1	2395	INCOME
37513185	37513185	101	1	11516065	32	113	103	0	2007-06-14 00:00:00	15	0	0	0	6879	37513185	4591457	5727	11516065	4	PAY	\N	\N	11	35555	1	15	INCOME
37688810	37688810	101	1	11914812	174	113	103	0	2007-11-13 00:00:00	1515	0	0	0	48214	37688810	4986496	2221	11914812	7	PAY	\N	\N	530	88680065195	1	1515	INCOME
37752804	37752804	101	1	12024863	174	113	103	0	2007-12-13 00:00:00	85	0	0	0	6879	37752804	5095919	5727	12024863	7	PAY	\N	\N	538	9990000000000	1	85	INCOME
37809163	37809163	101	1	12164717	174	113	103	0	2008-01-09 00:00:00	100	0	0	0	6879	37809163	5235192	5727	12164717	7	PAY	\N	\N	538	9990000000000	1	100	INCOME
37880044	37880044	101	1	12295938	174	113	103	0	2008-02-13 00:00:00	130	0	0	0	6879	37880044	5366005	5727	12295938	7	PAY	\N	\N	538	9990000000000	1	130	INCOME
37885038	37885038	101	1	12325178	32	113	103	0	2008-02-18 00:00:00	7428.6	0	0	0	48214	37885038	5395165	2221	12325178	4	PAY	\N	\N	32	8068	1	7420	INCOME
37903774	37903774	101	1	12325178	32	113	103	0	2008-02-21 00:00:00	735	0	0	0	48214	37903774	5395165	2221	12325178	4	PAY	\N	\N	66	13610	1	735	INCOME
37944080	37944080	101	1	12481316	174	113	103	0	2008-03-14 00:00:00	90	0	0	0	6879	37944080	5539564	5727	12481316	7	PAY	\N	\N	538	9990000000000	1	90	INCOME
37996818	37996818	101	1	12718062	174	113	103	0	2008-04-08 00:00:00	45	0	0	0	6879	37996818	5775952	5727	12718062	7	PAY	\N	\N	538	9990000000000	1	45	INCOME
38019933	38019933	101	1	12700222	32	113	103	0	2008-04-15 00:00:00	108.94	0	0	0	48214	38019933	5758162	2221	12700222	4	PAY	\N	\N	22	32068	1	108.94	INCOME
38170089	38170089	101	1	12679542	32	113	103	0	2008-06-13 00:00:00	0.5	0	0	0	6879	38170089	5737491	5727	12679542	4	PAY	\N	\N	50	72915	1	0.5	INCOME
38170090	38170090	101	1	13016899	32	113	103	0	2008-06-13 00:00:00	15	0	0	0	6879	38170090	6073459	5727	13016899	4	PAY	\N	\N	50	72915	1	15	INCOME
38264718	38264718	101	1	13187241	32	113	103	0	2008-08-13 00:00:00	30	0	0	0	6879	38264718	6241972	5727	13187241	4	PAY	\N	\N	114	21105	1	30	INCOME
38327723	38327723	101	1	13357279	32	113	103	0	2008-10-16 00:00:00	40	0	0	0	6879	38327723	6410596	5727	13357279	4	PAY	\N	\N	63	63648	1	40	INCOME
38393599	38393599	101	1	13457571	32	113	103	0	2008-11-10 00:00:00	25	0	0	0	6879	38393599	6510337	5727	13457571	4	PAY	\N	\N	14	43462	1	25	INCOME
38474284	38474284	101	1	13665261	32	113	103	0	2008-12-19 00:00:00	4750.88	0	0	0	48214	38474284	6716976	2221	13665261	4	PAY	\N	\N	16	7602	1	4750	INCOME
38534990	38534990	101	1	13665261	32	113	103	0	2009-01-12 00:00:00	135	0	0	0	48214	38534990	6716976	2221	13665261	4	PAY	\N	\N	15	70881	1	135	INCOME
38537602	38537602	101	1	13761364	32	113	103	0	2009-01-15 00:00:00	150	0	0	0	6879	38537602	6812812	5727	13761364	4	PAY	\N	\N	119	3646	1	150	INCOME
38763089	38763089	101	1	14302714	32	113	103	0	2009-04-14 00:00:00	5215.62	0	0	0	48214	38763089	7352398	2221	14302714	4	PAY	\N	\N	65	13913	1	5210	INCOME
38775200	38775200	101	1	14252255	32	113	103	0	2009-04-15 00:00:00	95	0	0	0	6879	38775200	7302088	5727	14252255	4	PAY	\N	\N	119	8584	1	95	INCOME
38832633	38832633	101	1	14302714	32	113	103	0	2009-05-08 00:00:00	795	0	0	0	48214	38832633	7352398	2221	14302714	4	PAY	\N	\N	16	17133	1	795	INCOME
38876285	38876285	101	1	14416212	33	113	103	0	2009-05-28 00:00:00	45	0	0	0	6879	38876285	7465525	5727	14416212	5	PAY	\N	\N	6	141155	1	45	INCOME
38892189	38892189	101	1	14561532	32	113	103	0	2009-06-10 00:00:00	20	0	0	0	48214	38892189	7610124	2221	14561532	4	PAY	\N	\N	69	6693	1	20	INCOME
39053889	39053889	101	1	14760594	33	113	103	0	2009-10-01 00:00:00	5	0	0	0	6879	39053889	7807513	5727	14760594	5	PAY	\N	\N	35	14529	1	5	INCOME
39125301	39125301	101	1	15030009	174	113	103	0	2009-10-27 00:00:00	25	0	0	0	251522	39125301	8074318	197168	15030009	7	PAY	\N	\N	544	291500705158	1	25	INCOME
39199842	39199842	101	1	14916777	32	113	103	0	2009-12-07 00:00:00	5	0	0	0	6879	39199842	7962225	5727	14916777	4	PAY	\N	\N	22	32215	1	5	INCOME
39199843	39199843	101	1	15160318	32	113	103	0	2009-12-07 00:00:00	25.16	0	0	0	6879	39199843	8203709	5727	15160318	4	PAY	\N	\N	22	32215	1	25.16	INCOME
39297592	39297592	101	1	15297465	32	113	103	0	2010-01-11 00:00:00	176	0	0	0	48214	39297592	8340070	2221	15297465	4	PAY	\N	\N	32	23077	1	176	INCOME
39355460	39355460	101	1	15421141	32	113	103	0	2010-02-02 00:00:00	435	0	0	0	48214	39355460	8463169	2221	15421141	4	PAY	\N	\N	21	26903	1	435	INCOME
39359980	39359980	101	1	15532829	174	113	103	0	2010-01-28 00:00:00	250	0	0	0	251522	39359980	8574356	197168	15532829	7	PAY	\N	\N	544	291500103376	1	250	INCOME
39439130	39439130	101	1	15574851	33	113	103	0	2010-03-01 00:00:00	110	0	0	0	6879	39439130	8616183	5727	15574851	5	PAY	\N	\N	35	18258	1	110	INCOME
39532027	39532027	101	1	15752160	33	113	103	0	2010-04-07 00:00:00	85	0	0	0	6879	39532027	8792782	5727	15752160	5	PAY	\N	\N	35	14753	1	85	INCOME
39610413	39610413	101	1	15961029	32	113	103	0	2010-05-10 00:00:00	755	0	0	0	48214	39610413	9000719	2221	15961029	4	PAY	\N	\N	21	34022	1	755	INCOME
39878381	39878381	101	1	16250779	32	113	103	0	2010-09-23 00:00:00	15	0	0	0	6879	39878381	9289016	5727	16250779	4	PAY	\N	\N	52	7409	1	15	INCOME
39981002	39981002	101	1	16810979	32	113	103	0	2010-10-25 00:00:00	720	0	0	0	48214	39981002	9845521	2221	16810979	4	PAY	\N	\N	70	48890	1	720	INCOME
40058427	40058427	101	1	17034950	174	113	103	0	2010-11-25 00:00:00	130	0	0	0	251522	40058427	10069228	197168	17034950	33	PAY	\N	\N	540	0	1	130	INCOME
40087458	40087458	101	1	16894775	33	113	103	0	2010-12-09 00:00:00	10	0	0	0	6879	40087458	9929208	5727	16894775	5	PAY	\N	\N	13	45026	1	10	INCOME
40087459	40087459	101	1	17004731	33	113	103	0	2010-12-09 00:00:00	35	0	0	0	6879	40087459	10039040	5727	17004731	5	PAY	\N	\N	13	45026	1	35	INCOME
40174474	40174474	101	1	17243275	32	113	103	0	2011-01-10 00:00:00	550	0	0	0	48214	40174474	10277365	2221	17243275	4	PAY	\N	\N	22	24455	1	550	INCOME
40338005	40338005	101	1	17553766	32	113	103	0	2011-03-07 00:00:00	755	0	0	0	48214	40338005	10587244	2221	17553766	4	PAY	\N	\N	6	91807	1	755	INCOME
40345771	40345771	101	1	17424368	174	113	103	0	2011-02-28 00:00:00	350	0	0	0	251522	40345771	10458275	197168	17424368	7	PAY	\N	\N	544	291500102590	1	350	INCOME
40479542	40479542	101	1	17855023	174	113	103	0	2011-04-20 00:00:00	330	0	0	0	251522	40479542	10887878	197168	17855023	33	PAY	\N	\N	528	400213	1	330	INCOME
40523970	40523970	101	1	17781948	174	113	103	0	2011-05-08 00:00:00	135	0	0	0	6879	40523970	10814852	5727	17781948	22	PAY	\N	\N	551	184152	1	135	INCOME
40524522	40524522	101	1	17999680	32	113	103	0	2011-05-05 00:00:00	445	0	0	0	48214	40524522	11032365	2221	17999680	4	PAY	\N	\N	28	93599	1	445	INCOME
40604059	40604059	101	1	18277190	32	113	103	0	2011-05-30 00:00:00	500	0	0	0	48214	40604059	11309611	2221	18277190	4	PAY	\N	\N	28	100937	1	500	INCOME
40667855	40667855	101	1	18224085	174	113	103	0	2011-06-24 00:00:00	70	0	0	0	6879	40667855	11256565	5727	18224085	22	PAY	\N	\N	551	716509	1	70	INCOME
40702381	40702381	101	1	18452373	174	113	103	0	2011-07-08 00:00:00	25	0	0	0	6879	40702381	11484644	5727	18452373	22	PAY	\N	\N	551	777762	1	25	INCOME
40731962	40731962	101	1	18485369	174	113	103	0	2011-07-18 00:00:00	20	0	0	0	251522	40731962	11517615	197168	18485369	43	PAY	\N	\N	551	248669	1	20	INCOME
40799619	40799619	101	1	18476645	174	113	103	0	2011-08-10 00:00:00	15	0	0	0	6879	40799619	11508895	5727	18476645	43	PAY	\N	\N	551	718703	1	15	INCOME
40933972	40933972	101	1	19205823	174	113	103	0	2011-09-27 00:00:00	20	0	0	0	251522	40933972	12237420	197168	19205823	33	PAY	\N	\N	531	240236029999	1	20	INCOME
41005581	41005581	101	1	18716294	32	113	103	0	2011-10-20 00:00:00	5	0	0	0	306082	41005581	11748308	276503	18716294	4	PAY	\N	\N	80	13455	1	5	INCOME
41005582	41005582	101	1	18854686	32	113	103	0	2011-10-20 00:00:00	5	0	0	0	306082	41005582	11886581	276503	18854686	4	PAY	\N	\N	80	13455	1	5	INCOME
41139658	41139658	101	1	18817355	33	113	103	0	2011-12-06 00:00:00	5	0	0	0	6879	41139658	11849293	5727	18817355	5	PAY	\N	\N	46	111193	1	5	INCOME
41154779	41154779	101	1	19383145	32	113	103	0	2011-12-12 00:00:00	955	0	0	0	48214	41154779	12414485	2221	19383145	4	PAY	\N	\N	24	27640	1	955	INCOME
41262109	41262109	101	1	19677953	32	113	103	0	2012-01-11 00:00:00	900	0	0	0	48214	41262109	12708975	2221	19677953	4	PAY	\N	\N	66	36245	1	900	INCOME
41459678	41459678	101	1	20132980	32	113	103	0	2012-03-08 00:00:00	3695	0	0	0	48214	41459678	13163455	2221	20132980	4	PAY	\N	\N	58	37812	1	3695	INCOME
41483948	41483948	101	1	20106849	33	113	103	0	2012-03-16 00:00:00	10	0	0	0	6879	41483948	13137340	5727	20106849	5	PAY	\N	\N	46	114518	1	10	INCOME
41524232	41524232	101	1	20462703	32	113	103	0	2012-03-23 00:00:00	8001.84	0	0	0	48214	41524232	13492793	2221	20462703	4	PAY	\N	\N	28	46119	1	8000	INCOME
41580057	41580057	101	1	20462703	32	113	103	0	2012-04-13 00:00:00	1755	0	0	0	48214	41580057	13492793	2221	20462703	4	PAY	\N	\N	28	48711	1	1755	INCOME
41640821	41640821	101	1	20515715	174	113	103	0	2012-04-30 00:00:00	180	0	0	0	251522	41640821	13545776	197168	20515715	33	PAY	\N	\N	531	220036159999	1	180	INCOME
41649069	41649069	101	1	20467009	32	113	103	0	2012-05-10 00:00:00	1000	0	0	0	48214	41649069	13497095	2221	20467009	4	PAY	\N	\N	58	40900	1	1000	INCOME
41649070	41649070	101	1	20659795	32	113	103	0	2012-05-10 00:00:00	65	0	0	0	48214	41649070	13689738	2221	20659795	4	PAY	\N	\N	58	40900	1	65	INCOME
41723051	41723051	101	1	20694535	33	113	103	0	2012-05-22 00:00:00	70	0	0	0	251522	41723051	13724458	197168	20694535	5	PAY	\N	\N	60	152289	1	70	INCOME
41729750	41729750	101	1	20945845	32	113	103	0	2012-05-23 00:00:00	10	0	0	0	48214	41729750	13975566	2221	20945845	4	PAY	\N	\N	51	18095	1	10	INCOME
41744860	41744860	101	1	20620074	174	113	103	0	2012-06-01 00:00:00	15	0	0	0	6879	41744860	13650043	5727	20620074	22	PAY	\N	\N	551	785206	1	15	INCOME
41934175	41934175	101	1	21626273	174	113	103	0	2012-09-15 00:00:00	25	0	0	0	251522	41934175	14655321	197168	21626273	33	PAY	\N	\N	540	0	1	25	INCOME
41973284	41973284	101	1	21490781	174	113	103	0	2012-09-21 00:00:00	20	0	0	0	6879	41973284	14519940	5727	21490781	22	PAY	\N	\N	551	737663	1	20	INCOME
42073278	42073278	101	1	21472575	174	113	103	0	2012-08-14 00:00:00	20	0	0	0	251522	42073278	14501773	197168	21472575	22	PAY	\N	\N	551	793220	1	20	INCOME
42175490	42175490	101	1	21904363	174	113	103	0	2012-10-15 00:00:00	20	0	0	0	251522	42175490	14933170	197168	21904363	22	PAY	\N	\N	551	889029	1	20	INCOME
42175491	42175491	101	1	20190743	174	113	103	0	2012-10-15 00:00:00	565	0	0	0	251522	42175491	13221074	197168	20190743	22	PAY	\N	\N	551	894046	1	565	INCOME
42333918	42333918	101	1	22416150	174	113	103	0	2012-12-19 00:00:00	145	0	0	0	251522	42333918	15444569	197168	22416150	22	PAY	\N	\N	551	437868	1	145	INCOME
42343634	42343634	101	1	22138057	174	113	103	0	2012-11-21 00:00:00	25	0	0	0	251522	42343634	15166687	197168	22138057	22	PAY	\N	\N	551	68351	1	25	INCOME
42385084	42385084	101	1	21426018	32	113	103	0	2013-01-16 00:00:00	1.03	0	0	0	306082	42385084	14455279	276503	21426018	4	PAY	\N	\N	70	85760	1	1.1	INCOME
1350000131	42385084	101	1	42385083	32	113	103	0	2013-01-16 00:00:00	0.07	0	0	0	306082	42385084	14455279	276503	42385083	4	PAY	\N	\N	70	85760	2	1.1	INCOME
42424368	42424368	101	1	22434925	174	113	103	0	2013-01-15 00:00:00	150	0	0	0	6879	42424368	15463330	5727	22434925	22	PAY	\N	\N	551	328988	1	150	INCOME
42474063	42474063	101	1	21903722	174	113	103	0	2012-11-21 00:00:00	15	0	0	0	6879	42474063	14932529	5727	21903722	43	PAY	\N	\N	551	8008	1	15	INCOME
42578130	42578130	101	1	22895424	174	113	103	0	2013-03-15 00:00:00	7810	0	0	0	48214	42578130	15923467	2221	22895424	32	PAY	\N	\N	544	420304440	1	7810	INCOME
42578131	42578131	101	1	22906183	174	113	103	0	2013-03-15 00:00:00	195	0	0	0	48214	42578131	15934219	2221	22906183	32	PAY	\N	\N	544	420304472	1	195	INCOME
42596505	42596505	101	1	22611802	174	113	103	0	2013-02-25 00:00:00	500	0	0	0	251522	42596505	15640062	197168	22611802	22	PAY	\N	\N	551	30322101	1	500	INCOME
42711348	42711348	101	1	22976660	174	113	103	0	2013-04-08 00:00:00	150	0	0	0	6879	42711348	16004651	5727	22976660	7	PAY	\N	\N	530	20129147	1	150	INCOME
42715924	42715924	101	1	22519405	174	113	103	0	2013-02-15 00:00:00	230	0	0	0	6879	42715924	15547741	5727	22519405	22	PAY	\N	\N	551	22014501	1	230	INCOME
42989908	42989908	101	1	23260374	174	113	103	0	2013-06-19 00:00:00	105	0	0	0	6879	42989908	16288150	5727	23260374	22	PAY	\N	\N	551	90061401	1	105	INCOME
43053744	43053744	101	1	23342689	174	113	103	0	2013-07-09 00:00:00	45	0	0	0	48214	43053744	16370414	2221	23342689	32	PAY	\N	\N	544	455399269	1	45	INCOME
43066577	43066577	101	1	23376350	174	113	103	0	2013-07-02 00:00:00	2050	0	0	0	48214	43066577	16404055	2221	23376350	32	PAY	\N	\N	544	453375747	1	2050	INCOME
43083813	43083813	101	1	23519962	174	113	103	0	2013-07-16 00:00:00	145	0	0	0	251522	43083813	16547588	197168	23519962	32	PAY	\N	\N	541	23156	1	145	INCOME
43116139	43116139	101	1	23715324	174	113	103	0	2013-06-18 00:00:00	25	0	0	0	251522	43116139	16742819	197168	23715324	32	PAY	\N	\N	556	201306180386386	1	25	INCOME
43458998	43458998	101	1	24215190	174	113	103	0	2013-10-21 00:00:00	5	0	0	0	6879	43458998	17242301	5727	24215190	22	PAY	\N	\N	551	38799202	1	5	INCOME
43458999	43458999	101	1	24637995	174	113	103	0	2013-10-21 00:00:00	10	0	0	0	6879	43458999	17664763	5727	24637995	22	PAY	\N	\N	551	38799201	1	10	INCOME
43554107	43554107	101	1	25562930	174	113	103	0	2013-12-10 00:00:00	2520	0	0	0	48214	43554107	18588966	2221	25562930	32	PAY	\N	\N	544	501676573	1	2520	INCOME
43582254	43582254	101	1	24977311	174	113	103	0	2014-01-14 00:00:00	7410	0	0	0	48214	43582254	18003826	2221	24977311	32	PAY	\N	\N	544	512343198	1	7410	INCOME
43696621	43696621	101	1	25455661	174	113	103	0	2013-12-31 00:00:00	70	0	0	0	6879	43696621	18481796	5727	25455661	33	PAY	\N	\N	538	231132442232604	1	70	INCOME
43820417	43820417	101	1	25534581	174	113	103	0	2013-12-05 00:00:00	50	0	0	0	251522	43820417	18560640	197168	25534581	32	PAY	\N	\N	541	15116	1	50	INCOME
44081513	44081513	101	1	25064724	174	113	103	0	2014-01-24 00:00:00	440	0	0	0	251522	44081513	18091151	197168	25064724	33	PAY	\N	\N	531	240236029999	1	440	INCOME
44087606	44087606	101	1	25020790	174	113	103	0	2014-02-03 00:00:00	55	0	0	0	6879	44087606	18047266	5727	25020790	33	PAY	\N	\N	538	203084840037262	1	55	INCOME
44087607	44087607	101	1	24903955	174	113	103	0	2014-02-03 00:00:00	185	0	0	0	6879	44087607	17930518	5727	24903955	33	PAY	\N	\N	538	203084911060550	1	185	INCOME
44136332	44136332	101	1	26059951	174	113	103	0	2014-05-15 00:00:00	115	0	0	0	6879	44136332	19085569	5727	26059951	32	PAY	\N	\N	530	2014000017869688	1	115	INCOME
44136336	44136336	101	1	26259114	174	113	103	0	2014-05-15 00:00:00	40	0	0	0	6879	44136336	19284599	5727	26259114	32	PAY	\N	\N	530	2014000017869709	1	40	INCOME
44149403	44149403	101	1	25238644	174	113	103	0	2014-01-16 00:00:00	185	0	0	0	6879	44149403	18264954	5727	25238644	33	PAY	\N	\N	538	116090441695215	1	185	INCOME
44198534	44198534	101	1	24948179	174	113	103	0	2014-02-25 00:00:00	7875	0	0	0	48214	44198534	17974711	2221	24948179	32	PAY	\N	\N	544	526464451	1	7875	INCOME
44235204	44235204	101	1	26680945	174	113	103	0	2014-06-02 00:00:00	765	0	0	0	48214	44235204	19706171	2221	26680945	32	PAY	\N	\N	544	558296109	1	765	INCOME
44371927	44371927	101	1	26044775	174	113	103	0	2014-04-19 00:00:00	340	0	0	0	251522	44371927	19070407	197168	26044775	32	PAY	\N	\N	541	12902	1	340	INCOME
44398479	44398479	101	1	25837602	174	113	103	0	2014-03-17 00:00:00	170	0	0	0	6879	44398479	18863381	5727	25837602	33	PAY	\N	\N	538	317112915936151	1	170	INCOME
44481994	44481994	101	1	27237411	174	113	103	0	2014-07-25 00:00:00	10	0	0	0	6879	44481994	20262264	5727	27237411	32	PAY	\N	\N	530	2014000059835814	1	10	INCOME
44525016	44525016	101	1	26777924	174	113	103	0	2014-06-21 00:00:00	20	0	0	0	251522	44525016	19803104	197168	26777924	32	PAY	\N	\N	528	400159	1	20	INCOME
44705806	44705806	101	1	26715187	174	113	103	0	2014-07-18 00:00:00	25	0	0	0	6879	44705806	19740396	5727	26715187	32	PAY	\N	\N	544	574800884	1	25	INCOME
44757528	44757528	101	1	27056938	174	113	103	0	2014-09-18 00:00:00	30	0	0	0	6879	44757528	20081931	5727	27056938	33	PAY	\N	\N	538	918100142477589	1	30	INCOME
44763880	44763880	101	1	27068043	174	113	103	0	2014-09-18 00:00:00	0.41	0	0	0	6879	44763880	20093027	5727	27068043	33	PAY	\N	\N	538	918100219439242	1	0.41	INCOME
45115236	45115236	101	1	27952493	174	113	103	0	2014-12-01 00:00:00	5	0	0	0	6879	45115236	20976791	5727	27952493	32	PAY	\N	\N	530	2014000185351637	1	5	INCOME
45149432	45149432	101	1	28077379	174	113	103	0	2014-11-20 00:00:00	20	0	0	0	251522	45149432	21101581	197168	28077379	32	PAY	\N	\N	519	12280634	1	20	INCOME
45158412	45158412	101	1	28289135	174	113	103	0	2014-12-16 00:00:00	2245	0	0	0	48214	45158412	21313215	2221	28289135	32	PAY	\N	\N	544	626493319	1	2245	INCOME
45288648	45288648	101	1	28350953	174	113	103	0	2014-12-18 00:00:00	135	0	0	0	251522	45288648	21375002	197168	28350953	32	PAY	\N	\N	519	12881076	1	135	INCOME
45330877	45330877	101	1	28775238	174	113	103	0	2015-02-19 00:00:00	10615	0	0	0	48214	45330877	21799055	2221	28775238	32	PAY	\N	\N	544	648541925	1	10615	INCOME
45368645	45368645	101	1	29159287	174	113	103	0	2015-03-23 00:00:00	285	0	0	0	6879	45368645	22182917	5727	29159287	32	PAY	\N	\N	530	2015000139964204	1	285	INCOME
45545113	45545113	101	1	29412473	174	113	103	0	2015-04-27 00:00:00	6995	0	0	0	48214	45545113	22435967	2221	29412473	32	PAY	\N	\N	544	672753121	1	6995	INCOME
45649421	45649421	101	1	28770504	174	113	103	0	2015-01-27 00:00:00	355	0	0	0	6879	45649421	21794326	5727	28770504	32	PAY	\N	\N	530	2015000035497977	1	355	INCOME
45695188	45695188	101	1	28917146	174	113	103	0	2015-03-23 00:00:00	6945	0	0	0	48214	45695188	21940891	2221	28917146	32	PAY	\N	\N	544	660110835	1	6945	INCOME
45779139	45779139	101	1	28970899	174	113	103	0	2015-03-16 00:00:00	495	0	0	0	251522	45779139	21994622	197168	28970899	32	PAY	\N	\N	521	11707926607	1	495	INCOME
45825012	45825012	101	1	29413665	174	113	103	0	2015-04-07 00:00:00	460	0	0	0	251522	45825012	22437159	197168	29413665	32	PAY	\N	\N	521	11872257821	1	460	INCOME
45927793	45927793	101	1	29843782	174	113	103	0	2015-06-15 00:00:00	68.2	0	0	0	6879	45927793	22867072	5727	29843782	32	PAY	\N	\N	530	2015000316148563	1	68.2	INCOME
46078816	46078816	101	1	30248737	174	113	103	0	2015-06-25 00:00:00	15	0	0	0	6879	46078816	23271817	5727	30248737	32	PAY	\N	\N	544	694610075	1	15	INCOME
46454345	46454345	101	1	31078567	174	113	103	0	2015-09-28 00:00:00	10	0	0	0	251522	46454345	24101103	197168	31078567	32	PAY	\N	\N	521	13103889578	1	10	INCOME
46584583	46584583	101	1	29649291	174	113	103	0	2015-10-13 00:00:00	7550	0	0	0	48214	46584583	22672687	2221	29649291	32	PAY	\N	\N	544	738445862	1	7550	INCOME
46635005	46635005	101	1	31225959	174	113	103	0	2015-12-01 00:00:00	5	0	0	0	6879	46635005	24248404	5727	31225959	32	PAY	\N	\N	530	2015000708707852	1	5	INCOME
46635006	46635006	101	1	31515119	174	113	103	0	2015-12-01 00:00:00	90	0	0	0	6879	46635006	24537293	5727	31515119	32	PAY	\N	\N	530	2015000708708870	1	90	INCOME
46649849	46649849	101	1	31635320	174	113	103	0	2015-12-15 00:00:00	1845	0	0	0	48214	46649849	24657415	2221	31635320	32	PAY	\N	\N	544	766632079	1	1845	INCOME
46682254	46682254	101	1	31319919	174	113	103	0	2015-11-19 00:00:00	15	0	0	0	251522	46682254	24342297	197168	31319919	32	PAY	\N	\N	521	13486338616	1	15	INCOME
46739567	46739567	101	1	31518726	174	113	103	0	2015-12-17 00:00:00	150	0	0	0	251522	46739567	24540900	197168	31518726	32	PAY	\N	\N	521	13697442747	1	150	INCOME
46746518	46746518	101	1	31933947	174	113	103	0	2016-01-03 00:00:00	230	0	0	0	6879	46746518	24955845	5727	31933947	32	PAY	\N	\N	530	2016000004708701	1	230	INCOME
46931988	46931988	101	1	32534317	174	113	103	0	2016-02-25 00:00:00	280	0	0	0	6879	46931988	25555845	5727	32534317	32	PAY	\N	\N	544	797113260	1	280	INCOME
46935987	46935987	101	1	32178434	174	113	103	0	2016-02-15 00:00:00	9050	0	0	0	48214	46935987	25200183	2221	32178434	32	PAY	\N	\N	544	791895126	1	9050	INCOME
46978767	46978767	101	1	31810648	174	113	103	0	2016-02-18 00:00:00	40	0	0	0	251522	46978767	24832625	197168	31810648	32	PAY	\N	\N	540	21141644	1	40	INCOME
46994896	46994896	101	1	32276365	174	113	103	0	2016-02-18 00:00:00	520	0	0	0	251522	46994896	25298027	197168	32276365	32	PAY	\N	\N	540	21490147	1	520	INCOME
47032753	47032753	101	1	32195157	174	113	103	0	2016-02-24 00:00:00	95	0	0	0	48214	47032753	25216880	2221	32195157	32	PAY	\N	\N	544	796632306	1	95	INCOME
47148436	47148436	101	1	32162037	174	113	103	0	2016-02-23 00:00:00	1325	0	0	0	48214	47148436	25183813	2221	32162037	32	PAY	\N	\N	544	795906764	1	1325	INCOME
47152985	47152985	101	1	31975263	174	113	103	0	2016-01-21 00:00:00	5615	0	0	0	48214	47152985	24997146	2221	31975263	32	PAY	\N	\N	544	781861917	1	5615	INCOME
47167686	47167686	101	1	33137949	174	113	103	0	2016-04-26 00:00:00	65	0	0	0	6879	47167686	26159209	5727	33137949	32	PAY	\N	\N	544	821770346	1	65	INCOME
47187175	47187175	101	1	32835328	174	113	103	0	2016-04-18 00:00:00	4475	0	0	0	48214	47187175	25856716	2221	32835328	32	PAY	\N	\N	544	818217159	1	4475	INCOME
47378508	47378508	101	1	32966836	174	113	103	0	2016-03-25 00:00:00	165	0	0	0	6879	47378508	25988168	5727	32966836	32	PAY	\N	\N	544	809502583	1	165	INCOME
47516805	47516805	101	1	33124498	174	113	103	0	2016-06-19 00:00:00	275	0	0	0	251522	47516805	26145760	197168	33124498	32	PAY	\N	\N	528	419145	1	275	INCOME
47682618	47682618	101	1	33441914	174	113	103	0	2016-06-17 00:00:00	40	0	0	0	6879	47682618	26463037	5727	33441914	32	PAY	\N	\N	530	2016000468190398	1	40	INCOME
47685189	47685189	101	1	33167118	174	113	103	0	2016-05-13 00:00:00	3475	0	0	0	48214	47685189	26188367	2221	33167118	32	PAY	\N	\N	519	609814	1	3475	INCOME
47737011	47737011	101	1	10794377	32	113	103	0	2006-12-06 00:00:00	65	0	0	0	6879	47737011	3872253	5727	10794377	4	PAY	\N	\N	13	3146	1	65	INCOME
47856725	47856725	101	1	18914981	32	113	103	0	2011-10-20 00:00:00	10	0	0	0	306082	47856725	11946825	276503	18914981	4	PAY	\N	\N	80	13455	1	10	INCOME
47900036	47900036	101	1	21096102	32	113	103	0	2013-01-16 00:00:00	25	0	0	0	306082	47900036	14125715	276503	21096102	4	PAY	\N	\N	70	85755	1	27.54	INCOME
1350000202	47900036	101	1	47900035	32	113	103	0	2013-01-16 00:00:00	2.54	0	0	0	306082	47900036	14125715	276503	47900035	4	PAY	\N	\N	70	85755	2	27.54	INCOME
48069293	48069293	101	1	8284140	32	113	103	0	2004-10-06 00:00:00	12.63	0	0	0	6879	48069293	1372203	5727	8284140	4	PAY	\N	\N	9	9434	1	12.63	INCOME
48165458	48165458	101	1	14852598	174	113	103	0	2009-10-02 00:00:00	25	0	0	0	251522	48165458	7898599	197168	14852598	7	PAY	\N	\N	544	291500700303	1	25	INCOME
48179931	48179931	101	1	15683689	32	113	103	0	2010-03-24 00:00:00	395	0	0	0	251522	48179931	8724588	197168	15683689	4	PAY	\N	\N	74	23250	1	395	INCOME
48230664	48230664	101	1	19416969	32	113	103	0	2011-11-28 00:00:00	110	0	0	0	306082	48230664	12448286	276503	19416969	4	PAY	\N	\N	22	62812	1	110	INCOME
48237954	48237954	101	1	19901375	32	113	103	0	2012-02-08 00:00:00	1840	0	0	0	48214	48237954	12932039	2221	19901375	4	PAY	\N	\N	22	69877	1	1840	INCOME
48357301	48357301	101	1	27537193	174	113	103	0	2014-11-20 00:00:00	15	0	0	0	251522	48357301	20561806	197168	27537193	32	PAY	\N	\N	519	12280632	1	15	INCOME
48540228	48540228	101	1	15101112	32	113	103	0	2009-11-16 00:00:00	1160	0	0	0	48214	48540228	8144864	2221	15101112	4	PAY	\N	\N	32	15752	1	1160	INCOME
48561781	48561781	101	1	16638762	174	113	103	0	2010-09-07 00:00:00	15	0	0	0	251522	48561781	9673615	197168	16638762	33	PAY	\N	\N	531	240236149999	1	15	INCOME
48623211	48623211	101	1	20770139	174	113	103	0	2012-06-18 00:00:00	35	0	0	0	251522	48623211	13800010	197168	20770139	33	PAY	\N	\N	531	222236119999	1	35	INCOME
48670171	48670171	101	1	23658959	174	113	103	0	2013-08-01 00:00:00	45	0	0	0	6879	48670171	16686487	5727	23658959	22	PAY	\N	\N	551	10834801	1	45	INCOME
48834146	48834146	101	1	9765217	32	113	103	0	2006-01-17 00:00:00	4902.76	0	0	0	48214	48834146	2849211	2221	9765217	4	PAY	\N	\N	14	33138	1	4902.76	INCOME
48925859	48925859	101	1	16073291	33	113	103	0	2010-05-25 00:00:00	20	0	0	0	6879	48925859	9112493	5727	16073291	5	PAY	\N	\N	52	3516	1	20	INCOME
49023919	49023919	101	1	21781791	174	113	103	0	2013-01-15 00:00:00	150	0	0	0	251522	49023919	14810695	197168	21781791	33	PAY	\N	\N	531	240236119999	1	150	INCOME
49076691	49076691	101	1	26092650	174	113	103	0	2014-04-24 00:00:00	5600	0	0	0	48214	49076691	19118248	2221	26092650	32	PAY	\N	\N	544	545638371	1	5600	INCOME
49102422	49102422	101	1	28553463	174	113	103	0	2014-12-25 00:00:00	215	0	0	0	6879	49102422	21577391	5727	28553463	32	PAY	\N	\N	544	630275338	1	215	INCOME
49177991	49177991	101	1	8151321	174	113	103	0	2004-12-21 00:00:00	36.49	0	0	0	6879	49177991	1239736	5727	8151321	7	PAY	\N	\N	519	390	1	36.49	INCOME
49199227	49199227	101	1	9451434	32	113	103	0	2005-08-22 00:00:00	15	0	0	0	6879	49199227	2536775	5727	9451434	4	PAY	\N	\N	51	6795	1	15	INCOME
49225792	49225792	101	1	11288757	174	113	103	0	2007-04-16 00:00:00	4215	0	0	0	48214	49225792	4365114	2221	11288757	7	PAY	\N	\N	530	88680026901	1	4215	INCOME
49263278	49263278	101	1	13925387	32	113	103	0	2009-02-10 00:00:00	125	0	0	0	6879	49263278	6976319	5727	13925387	4	PAY	\N	\N	114	27691	1	125	INCOME
49263673	49263673	101	1	13962598	32	113	103	0	2009-02-16 00:00:00	6260.3	0	0	0	48214	49263673	7013422	2221	13962598	4	PAY	\N	\N	21	24700	1	6260	INCOME
49265742	49265742	101	1	13962598	32	113	103	0	2009-03-11 00:00:00	720	0	0	0	48214	49265742	7013422	2221	13962598	4	PAY	\N	\N	22	8831	1	720	INCOME
49285824	49285824	101	1	15333439	174	113	103	0	2010-01-18 00:00:00	235	0	0	0	251522	49285824	8375884	197168	15333439	7	PAY	\N	\N	544	291500101019	1	235	INCOME
49304862	49304862	101	1	16885098	174	113	103	0	2010-10-14 00:00:00	25	0	0	0	251522	49304862	9919545	197168	16885098	7	PAY	\N	\N	544	291500401552	1	25	INCOME
49332052	49332052	101	1	18746477	174	113	103	0	2011-08-16 00:00:00	20	0	0	0	251522	49332052	11778475	197168	18746477	33	PAY	\N	\N	531	240236179999	1	20	INCOME
49352785	49352785	101	1	19835315	33	113	103	0	2012-03-16 00:00:00	5	0	0	0	6879	49352785	12866062	5727	19835315	5	PAY	\N	\N	46	114518	1	5	INCOME
49395260	49395260	101	1	22636570	174	113	103	0	2013-03-13 00:00:00	295	0	0	0	251522	49395260	15664805	197168	22636570	22	PAY	\N	\N	551	2854601	1	295	INCOME
49474215	49474215	101	1	28647701	174	113	103	0	2015-01-12 00:00:00	6065	0	0	0	48214	49474215	21671579	2221	28647701	32	PAY	\N	\N	544	634264759	1	6065	INCOME
49535817	49535817	101	1	32538207	174	113	103	0	2016-03-08 00:00:00	510	0	0	0	251522	49535817	25559732	197168	32538207	32	PAY	\N	\N	521	14319046551	1	510	INCOME
49670530	49670530	101	1	16531261	174	113	103	0	2010-08-25 00:00:00	55	0	0	0	251522	49670530	9566850	197168	16531261	33	PAY	\N	\N	531	240236119999	1	55	INCOME
49684222	49684222	101	1	17423663	33	113	103	0	2011-02-08 00:00:00	100	0	0	0	6879	49684222	10457572	5727	17423663	5	PAY	\N	\N	50	107608	1	100	INCOME
49747798	49747798	101	1	20811205	10	113	103	0	2012-10-18 00:00:00	11.6	0	0	0	306082	49747798	13841039	276503	20811205	6	MAHSUP	27047596	\N	73	38206	1	349.48	INCOME
1350000234	49747798	101	1	49747797	10	113	103	0	2012-10-18 00:00:00	22.5	0	0	0	306082	49747798	13841039	276503	49747797	6	MAHSUP	27047596	\N	73	38206	2	349.48	INCOME
49750244	49750244	101	1	49747797	32	113	103	0	2013-01-16 00:00:00	22.5	0	0	0	306082	49750244	13841039	276503	49747797	4	PAY	\N	\N	70	85754	1	870.13	INCOME
49750246	49750246	101	1	21376976	32	113	103	0	2013-01-16 00:00:00	5	0	0	0	306082	49750246	14406284	276503	21376976	4	PAY	\N	\N	70	85758	1	5.42	INCOME
1350000237	49750246	101	1	49750245	32	113	103	0	2013-01-16 00:00:00	0.42	0	0	0	306082	49750246	14406284	276503	49750245	4	PAY	\N	\N	70	85758	2	5.42	INCOME
49921182	49921182	101	1	8528201	174	113	103	0	2004-06-21 00:00:00	12.23	0	0	0	6879	49921182	1615698	5727	8528201	7	PAY	\N	\N	519	1937	1	12.23	INCOME
49960329	49960329	101	1	11030998	32	113	103	0	2007-02-12 00:00:00	105	0	0	0	6879	49960329	4108114	5727	11030998	4	PAY	\N	\N	33	20322	1	105	INCOME
49962525	49962525	101	1	11159808	174	113	103	0	2007-03-16 00:00:00	4990	0	0	0	48214	49962525	4236558	2221	11159808	7	PAY	\N	\N	517	75	1	4990	INCOME
50164553	50164553	101	1	24646736	174	113	103	0	2013-12-05 00:00:00	20	0	0	0	251522	50164553	17673501	197168	24646736	32	PAY	\N	\N	541	15092	1	20	INCOME
50211452	50211452	101	1	28544306	174	113	103	0	2015-01-19 00:00:00	325	0	0	0	251522	50211452	21568240	197168	28544306	32	PAY	\N	\N	521	11314710049	1	325	INCOME
50233925	50233925	101	1	29848976	174	113	103	0	2015-06-22 00:00:00	130	0	0	0	251522	50233925	22872262	197168	29848976	32	PAY	\N	\N	521	12396542746	1	130	INCOME
50294304	50294304	101	1	9025247	174	113	103	0	2004-01-06 00:00:00	40.52	0	0	0	6879	50294304	2111588	5727	9025247	7	PAY	\N	\N	530	93800497872	1	40.52	INCOME
50400423	50400423	101	1	15876450	33	113	103	0	2010-04-16 00:00:00	280	0	0	0	251522	50400423	8916518	197168	15876450	5	PAY	\N	\N	12	53076	1	280	INCOME
50522704	50522704	101	1	24550658	174	113	103	0	2013-10-11 00:00:00	15	0	0	0	251522	50522704	17577484	197168	24550658	33	PAY	\N	\N	531	240236189999	1	15	INCOME
50780839	50780839	101	1	16448424	32	113	103	0	2010-09-23 00:00:00	15	0	0	0	6879	50780839	9484765	5727	16448424	4	PAY	\N	\N	52	7409	1	15	INCOME
50825199	50825199	101	1	19652037	174	113	103	0	2012-01-20 00:00:00	335	0	0	0	251522	50825199	12683079	197168	19652037	22	PAY	\N	\N	551	398701	1	335	INCOME
50830067	50830067	101	1	20227726	174	113	103	0	2012-03-13 00:00:00	405	0	0	0	251522	50830067	13258024	197168	20227726	22	PAY	\N	\N	551	398217	1	405	INCOME
50962692	50962692	101	1	28667150	174	113	103	0	2015-02-23 00:00:00	580	0	0	0	251522	50962692	21691018	197168	28667150	32	PAY	\N	\N	528	611138	1	580	INCOME
51053992	51053992	101	1	9927634	174	113	103	0	2006-03-10 00:00:00	4612	0	0	0	48214	51053992	3011236	2221	9927634	7	PAY	\N	\N	530	88600726519	1	4612	INCOME
51077577	51077577	101	1	11635452	32	113	103	0	2007-08-10 00:00:00	25	0	0	0	6879	51077577	4709716	5727	11635452	4	PAY	\N	\N	29	19224	1	25	INCOME
51118294	51118294	101	1	14444589	32	113	103	0	2009-05-14 00:00:00	3215	0	0	0	48214	51118294	7493791	2221	14444589	4	PAY	\N	\N	71	2483	1	3215	INCOME
51141327	51141327	101	1	16027508	174	113	103	0	2010-04-28 00:00:00	225	0	0	0	251522	51141327	9066923	197168	16027508	7	PAY	\N	\N	513	941200000000001	1	225	INCOME
51156875	51156875	101	1	17122804	33	113	103	0	2010-12-09 00:00:00	15	0	0	0	6879	51156875	10157005	5727	17122804	5	PAY	\N	\N	13	45026	1	15	INCOME
51404768	51404768	101	1	8732880	174	113	103	0	2003-06-27 00:00:00	14.07	0	0	0	6879	51404768	1820004	5727	8732880	7	PAY	\N	\N	519	17	1	14.07	INCOME
51425899	51425899	101	1	10020543	174	113	103	0	2006-04-11 00:00:00	4245	0	0	0	48214	51425899	3103872	2221	10020543	7	PAY	\N	\N	530	88600739653	1	4245	INCOME
51528373	51528373	101	1	17111116	174	113	103	0	2010-12-22 00:00:00	95	0	0	0	251522	51528373	10145323	197168	17111116	33	PAY	\N	\N	531	240236169999	1	95	INCOME
51628432	51628432	101	1	24002032	174	113	103	0	2013-08-03 00:00:00	20	0	0	0	251522	51628432	17029312	197168	24002032	32	PAY	\N	\N	541	3082	1	20	INCOME
51678945	51678945	101	1	27393939	174	113	103	0	2014-10-09 00:00:00	20	0	0	0	251522	51678945	20418681	197168	27393939	32	PAY	\N	\N	519	11371416	1	20	INCOME
51886029	51886029	101	1	16194265	32	113	103	0	2010-06-21 00:00:00	85	0	0	0	251522	51886029	9232876	197168	16194265	4	PAY	\N	\N	62	14639	1	85	INCOME
51906085	51906085	101	1	17776829	174	113	103	0	2011-03-11 00:00:00	390	0	0	0	251522	51906085	10809737	197168	17776829	33	PAY	\N	\N	531	240236229999	1	390	INCOME
51981356	51981356	101	1	22791024	174	113	103	0	2013-04-02 00:00:00	185	0	0	0	6879	51981356	15819140	5727	22791024	22	PAY	\N	\N	551	20297701	1	185	INCOME
52112258	52112258	101	1	32253721	174	113	103	0	2016-01-26 00:00:00	375	0	0	0	6879	52112258	25275403	5727	32253721	32	PAY	\N	\N	544	784317640	1	375	INCOME
52150259	52150259	101	1	8986869	174	113	103	0	2003-12-05 00:00:00	18.15	0	0	0	6879	52150259	2073318	5727	8986869	7	PAY	\N	\N	521	201	1	18.15	INCOME
52206234	52206234	101	1	12880106	32	113	103	0	2008-05-15 00:00:00	30	0	0	0	6879	52206234	5937405	5727	12880106	4	PAY	\N	\N	20	23973	1	30	INCOME
52223894	52223894	101	1	14120919	32	113	103	0	2009-03-13 00:00:00	120	0	0	0	6879	52223894	7171220	5727	14120919	4	PAY	\N	\N	28	61007	1	120	INCOME
52247749	52247749	101	1	15617697	32	113	103	0	2010-03-08 00:00:00	185	0	0	0	48214	52247749	8658864	2221	15617697	4	PAY	\N	\N	32	30017	1	185	INCOME
52304696	52304696	101	1	19786626	33	113	103	0	2012-01-16 00:00:00	10	0	0	0	6879	52304696	12817482	5727	19786626	5	PAY	\N	\N	46	112568	1	10	INCOME
52329470	52329470	101	1	20841769	174	113	103	0	2012-08-13 00:00:00	10	0	0	0	6879	52329470	13871583	5727	20841769	22	PAY	\N	\N	551	709833	1	10	INCOME
52342313	52342313	101	1	22032972	174	113	103	0	2012-11-21 00:00:00	20	0	0	0	6879	52342313	15061686	5727	22032972	43	PAY	\N	\N	551	8005	1	20	INCOME
52622674	52622674	101	1	16115627	32	113	103	0	2010-05-17 00:00:00	2750	0	0	0	48214	52622674	9154635	2221	16115627	4	PAY	\N	\N	6	49054	1	2750	INCOME
52670293	52670293	101	1	19444984	174	113	103	0	2011-12-02 00:00:00	280	0	0	0	251522	52670293	12476283	197168	19444984	33	PAY	\N	\N	531	240236199999	1	280	INCOME
52688995	52688995	101	1	20297944	174	113	103	0	2012-06-01 00:00:00	40	0	0	0	6879	52688995	13328179	5727	20297944	22	PAY	\N	\N	551	270783	1	40	INCOME
52728676	52728676	101	1	23407379	174	113	103	0	2013-05-24 00:00:00	275	0	0	0	251522	52728676	16435067	197168	23407379	33	PAY	\N	\N	531	240236149999	1	275	INCOME
53016314	53016314	101	1	17700662	33	113	103	0	2011-03-16 00:00:00	100	0	0	0	6879	53016314	10733848	5727	17700662	5	PAY	\N	\N	32	32837	1	100	INCOME
53044576	53044576	101	1	19494718	33	113	103	0	2012-01-16 00:00:00	40	0	0	0	6879	53044576	12525933	5727	19494718	5	PAY	\N	\N	46	112568	1	40	INCOME
53107481	53107481	101	1	23691690	174	113	103	0	2013-08-01 00:00:00	10	0	0	0	6879	53107481	16719200	5727	23691690	22	PAY	\N	\N	551	86898602	1	10	INCOME
53139052	53139052	101	1	25853331	174	113	103	0	2014-03-20 00:00:00	380	0	0	0	251522	53139052	18879101	197168	25853331	32	PAY	\N	\N	541	293	1	380	INCOME
53239954	53239954	101	1	33677718	174	113	103	0	2016-06-19 00:00:00	10	0	0	0	251522	53239954	26698721	197168	33677718	32	PAY	\N	\N	528	419165	1	10	INCOME
53364795	53364795	101	1	16289376	32	113	103	0	2010-06-08 00:00:00	15	0	0	0	48214	53364795	9327298	2221	16289376	4	PAY	\N	\N	6	52722	1	15	INCOME
53449605	53449605	101	1	21457177	32	113	103	0	2013-01-16 00:00:00	45	0	0	0	306082	53449605	14486397	276503	21457177	4	PAY	\N	\N	70	85759	1	48.27	INCOME
1350000283	53449605	101	1	53449604	32	113	103	0	2013-01-16 00:00:00	3.27	0	0	0	306082	53449605	14486397	276503	53449604	4	PAY	\N	\N	70	85759	2	48.27	INCOME
53491025	53491025	101	1	25160450	174	113	103	0	2013-12-30 00:00:00	340	0	0	0	251522	53491025	18186808	197168	25160450	32	PAY	\N	\N	541	21769	1	340	INCOME
53675295	53675295	101	1	12045453	32	113	103	0	2007-12-17 00:00:00	5225	0	0	0	48214	53675295	5116399	2221	12045453	4	PAY	\N	\N	50	59114	1	5225	INCOME
53938314	53938314	101	1	30925526	174	113	103	0	2015-09-01 00:00:00	5	0	0	0	6879	53938314	23948169	5727	30925526	32	PAY	\N	\N	538	201509010000069	1	5	INCOME
54083000	54083000	101	1	14698308	174	113	103	0	2009-08-14 00:00:00	30	0	0	0	251522	54083000	7745970	197168	14698308	7	PAY	\N	\N	544	291500701720	1	30	INCOME
54089566	54089566	101	1	15245869	32	113	103	0	2009-12-07 00:00:00	30	0	0	0	6879	54089566	8288720	5727	15245869	4	PAY	\N	\N	22	32215	1	30	INCOME
54141188	54141188	101	1	18752011	174	113	103	0	2011-08-23 00:00:00	6.66	0	0	0	6879	54141188	11784005	5727	18752011	43	PAY	\N	\N	551	774294	1	6.66	INCOME
54309304	54309304	101	1	30257868	174	113	103	0	2015-07-27 00:00:00	20	0	0	0	251522	54309304	23280943	197168	30257868	32	PAY	\N	\N	521	12649235499	1	20	INCOME
54409883	54409883	101	1	11763839	174	113	103	0	2007-10-09 00:00:00	25	0	0	0	6879	54409883	4836772	5727	11763839	7	PAY	\N	\N	521	200710006982618	1	25	INCOME
54415278	54415278	101	1	12184090	32	113	103	0	2008-01-15 00:00:00	7615	0	0	0	48214	54415278	5254498	2221	12184090	4	PAY	\N	\N	23	11363	1	7615	INCOME
54421730	54421730	101	1	12744437	32	113	103	0	2008-04-15 00:00:00	3740	0	0	0	48214	54421730	5802265	2221	12744437	4	PAY	\N	\N	22	32068	1	3740	INCOME
54474468	54474468	101	1	16354161	32	113	103	0	2010-06-21 00:00:00	25	0	0	0	251522	54474468	9391529	197168	16354161	4	PAY	\N	\N	62	14639	1	25	INCOME
54502917	54502917	101	1	17867535	174	113	103	0	2011-06-14 00:00:00	105	0	0	0	6879	54502917	10900383	5727	17867535	22	PAY	\N	\N	551	85123	1	105	INCOME
54571511	54571511	101	1	22378062	174	113	103	0	2013-02-18 00:00:00	11065	0	0	0	48214	54571511	15406507	2221	22378062	32	PAY	\N	\N	544	412510683	1	11065	INCOME
54693471	54693471	101	1	31997813	174	113	103	0	2015-12-17 00:00:00	265	0	0	0	251522	54693471	25019685	197168	31997813	32	PAY	\N	\N	521	13697446477	1	265	INCOME
54804335	54804335	101	1	13617790	174	113	103	0	2008-12-15 00:00:00	60	0	0	0	6879	54804335	6669711	5727	13617790	7	PAY	\N	\N	519	208285	1	60	INCOME
54865525	54865525	101	1	17887155	32	113	103	0	2011-03-31 00:00:00	595	0	0	0	48214	54865525	10919980	2221	17887155	4	PAY	\N	\N	21	48459	1	595	INCOME
54887741	54887741	101	1	19466120	33	113	103	0	2011-12-06 00:00:00	5	0	0	0	6879	54887741	12497395	5727	19466120	5	PAY	\N	\N	46	111193	1	5	INCOME
54955088	54955088	101	1	23973811	174	113	103	0	2013-08-01 00:00:00	10	0	0	0	6879	54955088	17001106	5727	23973811	22	PAY	\N	\N	551	86898601	1	10	INCOME
54959127	54959127	101	1	24347929	174	113	103	0	2013-09-16 00:00:00	25	0	0	0	251522	54959127	17374918	197168	24347929	33	PAY	\N	\N	531	240236029999	1	25	INCOME
55097222	55097222	101	1	10412105	32	113	103	0	2003-04-11 00:00:00	114	0	0	0	48214	55097222	3493563	2221	10412105	4	PAY	\N	\N	7	1998	1	118.39	INCOME
1350000304	55097222	101	1	55097221	32	113	103	0	2003-04-11 00:00:00	4.39	0	0	0	48214	55097222	3493563	2221	55097221	4	PAY	\N	\N	7	1998	2	118.39	INCOME
55097847	55097847	101	1	10412105	32	113	103	0	2003-03-28 00:00:00	8406.95	0	0	0	48214	55097847	3493563	2221	10412105	4	PAY	\N	\N	7	1754	1	8406.95	INCOME
55209647	55209647	101	1	15910125	33	113	103	0	2010-05-25 00:00:00	95	0	0	0	6879	55209647	8950023	5727	15910125	5	PAY	\N	\N	52	3515	1	95	INCOME
55249643	55249643	101	1	18180954	33	113	103	0	2011-09-23 00:00:00	290	0	0	0	251522	55249643	11213460	197168	18180954	5	PAY	\N	\N	6	105019	1	290	INCOME
55293543	55293543	101	1	22067463	174	113	103	0	2012-12-21 00:00:00	5665	0	0	0	48214	55293543	15096154	2221	22067463	32	PAY	\N	\N	544	396994671	1	5665	INCOME
55415851	55415851	101	1	30318369	174	113	103	0	2015-07-27 00:00:00	20	0	0	0	251522	55415851	23341407	197168	30318369	32	PAY	\N	\N	521	12649245027	1	20	INCOME
55480535	55480535	101	1	9323798	32	113	103	0	2005-05-09 00:00:00	18	0	0	0	6879	55480535	2409582	5727	9323798	4	PAY	\N	\N	39	4266	1	18	INCOME
55500519	55500519	101	1	10690396	174	113	103	0	2006-11-10 00:00:00	1075	0	0	0	48214	55500519	3768757	2221	10690396	7	PAY	\N	\N	530	88670015761	1	1075	INCOME
55574352	55574352	101	1	15772737	32	113	103	0	2010-03-22 00:00:00	200	0	0	0	48214	55574352	8813273	2221	15772737	4	PAY	\N	\N	69	30312	1	200	INCOME
55676042	55676042	101	1	22792172	174	113	103	0	2013-04-15 00:00:00	4410	0	0	0	48214	55676042	15820288	2221	22792172	32	PAY	\N	\N	544	429048257	1	4410	INCOME
55686259	55686259	101	1	23117937	174	113	103	0	2013-05-09 00:00:00	3495	0	0	0	48214	55686259	16145835	2221	23117937	32	PAY	\N	\N	544	436404819	1	3495	INCOME
55854139	55854139	101	1	9649328	32	113	103	0	2005-11-15 00:00:00	47	0	0	0	6879	55854139	2733497	5727	9649328	4	PAY	\N	\N	19	54775	1	47	INCOME
55874499	55874499	101	1	11045313	174	113	103	0	2007-02-13 00:00:00	6300	0	0	0	48214	55874499	4122385	2221	11045313	7	PAY	\N	\N	530	88680008368	1	6300	INCOME
55876268	55876268	101	1	11149661	174	113	103	0	2007-03-13 00:00:00	95	0	0	0	6879	55876268	4226437	5727	11149661	7	PAY	\N	\N	538	9990000000000	1	95	INCOME
55967522	55967522	101	1	17323170	32	113	103	0	2011-02-09 00:00:00	625	0	0	0	48214	55967522	10357178	2221	17323170	4	PAY	\N	\N	70	56895	1	625	INCOME
56043876	56043876	101	1	23181654	174	113	103	0	2013-04-08 00:00:00	320	0	0	0	251522	56043876	16209510	197168	23181654	33	PAY	\N	\N	531	240236009999	1	320	INCOME
56054843	56054843	101	1	24069375	174	113	103	0	2013-07-09 00:00:00	50	0	0	0	48214	56054843	17096601	2221	24069375	32	PAY	\N	\N	544	455399298	1	50	INCOME
56101083	56101083	101	1	26580179	174	113	103	0	2014-06-21 00:00:00	105	0	0	0	251522	56101083	19605461	197168	26580179	32	PAY	\N	\N	528	403052	1	105	INCOME
56197748	56197748	101	1	33803538	174	113	103	0	2016-06-24 00:00:00	10	0	0	0	6879	56197748	26824472	5727	33803538	32	PAY	\N	\N	544	846786285	1	10	INCOME
56212607	56212607	101	1	8882864	174	113	103	0	2003-08-29 00:00:00	3.36	0	0	0	6879	56212607	1969544	5727	8882864	7	PAY	\N	\N	521	59	1	3.36	INCOME
56270286	56270286	101	1	12910631	32	113	103	0	2008-05-20 00:00:00	765	0	0	0	48214	56270286	5967790	2221	12910631	4	PAY	\N	\N	32	12666	1	765	INCOME
56283705	56283705	101	1	13817055	32	113	103	0	2009-01-19 00:00:00	11543.68	0	0	0	48214	56283705	6868336	2221	13817055	4	PAY	\N	\N	21	23804	1	11540	INCOME
56286425	56286425	101	1	13817055	32	113	103	0	2009-02-17 00:00:00	710	0	0	0	48214	56286425	6868336	2221	13817055	4	PAY	\N	\N	16	12560	1	710	INCOME
56360103	56360103	101	1	19131774	32	113	103	0	2011-10-20 00:00:00	10	0	0	0	306082	56360103	12163427	276503	19131774	4	PAY	\N	\N	80	13455	1	10	INCOME
56471640	56471640	101	1	26911014	174	113	103	0	2014-06-23 00:00:00	55	0	0	0	48214	56471640	19936112	2221	26911014	32	PAY	\N	\N	544	565515147	1	55	INCOME
56580993	56580993	101	1	8633481	174	113	103	0	2004-04-19 00:00:00	2917.47	0	0	0	48214	56580993	1720780	2221	8633481	7	PAY	\N	\N	521	200404006137975	1	2917.47	INCOME
56600066	56600066	101	1	9961367	32	113	103	0	2006-03-16 00:00:00	80	0	0	0	6879	56600066	3044862	5727	9961367	4	PAY	\N	\N	27	30701	1	80	INCOME
56678127	56678127	101	1	15413939	33	113	103	0	2010-01-19 00:00:00	80	0	0	0	6879	56678127	8456003	5727	15413939	5	PAY	\N	\N	35	16294	1	80	INCOME
56773538	56773538	101	1	21192486	32	113	103	0	2013-01-16 00:00:00	25	0	0	0	306082	56773538	14222014	276503	21192486	4	PAY	\N	\N	70	85756	1	27.12	INCOME
1350000333	56773538	101	1	56773537	32	113	103	0	2013-01-16 00:00:00	2.12	0	0	0	306082	56773538	14222014	276503	56773537	4	PAY	\N	\N	70	85756	2	27.12	INCOME
56847809	56847809	101	1	27525456	174	113	103	0	2014-09-18 00:00:00	10	0	0	0	6879	56847809	20550076	5727	27525456	33	PAY	\N	\N	538	918100302676069	1	10	INCOME
56906246	56906246	101	1	31080428	174	113	103	0	2015-12-01 00:00:00	5	0	0	0	6879	56906246	24102963	5727	31080428	32	PAY	\N	\N	530	2015000708707490	1	5	INCOME
56964605	56964605	101	1	10452236	32	113	103	0	2005-12-09 00:00:00	0.54	0	0	0	48214	56964605	3533591	2221	10452236	4	PAY	\N	\N	7	13586	1	0.54	INCOME
56979416	56979416	101	1	10726312	32	113	103	0	2006-11-15 00:00:00	40	0	0	0	6879	56979416	3804440	5727	10726312	4	PAY	\N	\N	63	21725	1	40	INCOME
57004024	57004024	101	1	12471001	32	113	103	0	2008-03-17 00:00:00	5785	0	0	0	48214	57004024	5529278	2221	12471001	4	PAY	\N	\N	32	9560	1	5785	INCOME
57236562	57236562	101	1	29707101	174	113	103	0	2015-04-21 00:00:00	265	0	0	0	6879	57236562	22730474	5727	29707101	32	PAY	\N	\N	530	2015000207682735	1	265	INCOME
57261429	57261429	101	1	30306401	174	113	103	0	2015-09-01 00:00:00	10	0	0	0	6879	57261429	23329443	5727	30306401	32	PAY	\N	\N	538	201509010000067	1	10	INCOME
57326627	57326627	101	1	9232517	174	113	103	0	2005-04-12 00:00:00	3510	0	0	0	48214	57326627	2318464	2221	9232517	7	PAY	\N	\N	530	88600631626	1	3510	INCOME
57396492	57396492	101	1	14114902	32	113	103	0	2009-03-16 00:00:00	6727.36	0	0	0	48214	57396492	7165222	2221	14114902	4	PAY	\N	\N	21	25653	1	6725	INCOME
57398188	57398188	101	1	14114902	32	113	103	0	2009-04-08 00:00:00	1190	0	0	0	48214	57398188	7165222	2221	14114902	4	PAY	\N	\N	118	3076	1	1190	INCOME
57449061	57449061	101	1	17709010	174	113	103	0	2011-03-12 00:00:00	285	0	0	0	251522	57449061	10742132	197168	17709010	33	PAY	\N	\N	540	0	1	285	INCOME
57502461	57502461	101	1	21077498	174	113	103	0	2012-07-25 00:00:00	20	0	0	0	251522	57502461	14107128	197168	21077498	22	PAY	\N	\N	551	572250	1	20	INCOME
57584460	57584460	101	1	26830212	174	113	103	0	2014-07-18 00:00:00	10	0	0	0	6879	57584460	19855362	5727	26830212	32	PAY	\N	\N	544	574800891	1	10	INCOME
57669008	57669008	101	1	32926055	174	113	103	0	2016-04-08 00:00:00	355	0	0	0	251522	57669008	25947411	197168	32926055	32	PAY	\N	\N	540	22270879	1	355	INCOME
57688500	57688500	101	1	10418014	174	113	103	0	2004-04-28 00:00:00	30.21	0	0	0	6879	57688500	3499463	5727	10418014	7	PAY	\N	\N	531	33019003597	1	30.21	INCOME
57701722	57701722	101	1	9575787	32	113	103	0	2005-10-17 00:00:00	16	0	0	0	6879	57701722	2660127	5727	9575787	4	PAY	\N	\N	49	16140	1	16	INCOME
57734831	57734831	101	1	11895030	174	113	103	0	2007-11-12 00:00:00	15	0	0	0	6879	57734831	4966871	5727	11895030	7	PAY	\N	\N	538	9990000000000	1	15	INCOME
57882014	57882014	101	1	21066010	32	113	103	0	2013-01-16 00:00:00	15	0	0	0	306082	57882014	14095653	276503	21066010	4	PAY	\N	\N	70	85757	1	16.27	INCOME
1350000352	57882014	101	1	57882013	32	113	103	0	2013-01-16 00:00:00	1.27	0	0	0	306082	57882014	14095653	276503	57882013	4	PAY	\N	\N	70	85757	2	16.27	INCOME
58008942	58008942	101	1	30926441	174	113	103	0	2015-09-28 00:00:00	15	0	0	0	251522	58008942	23949084	197168	30926441	32	PAY	\N	\N	521	13103868512	1	15	INCOME
58063598	58063598	101	1	9069351	174	113	103	0	2005-01-24 00:00:00	74	0	0	0	6879	58063598	2155593	5727	9069351	7	PAY	\N	\N	519	1602	1	74	INCOME
58089070	58089070	101	1	10812525	174	113	103	0	2006-12-15 00:00:00	5625	0	0	0	48214	58089070	3890322	2221	10812525	7	PAY	\N	\N	530	88670026524	1	5625	INCOME
58146468	58146468	101	1	14583330	33	113	103	0	2009-10-01 00:00:00	35	0	0	0	6879	58146468	7631703	5727	14583330	5	PAY	\N	\N	35	14529	1	35	INCOME
58196063	58196063	101	1	18380133	174	113	103	0	2011-06-16 00:00:00	115	0	0	0	251522	58196063	11412464	197168	18380133	33	PAY	\N	\N	540	0	1	115	INCOME
58360701	58360701	101	1	29684250	174	113	103	0	2015-05-26 00:00:00	375	0	0	0	251522	58360701	22707632	197168	29684250	32	PAY	\N	\N	521	12204406865	1	375	INCOME
58521041	58521041	101	1	15193520	174	113	103	0	2009-12-07 00:00:00	110	0	0	0	251522	58521041	8236673	197168	15193520	7	PAY	\N	\N	544	291500700857	1	110	INCOME
58542038	58542038	101	1	16630400	32	113	103	0	2010-09-23 00:00:00	5	0	0	0	6879	58542038	9665277	5727	16630400	4	PAY	\N	\N	52	7409	1	5	INCOME
58680365	58680365	101	1	25826250	174	113	103	0	2014-03-13 00:00:00	6505	0	0	0	48214	58680365	18852040	2221	25826250	32	PAY	\N	\N	544	532282368	1	6505	INCOME
58944343	58944343	101	1	18849256	174	113	103	0	2011-09-23 00:00:00	15	0	0	0	251522	58944343	11881154	197168	18849256	22	PAY	\N	\N	551	185671	1	15	INCOME
58958224	58958224	101	1	19970087	174	113	103	0	2012-02-14 00:00:00	425	0	0	0	251522	58958224	13000681	197168	19970087	22	PAY	\N	\N	551	201169	1	425	INCOME
59040883	59040883	101	1	26245248	174	113	103	0	2014-05-20 00:00:00	3580	0	0	0	48214	59040883	19270737	2221	26245248	32	PAY	\N	\N	544	553683297	1	3580	INCOME
59051045	59051045	101	1	26235680	174	113	103	0	2014-04-25 00:00:00	240	0	0	0	251522	59051045	19261180	197168	26235680	32	PAY	\N	\N	541	1932	1	240	INCOME
59075721	59075721	101	1	28371521	174	113	103	0	2014-12-01 00:00:00	60	0	0	0	6879	59075721	21395558	5727	28371521	32	PAY	\N	\N	530	2014000185351725	1	60	INCOME
59159178	59159178	101	1	8329000	174	113	103	0	2004-10-13 00:00:00	6.46	0	0	0	6879	59159178	1416997	5727	8329000	7	PAY	\N	\N	521	200410005126549	1	6.46	INCOME
59175812	59175812	101	1	9305558	174	113	103	0	2005-05-11 00:00:00	1683	0	0	0	48214	59175812	2391375	2221	9305558	7	PAY	\N	\N	530	88600638324	1	1683	INCOME
59187672	59187672	101	1	10048432	174	113	103	0	2006-04-17 00:00:00	64	0	0	0	6879	59187672	3131669	5727	10048432	7	PAY	\N	\N	538	9990000000000	1	64	INCOME
59289313	59289313	101	1	17149298	32	113	103	0	2010-12-20 00:00:00	250	0	0	0	48214	59289313	10183479	2221	17149298	4	PAY	\N	\N	66	29584	1	250	INCOME
59431866	59431866	101	1	27104106	174	113	103	0	2014-07-24 00:00:00	20	0	0	0	251522	59431866	20129070	197168	27104106	32	PAY	\N	\N	519	9947222	1	20	INCOME
59515598	59515598	101	1	32468365	174	113	103	0	2016-03-14 00:00:00	7075	0	0	0	48214	59515598	25489930	2221	32468365	32	PAY	\N	\N	544	803792907	1	7075	INCOME
59538354	59538354	101	1	19701495	32	113	103	2	2011-12-30 00:00:00	90	0	0	0	306082	59538354	12732482	276503	19701495	4	PAY	\N	\N	28	35824	1	90	INCOME
59538355	59538355	101	1	19701495	32	113	103	3	2012-04-05 00:00:00	9.23	0	0	0	306082	59538355	12732482	276503	19701495	4	PAY	\N	\N	22	74613	1	5.81	INCOME
59538356	59538356	101	1	19733171	32	113	103	3	2012-04-05 00:00:00	84.19	0	0	0	306082	59538356	12764076	276503	19733171	4	PAY	\N	\N	22	74613	1	84.19	INCOME
60940043	60940043	101	1	19115898	10	113	103	0	2011-10-11 13:57:26	9.9	0	0	0	251522	60940043	12147565	197168	19115898	6	MAHSUP	27095065	\N	1	893887	1	9.9	INCOME
60940054	60940054	101	1	19444984	10	113	103	0	2011-11-14 10:48:40	5.1	0	0	0	251522	60940054	12476283	197168	19444984	6	MAHSUP	27095065	\N	1	893898	1	5.1	INCOME
60940061	60940061	101	1	19444984	10	113	103	0	2011-11-14 10:48:40	15	0	0	0	251522	60940061	12476283	197168	19444984	6	MAHSUP	11881154	\N	1	893900	1	15	INCOME
62417583	62417583	101	1	19733171	10	113	103	0	2013-01-16 00:00:00	202.77	0	0	0	306082	62417583	12764076	276503	19733171	6	MAHSUP	13841039	\N	1	1133378	1	202.77	INCOME
62417585	62417585	101	1	20133086	10	113	103	0	2013-01-16 00:00:00	385.44	0	0	0	306082	62417585	13163561	276503	20133086	6	MAHSUP	13841039	\N	1	1133380	1	385.44	INCOME
62417587	62417587	101	1	20257454	10	113	103	0	2013-01-16 00:00:00	246.28	0	0	0	306082	62417587	13287732	276503	20257454	6	MAHSUP	13841039	\N	1	1133382	1	246.28	INCOME
62417589	62417589	101	1	20360857	10	113	103	0	2013-01-16 00:00:00	160.86	0	0	0	306082	62417589	13391048	276503	20360857	6	MAHSUP	13841039	\N	1	1133384	1	160.86	INCOME
62417591	62417591	101	1	20622609	10	113	103	0	2013-01-16 00:00:00	98.05	0	0	0	306082	62417591	13652578	276503	20622609	6	MAHSUP	13841039	\N	1	1133386	1	98.05	INCOME
63078818	63078818	101	1	33756749	174	113	103	0	2016-07-29 10:35:20	15	0	0	0	251522	63078818	26777704	197168	33756749	32	PAY	\N	\N	540	1848	1	15	INCOME
63947415	63947415	101	1	63947404	10	113	103	0	2016-08-15 15:53:13	13.51	0	0	0	251522	63947415	27888715	197168	63947404	6	MAHSUP	15640062	63947414	1	264225	1	13.51	INCOME
63947417	63947417	101	1	63947404	10	113	103	0	2016-08-15 15:53:13	0.43	0	0	0	251522	63947417	27888715	197168	63947404	6	MAHSUP	27095066	63947416	1	264226	1	0.43	INCOME
63947419	63947419	101	1	63947404	10	113	103	0	2016-08-15 15:53:13	18.09	0	0	0	251522	63947419	27888715	197168	63947404	6	MAHSUP	27095064	63947418	1	264247	1	14.57	INCOME
63984625	63984625	101	1	63984619	10	113	103	0	2016-08-16 12:15:47	6.54	0	0	0	6879	63984625	27898820	5727	63984619	6	MAHSUP	15547741	63984624	1	271925	1	6.54	INCOME
64197388	64197388	101	1	63984619	174	113	103	0	2016-08-19 14:46:58	9.76	0	0	0	6879	64197388	27898820	5727	63984619	32	PAY	\N	\N	530	218394	1	8.46	INCOME
65190622	65190622	101	1	63947404	174	113	103	0	2016-10-07 09:00:49	6.49	0	0	0	251522	65190622	27888715	197168	63947404	32	PAY	\N	\N	540	581677	1	6.49	INCOME
65190624	65190624	101	1	64818280	174	113	103	0	2016-10-07 09:00:52	15	0	0	0	251522	65190624	28266770	197168	64818280	32	PAY	\N	\N	540	581679	1	15	INCOME
65394386	65394386	101	1	64850019	174	113	103	0	2016-10-14 10:15:28	5	0	0	0	6879	65394386	28281999	5727	64850019	32	PAY	\N	\N	530	655362	1	5	INCOME
65668992	65668992	101	1	33700348	174	113	103	0	2016-10-26 16:18:44	105	0	0	0	48214	65668992	26721339	2221	33700348	32	PAY	\N	\N	519	806790	1	105	INCOME
66047850	66047850	101	1	66047848	10	113	103	0	2016-11-14 14:18:44	248.34	0	0	0	48214	66047850	28904085	2221	66047848	6	MAHSUP	15406507	66047849	1	410703	1	248.34	INCOME
66172289	66172289	101	1	65467491	174	113	103	0	2016-11-17 10:16:18	10	0	0	0	6879	66172289	28612961	5727	65467491	32	PAY	\N	\N	530	982543	1	10	INCOME
66172314	66172314	101	1	66138633	174	113	103	0	2016-11-17 10:16:34	107	0	0	0	6879	66172314	28954125	5727	66138633	32	PAY	\N	\N	530	982561	1	107	INCOME
66302673	66302673	101	1	66047848	174	113	103	0	2016-11-23 12:11:24	2036.66	0	0	0	48214	66302673	28904085	2221	66047848	32	PAY	\N	\N	538	1066053	1	2036.66	INCOME
66713075	66713075	101	1	65444724	174	113	103	0	2016-12-14 10:15:23	10	0	0	0	251522	66713075	28602880	197168	65444724	32	PAY	\N	\N	540	1228396	1	10	INCOME
66997759	66997759	101	1	876268	174	113	103	0	2016-12-28 11:48:16	77.88	0	0	0	6879	66997759	1075043	5727	876268	32	PAY	\N	\N	544	1398389	1	77.88	INCOME
66997760	66997760	101	1	66812877	174	113	103	0	2016-12-28 11:48:21	197	0	0	0	6879	66997760	29297436	5727	66812877	32	PAY	\N	\N	544	1398390	1	197	INCOME
67587969	67587969	101	1	67283928	174	113	103	0	2017-01-25 11:45:28	214.17	0	0	0	6879	67587969	29530514	5727	67283928	32	PAY	\N	\N	544	1650883	1	214.17	INCOME
67832779	67832779	101	1	66710690	174	113	103	0	2017-02-09 16:14:50	7227	0	0	0	48214	67832779	29242627	2221	66710690	32	PAY	\N	\N	519	1743126	1	7227	INCOME
67902965	67902965	101	1	67902943	33	113	103	0	2017-02-13 11:45:34	60	0	0	0	1026884	67902965	29852841	556305	67902943	5	PAY	\N	\N	51	210	1	60	INCOME
68177803	68177803	101	1	67384158	174	113	103	0	2017-02-22 14:43:20	10794	0	0	0	48214	68177803	29590874	2221	67384158	32	PAY	\N	\N	538	1906185	1	10794	INCOME
68251430	68251430	101	1	67976736	174	113	103	0	2017-03-01 00:23:44	275	0	0	0	6879	68251430	29891924	5727	67976736	32	PAY	\N	\N	530	1966496	1	275	INCOME
68364343	68364343	101	1	66128022	174	113	103	0	2017-03-06 12:05:30	225	0	0	0	251522	68364343	28946703	197168	66128022	32	PAY	\N	\N	540	1990936	1	225	INCOME
68698921	68698921	101	1	67421689	174	113	103	0	2017-03-16 14:01:07	615	0	0	0	251522	68698921	29608494	197168	67421689	32	PAY	\N	\N	540	2120416	1	615	INCOME
68698922	68698922	101	1	66772613	174	113	103	0	2017-03-16 14:01:08	389	0	0	0	251522	68698922	29277372	197168	66772613	32	PAY	\N	\N	540	2120417	1	389	INCOME
68876372	68876372	101	1	68719168	174	113	103	0	2017-03-26 13:19:23	7	0	0	0	1026884	68876372	30293083	556305	68719168	32	PAY	\N	\N	535	2239797	1	7	INCOME
68894355	68894355	101	1	67993065	174	113	103	0	2017-03-29 08:55:18	466	0	0	0	251522	68894355	29900002	197168	67993065	32	PAY	\N	\N	540	2253575	1	466	INCOME
68908636	68908636	101	1	68716415	174	113	103	0	2017-04-01 00:19:50	246	0	0	0	6879	68908636	30291055	5727	68716415	32	PAY	\N	\N	530	2262616	1	246	INCOME
69196767	69196767	101	1	68180301	174	113	103	0	2017-04-12 14:53:39	369	0	0	0	48214	69196767	29988639	2221	68180301	32	PAY	\N	\N	525	2348090	1	369	INCOME
69504729	69504729	101	1	69345062	174	113	103	0	2017-04-24 16:14:35	63	0	0	0	1026884	69504729	30618678	556305	69345062	32	PAY	\N	\N	535	2502973	1	63	INCOME
69523178	69523178	101	1	67954147	174	113	103	0	2017-04-25 14:31:17	8999	0	0	0	48214	69523178	29879435	2221	67954147	32	PAY	\N	\N	538	2518909	1	8999	INCOME
69704255	69704255	101	1	68668694	174	113	103	0	2017-05-08 10:23:59	358	0	0	0	251522	69704255	30263078	197168	68668694	32	PAY	\N	\N	528	2578332	1	358	INCOME
69725444	69725444	101	1	69297657	174	113	103	0	2017-05-08 16:57:39	374	0	0	0	251522	69725444	30592502	197168	69297657	32	PAY	\N	\N	528	2585084	1	374	INCOME
70202099	70202099	101	1	68156323	174	113	103	0	2017-05-29 10:19:38	2150	0	0	0	48214	70202099	29987070	2221	68156323	32	PAY	\N	\N	539	2825512	1	2150	INCOME
70213193	70213193	101	1	69920480	174	113	103	0	2017-05-30 11:40:37	1630	0	0	0	48214	70213193	30907478	2221	69920480	32	PAY	\N	\N	539	2833074	1	1630	INCOME
70218981	70218981	101	1	70137062	174	113	103	0	2017-05-30 18:45:47	36	0	0	0	48214	70218981	31001022	2221	70137062	16	PAY	\N	\N	539	2836893	1	36	INCOME
70232754	70232754	101	1	69351575	174	113	103	0	2017-06-01 10:58:08	137	0	0	0	6879	70232754	30622827	5727	69351575	32	PAY	\N	\N	530	2843652	1	137	INCOME
70458564	70458564	101	1	68618148	174	113	103	0	2017-06-09 15:50:37	3523	0	0	0	48214	70458564	30235198	2221	68618148	32	PAY	\N	\N	519	2901849	1	3523	INCOME
70472680	70472680	101	1	70029379	174	113	103	0	2017-06-09 19:10:20	41	0	0	0	1026884	70472680	30967578	556305	70029379	32	PAY	\N	\N	535	2905081	1	41	INCOME
70854592	70854592	101	1	70602777	174	113	103	0	2017-06-28 19:26:54	264	0	0	0	48214	70854592	31260728	2221	70602777	16	PAY	\N	\N	539	3106386	1	264	INCOME
71086596	71086596	101	1	70689015	174	113	103	0	2017-07-10 13:00:45	34	0	0	0	1026884	71086596	31311027	556305	70689015	32	PAY	\N	\N	535	3172338	1	34	INCOME
71112314	71112314	101	1	69972395	174	113	103	0	2017-07-11 09:21:02	76	0	0	0	251522	71112314	30933339	197168	69972395	32	PAY	\N	\N	528	3180025	1	76	INCOME
71138208	71138208	101	1	70642390	174	113	103	0	2017-07-11 17:21:49	17	0	0	0	251522	71138208	31282503	197168	70642390	32	PAY	\N	\N	528	3189069	1	17	INCOME
71303888	71303888	101	1	70879854	174	113	103	0	2017-07-17 21:26:07	426	0	0	0	48214	71303888	31357702	2221	70879854	16	PAY	\N	\N	539	3261414	1	426	INCOME
71413160	71413160	101	1	69265348	174	113	103	0	2017-07-21 14:07:17	5648	0	0	0	48214	71413160	30570918	2221	69265348	32	PAY	\N	\N	525	3317628	1	5648	INCOME
71460457	71460457	101	1	71230971	174	113	103	0	2017-07-24 20:49:16	3	0	0	0	48214	71460457	31602276	2221	71230971	16	PAY	\N	\N	539	3354142	1	3	INCOME
71491942	71491942	101	1	71339415	174	113	103	0	2017-07-27 14:32:25	23	0	0	0	1026884	71491942	31650646	556305	71339415	32	PAY	\N	\N	519	3378780	1	23	INCOME
71530361	71530361	101	1	71419160	174	113	103	0	2017-07-31 21:07:13	279	0	0	0	48214	71530361	31683487	2221	71419160	16	PAY	\N	\N	539	3408967	1	279	INCOME
71891283	71891283	101	1	71283487	174	113	103	0	2017-08-14 17:21:15	19	0	0	0	251522	71891283	31624925	197168	71283487	32	PAY	\N	\N	528	3504600	1	19	INCOME
71891284	71891284	101	1	71728612	174	113	103	0	2017-08-14 17:21:16	10	0	0	0	251522	71891284	31841790	197168	71728612	32	PAY	\N	\N	528	3504601	1	10	INCOME
71906477	71906477	101	1	70010981	174	113	103	0	2017-08-15 09:06:38	46	0	0	0	6879	71906477	30955042	5727	70010981	32	PAY	\N	\N	530	3514630	1	46	INCOME
72024505	72024505	101	1	70671335	174	113	103	0	2017-08-18 10:33:46	30	0	0	0	6879	72024505	31299335	5727	70671335	32	PAY	\N	\N	530	3562494	1	30	INCOME
72293011	72293011	101	1	71975466	174	113	103	0	2017-09-08 18:18:17	14	0	0	0	1026884	72293011	31989832	556305	71975466	32	PAY	\N	\N	519	3715184	1	14	INCOME
72449843	72449843	101	1	72340926	174	113	103	0	2017-09-15 10:57:37	16	0	0	0	251522	72449843	32150824	197168	72340926	32	PAY	\N	\N	528	3753131	1	16	INCOME
73010401	73010401	101	1	72982761	174	113	103	0	2017-10-09 13:18:10	12	0	0	0	251522	73010401	32492231	197168	72982761	32	PAY	\N	\N	528	4005335	1	12	INCOME
73159853	73159853	101	1	72656434	10	113	103	0	2017-10-13 14:59:22	22	0	0	0	1026884	73159853	32342547	556305	72656434	6	MAHSUP	32602009	73159851	1	91836	1	22.13	INCOME
73159855	73159855	101	1	73159848	10	113	103	0	2017-10-13 14:59:22	11.7	0	0	0	1026884	73159855	32602007	556305	73159848	6	MAHSUP	32602009	73159854	1	91837	1	11.7	INCOME
73266505	73266505	101	1	71335421	174	113	103	0	2017-10-17 10:40:54	5	0	0	0	6879	73266505	31647692	5727	71335421	32	PAY	\N	\N	530	4104708	1	5	INCOME
73266528	73266528	101	1	72277443	174	113	103	0	2017-10-17 10:41:20	2	0	0	0	6879	73266528	32103076	5727	72277443	32	PAY	\N	\N	530	4104736	1	2	INCOME
73266538	73266538	101	1	72927245	174	113	103	0	2017-10-17 10:41:33	5	0	0	0	6879	73266538	32448656	5727	72927245	32	PAY	\N	\N	530	4104740	1	5	INCOME
73266587	73266587	101	1	71956280	174	113	103	0	2017-10-17 10:42:14	6	0	0	0	6879	73266587	31976195	5727	71956280	32	PAY	\N	\N	530	4104782	1	6	INCOME
73947855	73947855	101	1	73605829	174	113	103	0	2017-11-16 00:16:15	30	0	0	0	6879	73947855	32792220	5727	73605829	32	PAY	\N	\N	530	4401353	1	30	INCOME
74068647	74068647	101	1	73788319	174	113	103	0	2017-11-20 20:42:54	3117	0	0	0	48214	74068647	32918866	2221	73788319	16	PAY	\N	\N	539	4463586	1	3117	INCOME
74383321	74383321	101	1	73678924	174	113	103	0	2017-12-07 16:09:57	68	0	0	0	251522	74383321	32842274	197168	73678924	32	PAY	\N	\N	528	4625800	1	68	INCOME
74614707	74614707	101	1	74305423	174	113	103	0	2017-12-15 10:51:23	105	0	0	0	6879	74614707	33142832	5727	74305423	32	PAY	\N	\N	530	4707556	1	105	INCOME
74803385	74803385	101	1	74461548	174	113	103	0	2017-12-21 19:40:49	5062	0	0	0	48214	74803385	33251761	2221	74461548	16	PAY	\N	\N	539	4812878	1	5062	INCOME
74914998	74914998	101	1	74376057	174	113	103	0	2018-01-02 09:08:13	321	0	0	0	251522	74914998	33192648	197168	74376057	32	PAY	\N	\N	528	4906572	1	321	INCOME
75347134	75347134	101	1	74759654	174	113	103	0	2018-01-16 17:37:35	140	0	0	0	251522	75347134	33410853	197168	74759654	32	PAY	\N	\N	528	5037496	1	140	INCOME
75493067	75493067	101	1	75171084	174	113	103	0	2018-01-22 22:29:46	6776	0	0	0	48214	75493067	33617296	2221	75171084	16	PAY	\N	\N	539	5122157	1	6776	INCOME
75716492	75716492	101	1	75006369	174	113	103	0	2018-02-05 21:02:39	203	0	0	0	6879	75716492	33497945	5727	75006369	32	PAY	\N	\N	530	5236410	1	203	INCOME
75785753	75785753	101	1	75689499	174	113	103	0	2018-02-08 10:58:23	231	0	0	0	6879	75785753	33854306	5727	75689499	32	PAY	\N	\N	530	5258133	1	231	INCOME
76112940	76112940	101	1	75074556	174	113	103	0	2018-02-19 10:50:50	251	0	0	0	251522	76112940	33549530	197168	75074556	32	PAY	\N	\N	528	5378305	1	251	INCOME
76209613	76209613	101	1	75851322	174	113	103	0	2018-02-23 15:24:54	8416	0	0	0	48214	76209613	33967834	2221	75851322	32	PAY	\N	\N	539	5460054	1	8416	INCOME
76580003	76580003	101	1	76362153	174	113	103	0	2018-03-12 15:41:01	42	0	0	0	251522	76580003	34202557	197168	76362153	32	PAY	\N	\N	528	5598825	1	42	INCOME
76580552	76580552	101	1	75762577	174	113	103	0	2018-03-12 15:48:02	387	0	0	0	251522	76580552	33903886	197168	75762577	32	PAY	\N	\N	528	5598946	1	387	INCOME
76846446	76846446	101	1	76531483	174	113	103	0	2018-03-20 18:49:46	7506	0	0	0	48214	76846446	34319809	2221	76531483	16	PAY	\N	\N	539	5731137	1	7506	INCOME
76975576	76975576	101	1	76972166	174	113	103	0	2018-04-01 12:03:12	230.46	0	0	0	6879	76975576	34489141	5727	76972166	32	PAY	\N	\N	530	5838423	1	230.46	INCOME
77174142	77174142	101	1	76442207	174	113	103	0	2018-04-09 16:49:28	324	0	0	0	251522	77174142	34256108	197168	76442207	32	PAY	\N	\N	528	5881103	1	324	INCOME
77404703	77404703	101	1	77066527	174	113	103	0	2018-04-16 22:07:04	33	0	0	0	6879	77404703	34559454	5727	77066527	32	PAY	\N	\N	530	5967370	1	33	INCOME
77581160	77581160	101	1	77240165	174	113	103	0	2018-04-24 21:12:47	4513	0	0	0	48214	77581160	34684132	2221	77240165	16	PAY	\N	\N	539	6076729	1	4513	INCOME
77846086	77846086	101	1	77128033	174	113	103	0	2018-05-09 11:21:36	300	0	0	0	251522	77846086	34606842	197168	77128033	32	PAY	\N	\N	528	6185727	1	300	INCOME
78040055	78040055	101	1	77751151	174	113	103	0	2018-05-15 15:35:47	17	0	0	0	6879	78040055	34914628	5727	77751151	32	PAY	\N	\N	530	6256237	1	17	INCOME
78251611	78251611	101	1	77918821	174	113	103	0	2018-05-23 10:11:29	1033	0	0	0	48214	78251611	35030996	2221	77918821	32	PAY	\N	\N	525	6370378	1	1033	INCOME
78572795	78572795	101	1	77819638	174	113	103	0	2018-06-08 19:36:17	62	0	0	0	251522	78572795	34961443	197168	77819638	32	PAY	\N	\N	528	6505943	1	62	INCOME
79043403	79043403	101	1	78674834	174	113	103	0	2018-07-02 10:17:20	1	0	0	0	48214	79043403	35426439	2221	78674834	32	PAY	\N	\N	539	6747596	1	1	INCOME
79233327	79233327	101	1	78295649	174	113	103	0	2018-07-09 10:54:09	45	0	0	0	251522	79233327	35195505	197168	78295649	32	PAY	\N	\N	528	6795802	1	45	INCOME
79233418	79233418	101	1	78529430	174	113	103	0	2018-07-09 10:55:16	1	0	0	0	251522	79233418	35333953	197168	78529430	32	PAY	\N	\N	528	6795848	1	1	INCOME
79233634	79233634	101	1	79214745	174	113	103	0	2018-07-09 10:58:00	18	0	0	0	251522	79233634	35689053	197168	79214745	32	PAY	\N	\N	528	6795896	1	18	INCOME
80345564	80345564	101	1	80113818	174	113	103	0	2018-08-30 11:11:22	27	0	0	0	6879	80345564	36160940	5727	80113818	32	PAY	\N	\N	530	7287689	1	27	INCOME
80452127	80452127	101	1	80175949	174	113	103	0	2018-09-05 11:25:21	28	0	0	0	251522	80452127	36197639	197168	80175949	32	PAY	\N	\N	540	7329700	1	28	INCOME
80821440	80821440	101	1	80614935	174	113	103	0	2018-09-19 14:38:45	6	0	0	0	48214	80821440	36419025	2221	80614935	32	PAY	\N	\N	539	7478641	1	6	INCOME
81291564	81291564	101	1	80843586	174	113	103	0	2018-10-10 08:59:28	28	0	0	0	251522	81291564	36544909	197168	80843586	32	PAY	\N	\N	528	7688941	1	28	INCOME
82297638	82297638	101	1	82012151	174	113	103	0	2018-11-20 18:47:49	237	0	0	0	48214	82297638	37150330	2221	82012151	16	PAY	\N	\N	539	8133387	1	237	INCOME
82315593	82315593	101	1	80772656	174	113	103	0	2018-11-21 12:17:55	6	0	0	0	6879	82315593	36504961	5727	80772656	32	PAY	\N	\N	530	8140516	1	6	INCOME
82315600	82315600	101	1	81496688	174	113	103	0	2018-11-21 12:18:12	12	0	0	0	6879	82315600	36883165	5727	81496688	32	PAY	\N	\N	530	8140519	1	12	INCOME
83195752	83195752	101	1	82728746	174	113	103	0	2018-12-28 15:46:29	8258	0	0	0	48214	83195752	37529336	2221	82728746	32	PAY	\N	\N	519	8560759	1	8258	INCOME
83222183	83222183	101	1	82302492	174	113	103	0	2018-12-31 16:10:16	267	0	0	0	251522	83222183	37310759	197168	82302492	32	PAY	\N	\N	528	8581375	1	267	INCOME
83251924	83251924	101	1	82203936	174	113	103	0	2019-01-02 15:01:24	51	0	0	0	6879	83251924	37259190	5727	82203936	32	PAY	\N	\N	530	8598762	1	51	INCOME
83565076	83565076	101	1	82925194	174	113	103	0	2019-01-15 12:25:58	137	0	0	0	6879	83565076	37637116	5727	82925194	32	PAY	\N	\N	530	8715717	1	137	INCOME
83706920	83706920	101	1	81573650	174	113	103	0	2019-01-21 09:11:42	19	0	0	0	251522	83706920	36924659	197168	81573650	32	PAY	\N	\N	521	8773320	1	19	INCOME
83871486	83871486	101	1	83461135	174	113	103	0	2019-01-25 16:51:04	12154	0	0	0	48214	83871486	37925275	2221	83461135	32	PAY	\N	\N	539	8850567	1	12154	INCOME
83916921	83916921	101	1	83011563	174	113	103	0	2019-01-29 09:35:24	444	0	0	0	251522	83916921	37684273	197168	83011563	32	PAY	\N	\N	540	8886287	1	444	INCOME
84016554	84016554	101	1	83648501	174	113	103	0	2019-02-04 11:07:54	340	0	0	0	6879	84016554	38033497	5727	83648501	32	PAY	\N	\N	530	8936651	1	340	INCOME
84501678	84501678	101	1	84176269	174	113	103	0	2019-02-21 18:46:13	9046	0	0	0	48214	84501678	38305491	2221	84176269	16	PAY	\N	\N	539	9137186	1	9046	INCOME
84668343	84668343	101	1	83734437	174	113	103	0	2019-03-01 10:25:40	637	0	0	0	251522	84668343	38084923	197168	83734437	32	PAY	\N	\N	540	9231676	1	637	INCOME
85186058	85186058	101	1	84362916	174	113	103	0	2019-03-20 14:17:44	220	0	0	0	6879	85186058	38412434	5727	84362916	32	PAY	\N	\N	525	9447775	1	220	INCOME
85340296	85340296	101	1	84902077	174	113	103	0	2019-03-26 14:14:20	8528	0	0	0	48214	85340296	38681777	2221	84902077	32	PAY	\N	\N	539	9523436	1	8528	INCOME
85377132	85377132	101	1	84463715	174	113	103	0	2019-03-29 11:30:28	441	0	0	0	251522	85377132	38461205	197168	84463715	32	PAY	\N	\N	540	9553332	1	441	INCOME
85389267	85389267	101	1	85089463	174	113	103	0	2019-04-01 00:44:26	170	0	0	0	6879	85389267	38783721	5727	85089463	32	PAY	\N	\N	530	9563050	1	170	INCOME
86019903	86019903	101	1	85624309	174	113	103	0	2019-04-24 16:36:09	6438	0	0	0	48214	86019903	39054704	2221	85624309	32	PAY	\N	\N	539	9829947	1	6438	INCOME
86085879	86085879	101	1	85180210	174	113	103	0	2019-04-29 08:16:21	367	0	0	0	251522	86085879	38832990	197168	85180210	32	PAY	\N	\N	528	9870283	1	367	INCOME
86449983	86449983	101	1	85830938	174	113	103	0	2019-05-15 09:14:51	91	0	0	0	6879	86449983	39168778	5727	85830938	32	PAY	\N	\N	530	10028483	1	91	INCOME
86662953	86662953	101	1	86489417	174	113	103	0	2019-05-22 12:19:05	3135	0	0	0	48214	86662953	39508517	2221	86489417	32	PAY	\N	\N	525	10121692	1	3135	INCOME
86962963	86962963	101	1	85903313	174	113	103	0	2019-06-10 10:49:13	339	0	0	0	251522	86962963	39212501	197168	85903313	32	PAY	\N	\N	528	10286042	1	339	INCOME
87448136	87448136	101	1	87125336	174	113	103	0	2019-06-27 19:03:06	2	0	0	0	48214	87448136	39826767	2221	87125336	16	PAY	\N	\N	539	10472816	1	2	INCOME
87654291	87654291	101	1	86552200	174	113	103	0	2019-07-05 09:57:44	67	0	0	0	6879	87654291	39544325	5727	86552200	32	PAY	\N	\N	530	10561710	1	67	INCOME
87729503	87729503	101	1	86634880	174	113	103	0	2019-07-08 12:14:58	94	0	0	0	251522	87729503	39585099	197168	86634880	32	PAY	\N	\N	528	10593001	1	94	INCOME
88253765	88253765	101	1	87397614	174	113	103	0	2019-07-29 09:45:38	31	0	0	0	251522	88253765	39976954	197168	87397614	32	PAY	\N	\N	540	10835448	1	31	INCOME
88301139	88301139	101	1	87318728	174	113	103	0	2019-08-01 09:13:04	17	0	0	0	6879	88301139	39932002	5727	87318728	32	PAY	\N	\N	530	10873447	1	17	INCOME
88301232	88301232	101	1	88007183	174	113	103	0	2019-08-01 09:13:32	7	0	0	0	6879	88301232	40296627	5727	88007183	32	PAY	\N	\N	530	10873256	1	7	INCOME
88944085	88944085	101	1	88100361	174	113	103	0	2019-08-29 14:30:50	15	0	0	0	251522	88944085	40346650	197168	88100361	32	PAY	\N	\N	540	11135320	1	15	INCOME
89601577	89601577	101	1	88830962	174	113	103	0	2019-09-24 14:05:31	21	0	0	0	251522	89601577	40724823	197168	88830962	32	PAY	\N	\N	540	11420323	1	21	INCOME
90090246	90090246	101	1	88731259	174	113	103	0	2019-10-15 13:59:55	7	0	0	0	6879	90090246	40659008	5727	88731259	32	PAY	\N	\N	530	11646800	1	7	INCOME
90090260	90090260	101	1	89447182	174	113	103	0	2019-10-15 14:00:26	3	0	0	0	6879	90090260	41045906	5727	89447182	32	PAY	\N	\N	530	11646807	1	3	INCOME
90436166	90436166	101	1	90161952	174	113	103	0	2019-11-01 08:40:35	16	0	0	0	6879	90436166	41411779	5727	90161952	32	PAY	\N	\N	530	11837160	1	16	INCOME
90437696	90437696	101	1	89525789	174	113	103	0	2019-11-01 09:20:38	24	0	0	0	251522	90437696	41098192	197168	89525789	32	PAY	\N	\N	540	11837467	1	24	INCOME
90997964	90997964	101	1	90683821	174	113	103	0	2019-11-22 18:47:20	183	0	0	0	48214	90997964	41658990	2221	90683821	16	PAY	\N	\N	539	12067065	1	183	INCOME
91123211	91123211	101	1	90222938	174	113	103	0	2019-11-29 17:05:25	23	0	0	0	251522	91123211	41444506	197168	90222938	32	PAY	\N	\N	540	12150080	1	23	INCOME
91130052	91130052	101	1	90874659	174	113	103	0	2019-12-01 14:21:14	19	0	0	0	6879	91130052	41758760	5727	90874659	32	PAY	\N	\N	530	12156864	1	19	INCOME
91714749	91714749	101	1	91401900	174	113	103	0	2019-12-23 19:05:39	8124	0	0	0	48214	91714749	42016331	2221	91401900	16	PAY	\N	\N	539	12411568	1	8124	INCOME
91825037	91825037	101	1	90953225	174	113	103	0	2019-12-30 09:25:32	82	0	0	0	251522	91825037	41801951	197168	90953225	32	PAY	\N	\N	540	12480545	1	82	INCOME
91848735	91848735	101	1	91594295	174	113	103	0	2019-12-31 09:49:49	241	0	0	0	6879	91848735	42115399	5727	91594295	32	PAY	\N	\N	530	12502373	1	241	INCOME
92550540	92550540	101	1	92120956	174	113	103	0	2020-01-28 15:18:16	13257	0	0	0	48214	92550540	42372058	2221	92120956	32	PAY	\N	\N	521	12813594	1	13257	INCOME
92558059	92558059	101	1	91679380	174	113	103	0	2020-01-29 10:30:31	480	0	0	0	251522	92558059	42158856	197168	91679380	32	PAY	\N	\N	540	12819969	1	480	INCOME
92618635	92618635	101	1	92325853	174	113	103	0	2020-02-03 09:42:15	400	0	0	0	6879	92618635	42482540	5727	92325853	32	PAY	\N	\N	530	12854827	1	400	INCOME
92857035	92857035	101	1	92309468	174	113	103	0	2020-02-12 11:16:23	3.78	0	0	0	251522	92857035	42478467	197168	92309468	32	PAY	\N	\N	521	12948075	1	3.78	INCOME
92857213	92857213	101	1	92309479	174	113	103	0	2020-02-12 11:19:02	1.77	0	0	0	251522	92857213	42478471	197168	92309479	32	PAY	\N	\N	521	12948172	1	1.77	INCOME
92857215	92857215	101	1	92309481	174	113	103	0	2020-02-12 11:19:27	1.77	0	0	0	251522	92857215	42478472	197168	92309481	32	PAY	\N	\N	521	12948174	1	1.77	INCOME
92857258	92857258	101	1	92309485	174	113	103	0	2020-02-12 11:22:47	1.77	0	0	0	251522	92857258	42478475	197168	92309485	32	PAY	\N	\N	521	12948190	1	1.77	INCOME
92857310	92857310	101	1	92309476	174	113	103	0	2020-02-12 11:19:00	1.77	0	0	0	251522	92857310	42478469	197168	92309476	32	PAY	\N	\N	521	12948088	1	1.77	INCOME
92857311	92857311	101	1	92309473	174	113	103	0	2020-02-12 11:19:01	1.77	0	0	0	251522	92857311	42478468	197168	92309473	32	PAY	\N	\N	521	12948089	1	1.77	INCOME
92857317	92857317	101	1	92309477	174	113	103	0	2020-02-12 11:19:06	1.77	0	0	0	251522	92857317	42478470	197168	92309477	32	PAY	\N	\N	521	12948091	1	1.77	INCOME
92857337	92857337	101	1	92309482	174	113	103	0	2020-02-12 11:19:39	1.77	0	0	0	251522	92857337	42478473	197168	92309482	32	PAY	\N	\N	521	12948097	1	1.77	INCOME
92857348	92857348	101	1	92309483	174	113	103	0	2020-02-12 11:20:03	1.77	0	0	0	251522	92857348	42478474	197168	92309483	32	PAY	\N	\N	521	12948102	1	1.77	INCOME
92857441	92857441	101	1	92309486	174	113	103	0	2020-02-12 11:23:17	1.77	0	0	0	251522	92857441	42478476	197168	92309486	32	PAY	\N	\N	521	12948130	1	1.77	INCOME
92857448	92857448	101	1	92309539	174	113	103	0	2020-02-12 11:23:49	1.77	0	0	0	251522	92857448	42478510	197168	92309539	32	PAY	\N	\N	521	12948132	1	1.77	INCOME
92857468	92857468	101	1	92309547	174	113	103	0	2020-02-12 11:23:07	1.77	0	0	0	251522	92857468	42478511	197168	92309547	32	PAY	\N	\N	521	12948195	1	1.77	INCOME
92857476	92857476	101	1	92309487	174	113	103	0	2020-02-12 11:23:35	1.77	0	0	0	251522	92857476	42478477	197168	92309487	32	PAY	\N	\N	521	12948198	1	1.77	INCOME
92857485	92857485	101	1	92309488	174	113	103	0	2020-02-12 11:24:02	1.77	0	0	0	251522	92857485	42478478	197168	92309488	32	PAY	\N	\N	521	12948201	1	1.77	INCOME
92857563	92857563	101	1	92309490	174	113	103	0	2020-02-12 11:24:11	1.77	0	0	0	251522	92857563	42478479	197168	92309490	32	PAY	\N	\N	521	12948136	1	1.77	INCOME
92889148	92889148	101	1	92309492	174	113	103	0	2020-02-13 13:20:28	1.77	0	0	0	251522	92889148	42478480	197168	92309492	32	PAY	\N	\N	540	12959178	1	1.77	INCOME
92889149	92889149	101	1	92309493	174	113	103	0	2020-02-13 13:20:28	1.77	0	0	0	251522	92889149	42478481	197168	92309493	32	PAY	\N	\N	540	12959179	1	1.77	INCOME
92889150	92889150	101	1	92309494	174	113	103	0	2020-02-13 13:20:29	1.77	0	0	0	251522	92889150	42478482	197168	92309494	32	PAY	\N	\N	540	12959180	1	1.77	INCOME
92889151	92889151	101	1	92309496	174	113	103	0	2020-02-13 13:20:30	1.77	0	0	0	251522	92889151	42478483	197168	92309496	32	PAY	\N	\N	540	12959181	1	1.77	INCOME
92889154	92889154	101	1	92309501	174	113	103	0	2020-02-13 13:20:31	1.77	0	0	0	251522	92889154	42478487	197168	92309501	32	PAY	\N	\N	540	12959183	1	1.77	INCOME
92889228	92889228	101	1	92309497	174	113	103	0	2020-02-13 13:20:30	1.77	0	0	0	251522	92889228	42478484	197168	92309497	32	PAY	\N	\N	540	12959090	1	1.77	INCOME
92889229	92889229	101	1	92309498	174	113	103	0	2020-02-13 13:20:31	1.77	0	0	0	251522	92889229	42478485	197168	92309498	32	PAY	\N	\N	540	12959091	1	1.77	INCOME
92889230	92889230	101	1	92309500	174	113	103	0	2020-02-13 13:20:31	1.77	0	0	0	251522	92889230	42478486	197168	92309500	32	PAY	\N	\N	540	12959092	1	1.77	INCOME
92889331	92889331	101	1	92309504	174	113	103	0	2020-02-13 13:24:15	1.77	0	0	0	251522	92889331	42478489	197168	92309504	32	PAY	\N	\N	540	12959202	1	1.77	INCOME
92889332	92889332	101	1	92309538	174	113	103	0	2020-02-13 13:24:16	1.77	0	0	0	251522	92889332	42478509	197168	92309538	32	PAY	\N	\N	540	12959203	1	1.77	INCOME
92890074	92890074	101	1	92309507	174	113	103	0	2020-02-13 13:44:16	1.77	0	0	0	251522	92890074	42478492	197168	92309507	32	PAY	\N	\N	540	12959456	1	1.77	INCOME
92890075	92890075	101	1	92309535	174	113	103	0	2020-02-13 13:44:17	1.77	0	0	0	251522	92890075	42478508	197168	92309535	32	PAY	\N	\N	540	12959457	1	1.77	INCOME
92890185	92890185	101	1	92309503	174	113	103	0	2020-02-13 13:44:15	1.77	0	0	0	251522	92890185	42478488	197168	92309503	32	PAY	\N	\N	540	12959443	1	1.77	INCOME
92890186	92890186	101	1	92309505	174	113	103	0	2020-02-13 13:44:16	1.77	0	0	0	251522	92890186	42478490	197168	92309505	32	PAY	\N	\N	540	12959444	1	1.77	INCOME
92890187	92890187	101	1	92309506	174	113	103	0	2020-02-13 13:44:16	1.77	0	0	0	251522	92890187	42478491	197168	92309506	32	PAY	\N	\N	540	12959545	1	1.77	INCOME
92890510	92890510	101	1	92309509	174	113	103	0	2020-02-13 13:52:15	1.77	0	0	0	251522	92890510	42478493	197168	92309509	32	PAY	\N	\N	540	12959601	1	1.77	INCOME
92890511	92890511	101	1	92309531	174	113	103	0	2020-02-13 13:52:15	1.77	0	0	0	251522	92890511	42478507	197168	92309531	32	PAY	\N	\N	540	12959602	1	1.77	INCOME
92890784	92890784	101	1	92309510	174	113	103	0	2020-02-13 13:56:16	1.77	0	0	0	251522	92890784	42478494	197168	92309510	32	PAY	\N	\N	540	12959672	1	1.77	INCOME
92890785	92890785	101	1	92309514	174	113	103	0	2020-02-13 13:56:17	1.77	0	0	0	251522	92890785	42478495	197168	92309514	32	PAY	\N	\N	540	12959673	1	1.77	INCOME
92890788	92890788	101	1	92309517	174	113	103	0	2020-02-13 13:56:18	1.77	0	0	0	251522	92890788	42478497	197168	92309517	32	PAY	\N	\N	540	12959674	1	1.77	INCOME
92890790	92890790	101	1	92309523	174	113	103	0	2020-02-13 13:56:19	1.77	0	0	0	251522	92890790	42478499	197168	92309523	32	PAY	\N	\N	540	12959676	1	1.77	INCOME
92890870	92890870	101	1	92309516	174	113	103	0	2020-02-13 13:56:17	1.77	0	0	0	251522	92890870	42478496	197168	92309516	32	PAY	\N	\N	540	12959618	1	1.77	INCOME
92890873	92890873	101	1	92309528	174	113	103	0	2020-02-13 13:56:19	1.77	0	0	0	251522	92890873	42478504	197168	92309528	32	PAY	\N	\N	540	12959619	1	1.77	INCOME
92890874	92890874	101	1	92309529	174	113	103	0	2020-02-13 13:56:20	1.77	0	0	0	251522	92890874	42478505	197168	92309529	32	PAY	\N	\N	540	12959620	1	1.77	INCOME
92890876	92890876	101	1	92309530	174	113	103	0	2020-02-13 13:56:20	1.77	0	0	0	251522	92890876	42478506	197168	92309530	32	PAY	\N	\N	540	12959621	1	1.77	INCOME
92890985	92890985	101	1	92309521	174	113	103	0	2020-02-13 14:00:24	1.77	0	0	0	251522	92890985	42478498	197168	92309521	32	PAY	\N	\N	540	12959745	1	1.77	INCOME
92890986	92890986	101	1	92309527	174	113	103	0	2020-02-13 14:00:27	1.77	0	0	0	251522	92890986	42478503	197168	92309527	32	PAY	\N	\N	540	12959746	1	1.77	INCOME
92891063	92891063	101	1	92309524	174	113	103	0	2020-02-13 14:00:25	1.77	0	0	0	251522	92891063	42478500	197168	92309524	32	PAY	\N	\N	540	12959629	1	1.77	INCOME
92891064	92891064	101	1	92309525	174	113	103	0	2020-02-13 14:00:26	1.77	0	0	0	251522	92891064	42478501	197168	92309525	32	PAY	\N	\N	540	12959630	1	1.77	INCOME
92891065	92891065	101	1	92309526	174	113	103	0	2020-02-13 14:00:27	1.77	0	0	0	251522	92891065	42478502	197168	92309526	32	PAY	\N	\N	540	12959631	1	1.77	INCOME
93657754	93657754	101	1	93062368	174	113	103	0	2020-03-15 15:03:01	387	0	0	0	6879	93657754	42853958	5727	93062368	32	PAY	\N	\N	530	13304534	1	387	INCOME
93803271	93803271	101	1	92854940	174	113	103	0	2020-03-20 10:59:16	14511	0	0	0	48214	93803271	42742827	2221	92854940	32	PAY	\N	\N	521	13375115	1	14511	INCOME
93988473	93988473	101	1	93121943	174	113	103	0	2020-03-30 08:40:34	1026	0	0	0	251522	93988473	42884309	197168	93121943	32	PAY	\N	\N	540	13466558	1	1026	INCOME
93988916	93988916	101	1	93776833	174	113	103	0	2020-03-30 09:33:10	239	0	0	0	6879	93988916	43223686	5727	93776833	32	PAY	\N	\N	530	13466978	1	239	INCOME
94624279	94624279	101	1	93573510	174	113	103	0	2020-04-27 15:26:52	10487	0	0	0	48214	94624279	43112848	2221	93573510	32	PAY	\N	\N	525	13745810	1	10487	INCOME
94666949	94666949	101	1	93829391	174	113	103	0	2020-04-29 09:08:12	377	0	0	0	251522	94666949	43251634	197168	93829391	32	PAY	\N	\N	540	13769082	1	377	INCOME
94672598	94672598	101	1	94494041	174	113	103	0	2020-04-29 15:28:30	376	0	0	0	6879	94672598	43600828	5727	94494041	32	PAY	\N	\N	530	13773213	1	376	INCOME
95317473	95317473	101	1	94545194	174	113	103	0	2020-05-29 07:04:18	598	0	0	0	251522	95317473	43626208	197168	94545194	32	PAY	\N	\N	540	14073711	1	598	INCOME
95368040	95368040	101	1	95176775	174	113	103	0	2020-06-01 01:01:17	100	0	0	0	6879	95368040	43967109	5727	95176775	32	PAY	\N	\N	530	14087784	1	100	INCOME
95884363	95884363	101	1	94960200	174	113	103	0	2020-06-18 14:43:58	4059	0	0	0	48214	95884363	43850261	2221	94960200	32	PAY	\N	\N	538	14304233	1	4059	INCOME
96090168	96090168	101	1	94265099	174	113	103	0	2020-06-26 16:53:02	13241	0	0	0	48214	96090168	43483511	2221	94265099	32	PAY	\N	\N	521	14407446	1	13241	INCOME
96110842	96110842	101	1	95871366	174	113	103	0	2020-06-29 12:49:44	23	0	0	0	6879	96110842	44339953	5727	95871366	32	PAY	\N	\N	530	14426168	1	23	INCOME
96133337	96133337	101	1	95260750	174	113	103	0	2020-06-30 14:12:11	188	0	0	0	251522	96133337	44003319	197168	95260750	32	PAY	\N	\N	540	14445868	1	188	INCOME
96757112	96757112	101	1	96450469	174	113	103	0	2020-07-23 18:16:21	561	0	0	0	48214	96757112	44636066	2221	96450469	16	PAY	\N	\N	539	14699178	1	561	INCOME
96868822	96868822	101	1	96638433	174	113	103	0	2020-07-29 00:20:00	17	0	0	0	6879	96868822	44732771	5727	96638433	32	PAY	\N	\N	530	14764084	1	17	INCOME
96870338	96870338	101	1	95934245	174	113	103	0	2020-07-29 09:08:14	67	0	0	0	251522	96870338	44376331	197168	95934245	32	PAY	\N	\N	540	14765298	1	67	INCOME
97443029	97443029	101	1	96746116	174	113	103	0	2020-08-24 09:50:20	32	0	0	0	251522	97443029	44786794	197168	96746116	32	PAY	\N	\N	521	15000376	1	32	INCOME
97628100	97628100	101	1	97392471	174	113	103	0	2020-09-01 00:35:51	11	0	0	0	6879	97628100	45121048	5727	97392471	32	PAY	\N	\N	530	15102655	1	11	INCOME
98392307	98392307	101	1	98285947	174	113	103	0	2020-10-01 08:50:26	17	0	0	0	6879	98392307	45590842	5727	98285947	32	PAY	\N	\N	530	15445642	1	17	INCOME
98437197	98437197	101	1	98195550	174	113	103	0	2020-10-02 12:51:27	63	0	0	0	251522	98437197	45547681	197168	98195550	32	PAY	\N	\N	521	15461187	1	63	INCOME
99129070	99129070	101	1	98863189	174	113	103	0	2020-11-01 11:08:32	29	0	0	0	6879	99129070	45909000	5727	98863189	32	PAY	\N	\N	530	15771990	1	29	INCOME
99256372	99256372	101	1	98931828	174	113	103	0	2020-11-05 15:08:58	29	0	0	0	251522	99256372	45942159	197168	98931828	32	PAY	\N	\N	521	15823540	1	29	INCOME
99752851	99752851	101	1	99410905	174	113	103	0	2020-11-23 19:32:15	2450	0	0	0	48214	99752851	46194370	2221	99410905	16	PAY	\N	\N	539	16030201	1	2450	INCOME
99893742	99893742	101	1	99631452	174	113	103	0	2020-12-01 09:01:32	120	0	0	0	6879	99893742	46314679	5727	99631452	32	PAY	\N	\N	530	16121801	1	120	INCOME
99926070	99926070	101	1	99705474	174	113	103	0	2020-12-02 09:16:05	236	0	0	0	251522	99926070	46358370	197168	99705474	32	PAY	\N	\N	521	16134791	1	236	INCOME
100535254	100535254	101	1	100168718	174	113	103	0	2020-12-23 13:52:20	9704	0	0	0	48214	100535254	46594492	2221	100168718	32	PAY	\N	\N	521	16391413	1	9704	INCOME
100656835	100656835	101	1	100459636	174	113	103	0	2020-12-31 10:32:40	426	0	0	0	251522	100656835	46752028	197168	100459636	16	PAY	\N	\N	540	16478035	1	426	INCOME
100663483	100663483	101	1	100386405	174	113	103	0	2020-12-31 17:19:12	271	0	0	0	6879	100663483	46711481	5727	100386405	32	PAY	\N	\N	530	16483546	1	271	INCOME
101361375	101361375	101	1	100913054	174	113	103	0	2021-01-27 16:36:29	10436	0	0	0	48214	101361375	46979852	2221	100913054	32	PAY	\N	\N	539	16781316	1	10436	INCOME
101398177	101398177	101	1	101147702	174	113	103	0	2021-02-01 00:32:56	390	0	0	0	6879	101398177	47105586	5727	101147702	32	PAY	\N	\N	530	16811950	1	390	INCOME
101408825	101408825	101	1	101228947	174	113	103	0	2021-02-01 10:37:55	667	0	0	0	251522	101408825	47151022	197168	101228947	16	PAY	\N	\N	540	16818169	1	667	INCOME
102123721	102123721	101	1	101888739	174	113	103	0	2021-03-01 01:03:09	386	0	0	0	6879	102123721	47501846	5727	101888739	32	PAY	\N	\N	530	17138222	1	386	INCOME
102179063	102179063	101	1	101965969	174	113	103	0	2021-03-02 10:37:41	644	0	0	0	251522	102179063	47551404	197168	101965969	16	PAY	\N	\N	540	17168824	1	644	INCOME
102414007	102414007	101	1	101651097	174	113	103	0	2021-03-10 17:02:03	11226	0	0	0	48214	102414007	47371490	2221	101651097	32	PAY	\N	\N	521	17258724	1	11226	INCOME
102882234	102882234	101	1	102393460	174	113	103	0	2021-03-29 13:53:47	12522	0	0	0	48214	102882234	47764341	2221	102393460	32	PAY	\N	\N	539	17491990	1	12522	INCOME
102898695	102898695	101	1	102712189	174	113	103	0	2021-03-30 10:36:58	670	0	0	0	251522	102898695	47945397	197168	102712189	16	PAY	\N	\N	540	17507480	1	670	INCOME
102943967	102943967	101	1	102641506	174	113	103	0	2021-04-01 17:17:35	396	0	0	0	6879	102943967	47902299	5727	102641506	32	PAY	\N	\N	530	17530098	1	396	INCOME
103451618	103451618	101	1	103389798	174	113	103	0	2021-04-21 09:56:30	417	0	0	0	6879	103451618	48286710	5727	103389798	32	PAY	\N	\N	530	17739124	1	417	INCOME
103603741	103603741	101	1	103157897	174	113	103	0	2021-04-27 16:44:27	12278	0	0	0	48214	103603741	48159373	2221	103157897	32	PAY	\N	\N	521	17816782	1	12278	INCOME
103663287	103663287	101	1	103493529	174	113	103	0	2021-05-03 10:34:50	663	0	0	0	251522	103663287	48339599	197168	103493529	16	PAY	\N	\N	540	17860376	1	663	INCOME
104141590	104141590	101	1	103884751	174	113	103	0	2021-05-24 18:31:30	5804	0	0	0	48214	104141590	48534052	2221	103884751	16	PAY	\N	\N	539	18069477	1	5804	INCOME
104497823	104497823	101	1	104226580	174	113	103	0	2021-06-07 10:37:25	231	0	0	0	251522	104497823	48711348	197168	104226580	16	PAY	\N	\N	540	18212310	1	231	INCOME
104763931	104763931	101	1	104187489	174	113	103	0	2021-06-15 17:41:13	80	0	0	0	6879	104763931	48686424	5727	104187489	32	PAY	\N	\N	530	18335822	1	80	INCOME
104998840	104998840	101	1	104871299	174	113	103	0	2021-06-24 13:36:32	35	0	0	0	6879	104998840	49059662	5727	104871299	32	PAY	\N	\N	530	18443367	1	35	INCOME
105112234	105112234	101	1	104912440	174	113	103	0	2021-07-01 10:32:19	112	0	0	0	251522	105112234	49080742	197168	104912440	16	PAY	\N	\N	540	18515460	1	112	INCOME
105732136	105732136	101	1	105587434	174	113	103	0	2021-07-28 22:53:18	22	0	0	0	6879	105732136	49428106	5727	105587434	32	PAY	\N	\N	530	18788144	1	22	INCOME
105919064	105919064	101	1	105695440	174	113	103	0	2021-08-06 10:36:16	98	0	0	0	251522	105919064	49466946	197168	105695440	16	PAY	\N	\N	540	18860965	1	98	INCOME
106481056	106481056	101	1	106310273	174	113	103	0	2021-08-31 10:41:48	53	0	0	0	251522	106481056	49803656	197168	106310273	16	PAY	\N	\N	540	19121359	1	53	INCOME
106553551	106553551	101	1	106246224	174	113	103	0	2021-09-02 16:19:01	6	0	0	0	6879	106553551	49767049	5727	106246224	32	PAY	\N	\N	530	19154639	1	6	INCOME
107254423	107254423	101	1	106978997	174	113	103	0	2021-10-01 16:59:25	10	0	0	0	6879	107254423	50148812	5727	106978997	32	PAY	\N	\N	530	19465287	1	10	INCOME
107923994	107923994	101	1	107720719	174	113	103	0	2021-10-27 08:45:55	24	0	0	0	6879	107923994	50539773	5727	107720719	32	PAY	\N	\N	530	19765400	1	24	INCOME
108027771	108027771	101	1	107841891	174	113	103	0	2021-11-02 10:31:39	343	0	0	0	251522	108027771	50607386	197168	107841891	16	PAY	\N	\N	540	19827876	1	343	INCOME
108608571	108608571	101	1	108239156	174	113	103	0	2021-11-22 18:47:39	5786	0	0	0	48214	108608571	50803640	2221	108239156	16	PAY	\N	\N	539	20069071	1	5786	INCOME
108760649	108760649	101	1	108486635	174	113	103	0	2021-11-30 10:43:10	88	0	0	0	6879	108760649	50936933	5727	108486635	32	PAY	\N	\N	530	20167547	1	88	INCOME
108833509	108833509	101	1	108633830	174	113	103	0	2021-12-03 10:35:21	511	0	0	0	251522	108833509	51008694	197168	108633830	16	PAY	\N	\N	540	20197226	1	511	INCOME
109320643	109320643	101	1	109014555	174	113	103	0	2021-12-20 18:50:00	14751	0	0	0	48214	109320643	51193920	2221	109014555	16	PAY	\N	\N	539	20396106	1	14751	INCOME
109510236	109510236	101	1	109425605	174	113	103	0	2021-12-28 14:16:05	662	0	1	0	251522	109510236	51407277	197168	109425605	32	PAY	\N	\N	519	20500324	1	662	INCOME
109577625	109577625	101	1	109425605	174	113	103	0	2022-01-03 10:31:55	662	0	0	0	251522	109577625	51407277	197168	109425605	16	PAY	\N	\N	540	20551910	1	662	INCOME
109800875	109800875	101	1	109316899	174	113	103	0	2022-01-11 15:08:39	405	0	0	0	6879	109800875	51359015	5727	109316899	32	PAY	\N	\N	530	20629953	1	405	INCOME
110234538	110234538	101	1	109807619	174	113	103	0	2022-01-26 15:23:21	23677	0	0	0	48214	110234538	51588670	2221	109807619	32	PAY	\N	\N	539	20828355	1	23677	INCOME
110363696	110363696	101	1	110064090	174	113	103	0	2022-02-02 07:43:15	471	0	0	0	6879	110363696	51729174	5727	110064090	32	PAY	\N	\N	530	20906587	1	471	INCOME
110500492	110500492	101	1	110275254	174	113	103	0	2022-02-07 12:19:35	1135	0	0	0	251522	110500492	51825140	197168	110275254	16	PAY	\N	\N	540	20958497	1	1135	INCOME
111076561	111076561	101	1	110593781	174	113	103	0	2022-02-28 15:36:40	29658	0	0	0	48214	111076561	51995547	2221	110593781	32	PAY	\N	\N	539	21226703	1	29658	INCOME
111260965	111260965	101	1	111016285	174	113	103	0	2022-03-07 10:55:09	966	0	0	0	251522	111260965	52209714	197168	111016285	16	PAY	\N	\N	540	21307567	1	966	INCOME
111382322	111382322	101	1	110838644	174	113	103	0	2022-03-11 09:00:03	577	0	0	0	6879	111382322	52127662	5727	110838644	32	PAY	\N	\N	530	21356339	1	577	INCOME
111864602	111864602	101	1	111361065	174	113	103	0	2022-03-29 15:40:44	22689	0	0	0	48214	111864602	52395238	2221	111361065	32	PAY	\N	\N	539	21599464	1	22689	INCOME
111910393	111910393	101	1	111614273	174	113	103	0	2022-04-01 13:34:41	525	0	0	0	6879	111910393	52532647	5727	111614273	32	PAY	\N	\N	530	21627324	1	525	INCOME
111955638	111955638	101	1	111782800	174	113	103	0	2022-04-04 10:34:53	1089	0	0	0	251522	111955638	52603727	197168	111782800	16	PAY	\N	\N	540	21643120	1	1089	INCOME
112633941	112633941	101	1	112397733	174	113	103	0	2022-04-29 15:37:15	549	0	0	0	6879	112633941	52930693	5727	112397733	32	PAY	\N	\N	530	21954077	1	549	INCOME
112676562	112676562	101	1	112538887	174	113	103	0	2022-05-05 10:37:18	747	0	0	0	251522	112676562	53001920	197168	112538887	16	PAY	\N	\N	540	21983754	1	747	INCOME
113000619	113000619	101	1	112142555	174	113	103	0	2022-05-17 11:46:59	26617	0	0	0	48214	113000619	52789578	2221	112142555	32	PAY	\N	\N	539	22110282	1	26617	INCOME
113391785	113391785	101	1	112918097	174	113	103	0	2022-05-31 18:12:09	14685	0	0	0	48214	113391785	53197764	2221	112918097	32	PAY	\N	\N	521	22288409	1	14685	INCOME
113411699	113411699	101	1	113198299	174	113	103	0	2022-06-01 12:50:06	346	0	0	0	6879	113411699	53339779	5727	113198299	32	PAY	\N	\N	530	22296728	1	346	INCOME
113569997	113569997	101	1	113322123	174	113	103	0	2022-06-07 09:48:46	432	0	0	0	251522	113569997	53412028	197168	113322123	16	PAY	\N	\N	540	22371863	1	432	INCOME
113945181	113945181	101	1	113667562	174	113	103	0	2022-06-20 11:46:09	499	0	0	0	48214	113945181	53586765	2221	113667562	32	PAY	\N	\N	539	22532281	1	499	INCOME
114210167	114210167	101	1	113913297	174	113	103	0	2022-07-01 10:33:07	40	0	0	0	6879	114210167	53723945	5727	113913297	32	PAY	\N	\N	530	22673084	1	40	INCOME
114266767	114266767	101	1	114044960	174	113	103	0	2022-07-04 09:51:12	138	0	0	0	251522	114266767	53785786	197168	114044960	16	PAY	\N	\N	540	22693983	1	138	INCOME
114933759	114933759	101	1	114707969	174	113	103	0	2022-08-01 09:50:26	18	0	0	0	6879	114933759	54120808	5727	114707969	32	PAY	\N	\N	530	22978344	1	18	INCOME
115139352	115139352	101	1	114850744	174	113	103	0	2022-08-08 09:56:18	177	0	0	0	251522	115139352	54200610	197168	114850744	16	PAY	\N	\N	540	23072052	1	177	INCOME
115764733	115764733	101	1	115480171	174	113	103	0	2022-09-01 13:18:24	12	0	0	0	6879	115764733	54524848	5727	115480171	32	PAY	\N	\N	530	23369810	1	12	INCOME
115783563	115783563	101	1	115573544	174	113	103	0	2022-09-02 09:47:28	128	0	0	0	251522	115783563	54572476	197168	115573544	16	PAY	\N	\N	540	23378581	1	128	INCOME
116128934	116128934	101	1	116046328	174	113	103	0	2022-09-14 16:52:22	12	0	0	0	48214	116128934	54818929	2221	116046328	32	PAY	\N	\N	539	23513929	1	12	INCOME
116577313	116577313	101	1	116352161	174	113	103	0	2022-10-03 09:48:26	149	0	0	0	251522	116577313	54975698	197168	116352161	16	PAY	\N	\N	540	23733808	1	149	INCOME
116745358	116745358	101	1	116418945	174	113	103	0	2022-10-08 01:39:12	20	0	0	0	6879	116745358	55016057	5727	116418945	32	PAY	\N	\N	530	23805594	1	20	INCOME
117070946	117070946	101	1	117070929	174	113	103	0	2022-10-20 08:47:52	27.13	0	0	0	6879	117070946	55347241	5727	117070929	32	PAY	\N	\N	530	23944081	1	27.13	INCOME
117483536	117483536	101	1	117280400	174	113	103	0	2022-11-05 07:05:04	627	0	0	0	251522	117483536	55453829	197168	117280400	32	PAY	\N	\N	521	24142697	1	627	INCOME
118078284	118078284	101	1	118040451	174	113	103	0	2022-11-25 18:12:13	908	0	0	0	251522	118078284	55849515	197168	118040451	32	PAY	\N	\N	521	24403307	1	908	INCOME
118124712	118124712	101	1	117645726	174	113	103	0	2022-11-28 14:35:59	21181	0	0	0	48214	118124712	55644014	2221	117645726	32	PAY	\N	\N	539	24431385	1	21181	INCOME
118444546	118444546	101	1	117858069	174	113	103	0	2022-12-10 19:49:33	35	0	0	0	6879	118444546	55755291	5727	117858069	32	PAY	\N	\N	530	24574531	1	35	INCOME
118821146	118821146	101	1	118804401	174	113	103	0	2022-12-23 10:23:29	1436	0	0	0	251522	118821146	56239858	197168	118804401	32	PAY	\N	\N	521	24747165	1	1436	INCOME
118971622	118971622	101	1	118470921	174	113	103	0	2022-12-29 14:08:53	36973	0	0	0	48214	118971622	56066732	2221	118470921	32	PAY	\N	\N	539	24829998	1	36973	INCOME
119065746	119065746	101	1	118743418	174	113	103	0	2023-01-03 14:30:40	224	0	0	0	6879	119065746	56207867	5727	118743418	32	PAY	\N	\N	530	24885649	1	224	INCOME
119724324	119724324	101	1	119640357	174	113	103	0	2023-01-26 14:39:49	1804	0	0	0	251522	119724324	56675008	197168	119640357	32	PAY	\N	\N	521	25171568	1	1804	INCOME
119827735	119827735	101	1	119566453	174	113	103	0	2023-02-01 10:50:30	580	0	0	0	6879	119827735	56634637	5727	119566453	32	PAY	\N	\N	530	25240032	1	580	INCOME
120157230	120157230	101	1	119304775	174	113	103	0	2023-02-13 12:05:42	51570	0	0	0	48214	120157230	56492508	2221	119304775	32	PAY	\N	\N	539	25368925	1	51570	INCOME
120454501	120454501	101	1	120341821	174	113	103	0	2023-02-22 11:43:39	1115	0	0	0	6879	120454501	57031277	5727	120341821	32	PAY	\N	\N	544	25505904	1	1115	INCOME
120478556	120478556	101	1	120468886	174	113	103	0	2023-02-23 09:52:09	2183	0	0	0	251522	120478556	57096677	197168	120468886	32	PAY	\N	\N	521	25515245	1	2183	INCOME
120700864	120700864	101	1	120114376	174	113	103	0	2023-03-03 16:13:22	58737	0	0	0	48214	120700864	56912930	2221	120114376	32	PAY	\N	\N	539	25625687	1	58737	INCOME
121404089	121404089	101	1	121335613	174	113	103	0	2023-03-30 10:09:11	1626	0	0	0	251522	121404089	57532168	197168	121335613	32	PAY	\N	\N	521	25951850	1	1626	INCOME
121449316	121449316	101	1	121165384	174	113	103	0	2023-04-02 01:08:07	382.4	0	0	0	6879	121449316	57433674	5727	121165384	32	PAY	\N	\N	530	25970589	1	382.4	INCOME
121728416	121728416	101	1	120915939	174	113	103	0	2023-04-11 13:54:48	50915	0	0	0	48214	121728416	57323770	2221	120915939	32	PAY	\N	\N	539	26091942	1	50915	INCOME
122300809	122300809	101	1	121754959	174	113	103	0	2023-05-11 16:52:22	53869	0	0	0	48214	122300809	57757534	2221	121754959	32	PAY	\N	\N	539	26345539	1	53869	INCOME
122548097	122548097	101	1	122548093	33	113	103	0	2023-05-26 16:22:20	27941.99	0	0	0	1631354	122548097	58259047	978259	122548093	5	PAY	\N	\N	155	18055	1	27941.99	INCOME
122548101	122548101	101	1	122548063	33	113	103	0	2023-05-26 16:22:31	1259.63	0	0	0	1631354	122548101	58263570	978259	122548063	5	PAY	\N	\N	155	18056	1	1259.63	INCOME
122665944	122665944	101	1	121981658	174	113	103	0	2023-06-04 23:32:50	444	0	0	0	6879	122665944	57866285	5727	121981658	32	PAY	\N	\N	538	26371467	1	444	INCOME
122967425	122967425	101	1	122844709	174	113	103	0	2023-06-16 12:06:39	884	0	0	0	48214	122967425	58507506	2221	122844709	32	PAY	\N	\N	539	26446201	1	884	INCOME
123065489	123065489	101	1	122868581	174	113	103	0	2023-06-20 09:16:41	243.47	0	0	0	251522	123065489	58522082	197168	122868581	32	PAY	\N	\N	521	26484463	1	243.47	INCOME
123745233	123745233	101	1	123745231	10	113	103	0	2023-07-26 13:49:34	202.07	0	0	0	251522	123745233	59106222	197168	123745231	6	MAHSUP	58522082	123745232	1	699728	1	202.07	INCOME
123745235	123745235	101	1	123745231	10	113	103	0	2023-07-26 13:49:34	0.1	0	0	0	251522	123745235	59106222	197168	123745231	6	MAHSUP	58750448	123745234	1	699729	1	0.1	INCOME
124224614	124224614	101	1	123745231	10	113	103	0	2023-08-17 16:03:24	41.3	0	0	0	251522	124224614	59106222	197168	123745231	6	MAHSUP	58522082	124224613	46	5013	1	41.3	INCOME
124225023	124225023	101	1	123745231	174	113	103	0	2023-08-17 16:23:32	61.58	0	0	0	251522	124225023	59106222	197168	123745231	32	PAY	\N	\N	521	26768534	1	60.7	INCOME
124373552	124373552	101	1	124373195	32	113	103	0	2023-08-25 15:11:26	14.64	0	0	0	251522	124373552	59575549	197168	124373195	4	PAY	\N	\N	543	26795587	1	14.64	INCOME
124687874	124687874	101	1	123656947	174	113	103	0	2023-09-13 12:20:43	14	0	0	0	6879	124687874	59039725	5727	123656947	32	PAY	\N	\N	538	26851105	1	14	INCOME
124687890	124687890	101	1	124321705	174	113	103	0	2023-09-13 12:21:04	1	0	0	0	6879	124687890	59535461	5727	124321705	32	PAY	\N	\N	538	26851109	1	1	INCOME
124783025	124783025	101	1	123642566	174	113	103	0	2023-09-18 16:28:12	3207	0	0	0	1631354	124783025	59028609	978259	123642566	32	PAY	\N	\N	531	26865361	1	3207	INCOME
124783056	124783056	101	1	124348687	174	113	103	0	2023-09-18 16:29:37	2121	0	0	0	1631354	124783056	59556262	978259	124348687	32	PAY	\N	\N	531	26865365	1	2121	INCOME
125083828	125083828	101	1	124873329	174	113	103	0	2023-10-04 16:07:19	2836	0	0	0	1631354	125083828	59973952	978259	124873329	32	PAY	\N	\N	531	26910995	1	2836	INCOME
125127528	125127528	101	1	124936983	174	113	103	0	2023-10-06 14:21:57	110	0	0	0	251522	125127528	60025691	197168	124936983	32	PAY	\N	\N	521	26917786	1	110	INCOME
125644020	125644020	101	1	125344447	174	113	103	0	2023-11-03 12:41:19	5863	0	0	0	1631354	125644020	60347230	978259	125344447	32	PAY	\N	\N	531	27018073	1	5863	INCOME
126083447	126083447	101	1	125482642	174	113	103	0	2023-11-25 12:51:22	203	0	0	0	251522	126083447	60443718	197168	125482642	32	PAY	\N	\N	521	27132241	1	203	INCOME
126179563	126179563	101	1	125993012	174	113	103	0	2023-11-30 10:08:22	552	0	0	0	251522	126179563	123780944	197168	125993012	32	PAY	\N	\N	521	27166221	1	552	INCOME
126203575	126203575	101	1	125977376	174	113	103	0	2023-12-01 10:27:06	228	0	0	0	6879	126203575	123768591	5727	125977376	32	PAY	\N	\N	538	27175948	1	228	INCOME
126638464	126638464	101	1	126500891	174	113	103	0	2023-12-17 09:30:02	35688	0	0	0	48214	126638464	124087711	2221	126500891	32	PAY	\N	\N	525	27339503	1	35688	INCOME
126997332	126997332	101	1	126748999	174	113	103	0	2023-12-31 09:20:49	1623	0	0	0	251522	126997332	124228262	197168	126748999	32	PAY	\N	\N	521	27503370	1	1623	INCOME
127015392	127015392	101	1	126726479	174	113	103	0	2024-01-02 11:23:24	998	0	0	0	6879	127015392	124212971	5727	126726479	16	PAY	\N	\N	538	27519626	1	998	INCOME
127086798	127086798	101	1	126067001	174	113	103	0	2024-01-04 11:43:05	19613	0	0	0	1631354	127086798	123832953	978259	126067001	32	PAY	\N	\N	531	27550280	1	19613	INCOME
127612776	127612776	101	1	127344840	174	113	103	0	2024-01-23 15:37:42	50362	0	0	0	48214	127612776	124553132	2221	127344840	32	PAY	\N	\N	525	27767613	1	50362	INCOME
127799697	127799697	101	1	127519977	174	113	103	0	2024-01-30 22:17:39	868	0	0	0	6879	127799697	124643165	5727	127519977	32	PAY	\N	\N	538	27853323	1	868	INCOME
128436873	128436873	101	1	128129589	174	113	103	0	2024-02-21 12:33:01	50283	0	0	0	48214	128436873	124976411	2221	128129589	32	PAY	\N	\N	525	28138236	1	50283	INCOME
128631793	128631793	101	1	126959736	174	113	103	0	2024-02-29 11:47:18	17935	0	0	0	1631354	128631793	124343673	978259	126959736	32	PAY	\N	\N	531	28233942	1	17935	INCOME
128645885	128645885	101	1	128352010	174	113	103	0	2024-03-01 09:59:40	4198	0	0	0	251522	128645885	125088194	197168	128352010	32	PAY	\N	\N	521	28243930	1	4198	INCOME
129000369	129000369	101	1	128348009	174	113	103	0	2024-03-13 16:50:32	1235	0	0	0	6879	129000369	125086199	5727	128348009	32	PAY	\N	\N	538	28379687	1	1235	INCOME
129142346	129142346	101	1	128958901	174	113	103	0	2024-03-18 18:34:46	43369	0	0	0	48214	129142346	125410301	2221	128958901	32	PAY	\N	\N	525	28444160	1	43369	INCOME
129444003	129444003	101	1	129190688	174	113	103	0	2024-03-31 07:30:01	1895	0	0	0	251522	129444003	125536966	197168	129190688	32	PAY	\N	\N	521	28587140	1	1895	INCOME
129462746	129462746	101	1	129186399	174	113	103	0	2024-04-01 11:23:02	719	0	0	0	6879	129462746	125533959	5727	129186399	16	PAY	\N	\N	538	28597997	1	719	INCOME
129892723	129892723	101	1	129788411	174	113	103	0	2024-04-18 13:04:35	26067	0	0	0	48214	129892723	125864388	2221	129788411	32	PAY	\N	\N	525	28772950	1	26067	INCOME
129915571	129915571	101	1	127790271	174	113	103	0	2024-04-19 09:32:51	17295	0	0	0	1631354	129915571	124783056	978259	127790271	32	PAY	\N	\N	531	28785779	1	17295	INCOME
129916402	129916402	101	1	128574191	174	113	103	0	2024-04-19 09:49:38	16366	0	0	0	1631354	129916402	125208809	978259	128574191	32	PAY	\N	\N	531	28785964	1	16366	INCOME
129931781	129931781	101	1	129268614	174	113	103	0	2024-04-19 13:57:33	9261	0	0	0	1631354	129931781	125583146	978259	129268614	32	PAY	\N	\N	531	28790140	1	9261	INCOME
130209289	130209289	101	1	129986461	174	113	103	0	2024-04-30 09:07:42	1051	0	0	0	251522	130209289	125972701	197168	129986461	32	PAY	\N	\N	521	28907398	1	1051	INCOME
130242619	130242619	101	1	129982064	174	113	103	0	2024-05-02 11:13:03	222	0	0	0	6879	130242619	125969733	5727	129982064	16	PAY	\N	\N	538	28927901	1	222	INCOME
130867604	130867604	101	1	130567949	174	113	103	0	2024-05-24 16:06:27	13108	0	0	0	48214	130867604	126281153	2221	130567949	32	PAY	\N	\N	525	29198803	1	13108	INCOME
131005633	131005633	101	1	130798337	174	113	103	0	2024-05-30 09:46:43	942	0	0	0	251522	131005633	126397260	197168	130798337	32	PAY	\N	\N	521	29261846	1	942	INCOME
131088774	131088774	101	1	130791153	174	113	103	0	2024-06-03 11:33:36	66	0	0	0	6879	131088774	126392301	5727	130791153	16	PAY	\N	\N	538	29300643	1	66	INCOME
131192167	131192167	101	1	130076181	174	113	103	0	2024-06-06 11:07:28	13007	0	0	0	1631354	131192167	126021949	978259	130076181	32	PAY	\N	\N	531	29347607	1	13007	INCOME
131192256	131192256	101	1	131028667	174	113	103	0	2024-06-06 11:08:22	16789	0	0	0	1631354	131192256	126522518	978259	131028667	32	PAY	\N	\N	531	29347664	1	16789	INCOME
131645541	131645541	101	1	131353294	174	113	103	0	2024-06-24 19:05:33	2412	0	0	0	48214	131645541	126699198	2221	131353294	16	PAY	\N	\N	539	29557945	1	2412	INCOME
131802132	131802132	101	1	131588285	174	113	103	0	2024-06-30 21:13:20	317	0	0	0	251522	131802132	126814146	197168	131588285	32	PAY	\N	\N	521	29609761	1	317	INCOME
131850181	131850181	101	1	131565392	174	113	103	0	2024-07-02 11:14:54	43	0	0	0	6879	131850181	126796965	5727	131565392	16	PAY	\N	\N	538	29639902	1	43	INCOME
132031818	132031818	101	1	131749621	174	113	103	0	2024-07-09 07:14:26	10644	0	0	0	1631354	132031818	126907443	978259	131749621	32	PAY	\N	\N	531	29733226	1	10644	INCOME
132533391	132533391	101	1	132367385	174	113	103	0	2024-07-30 09:43:50	187	0	0	0	251522	132533391	127213529	197168	132367385	32	PAY	\N	\N	521	29948862	1	187	INCOME
132618696	132618696	101	1	132364821	174	113	103	0	2024-08-02 11:12:27	29	0	0	0	6879	132618696	127212106	5727	132364821	16	PAY	\N	\N	538	29982806	1	29	INCOME
133333306	133333306	101	1	133123516	174	113	103	0	2024-08-30 07:59:39	191	0	0	0	251522	133333306	127622557	197168	133123516	32	PAY	\N	\N	521	30305750	1	191	INCOME
133374570	133374570	101	1	133183045	174	113	103	0	2024-09-02 11:39:08	16.76	0	0	0	6879	133374570	127656583	5727	133183045	16	PAY	\N	\N	538	30329941	1	16.76	INCOME
133411450	133411450	101	1	132416210	174	113	103	0	2024-09-03 12:25:13	12278	0	0	0	1631354	133411450	127241587	978259	132416210	32	PAY	\N	\N	531	30353928	1	12278	INCOME
134054105	134054105	101	1	133171949	174	113	103	0	2024-09-26 06:10:33	15030	0	0	0	1631354	134054105	127648395	978259	133171949	32	PAY	\N	\N	531	30624629	1	15030	INCOME
134142489	134142489	101	1	133886188	174	113	103	0	2024-09-30 11:21:03	179	0	0	0	251522	134142489	128027362	197168	133886188	32	PAY	\N	\N	521	30670100	1	179	INCOME
134348812	134348812	101	1	134066626	174	113	103	0	2024-10-07 11:28:43	18.29	0	0	0	6879	134348812	128122895	5727	134066626	16	PAY	\N	\N	538	30763885	1	18.29	INCOME
134966727	134966727	101	1	134685399	174	113	103	0	2024-10-30 09:51:57	323	0	0	0	251522	134966727	128438323	197168	134685399	32	PAY	\N	\N	521	31040921	1	323	INCOME
134973574	134973574	101	1	134685613	174	113	103	0	2024-10-30 11:24:56	66	0	0	0	6879	134973574	128438482	5727	134685613	16	PAY	\N	\N	525	31047042	1	66	INCOME
135615065	135615065	101	1	135340369	174	113	103	0	2024-11-20 17:50:17	38685	0	0	0	48214	135615065	128772180	2221	135340369	32	PAY	\N	\N	539	31334817	1	38685	INCOME
135840274	135840274	101	1	135554277	174	113	103	0	2024-11-29 11:26:47	800	0	0	0	6879	135840274	128880293	5727	135554277	16	PAY	\N	\N	525	31455327	1	800	INCOME
136518113	136518113	101	1	136180691	174	113	103	0	2024-12-23 16:17:14	57875	0	0	0	48214	136518113	129198025	2221	136180691	32	PAY	\N	\N	539	31759613	1	57875	INCOME
136698757	136698757	101	1	136420759	174	113	103	0	2024-12-30 12:18:00	5227	0	0	0	251522	136698757	129320115	197168	136420759	32	PAY	\N	\N	521	31845484	1	5227	INCOME
136736526	136736526	101	1	134126514	174	113	103	0	2025-01-01 14:41:47	21544	0	0	0	1631354	136736526	128153778	978259	134126514	32	PAY	\N	\N	531	31875113	1	21544	INCOME
136751593	136751593	101	1	136519883	174	113	103	0	2025-01-02 11:26:25	1441	0	0	0	6879	136751593	129374902	5727	136519883	16	PAY	\N	\N	525	31883835	1	1441	INCOME
136792545	136792545	101	1	134937001	174	113	103	0	2025-01-03 13:11:28	16420	0	0	0	1631354	136792545	128572325	978259	134937001	32	PAY	\N	\N	531	31900543	1	16420	INCOME
137351234	137351234	101	1	137079880	174	113	103	0	2025-01-23 15:01:50	75982	0	0	0	48214	137351234	129652006	2221	137079880	32	PAY	\N	\N	539	32152459	1	75982	INCOME
137520574	137520574	101	1	137368170	174	113	103	0	2025-01-30 06:31:49	3772	0	0	0	251522	137520574	129798022	197168	137368170	32	PAY	\N	\N	521	32227741	1	3772	INCOME
137661762	137661762	101	1	137393573	174	113	103	0	2025-02-04 11:25:00	1860	0	0	0	6879	137661762	129812462	5727	137393573	16	PAY	\N	\N	525	32292685	1	1860	INCOME
137928719	137928719	101	1	135631816	174	113	103	0	2025-02-12 17:08:24	14895	0	0	0	1631354	137928719	128924024	978259	135631816	32	PAY	\N	\N	531	32410263	1	14895	INCOME
138097475	138097475	101	1	136647173	174	113	103	0	2025-02-18 10:43:33	21532	0	0	0	1631354	138097475	129441898	978259	136647173	32	PAY	\N	\N	531	32491410	1	21532	INCOME
138231916	138231916	101	1	137908634	174	113	103	0	2025-02-21 21:43:54	76479	0	0	0	48214	138231916	130086569	2221	137908634	32	PAY	\N	\N	539	32547419	1	76479	INCOME
138475927	138475927	101	1	138130066	174	113	103	0	2025-03-03 11:31:58	1448	0	0	0	6879	138475927	130205146	5727	138130066	16	PAY	\N	\N	525	32673014	1	1448	INCOME
138721533	138721533	101	1	137446027	174	113	103	0	2025-03-11 09:26:34	22398	0	0	0	1631354	138721533	129840891	978259	137446027	32	PAY	\N	\N	531	32792285	1	22398	INCOME
139081252	139081252	101	1	138793745	174	113	103	0	2025-03-24 08:42:24	84331	0	0	0	48214	139081252	130541041	2221	138793745	32	PAY	\N	\N	539	32953123	1	84331	INCOME
139257550	139257550	101	1	139027518	174	113	103	0	2025-03-30 14:24:05	6539	0	0	0	251522	139257550	130659091	197168	139027518	32	PAY	\N	\N	521	33032468	1	6539	INCOME
139430320	139430320	101	1	139208499	174	113	103	0	2025-04-07 11:31:40	1469.63	0	0	0	6879	139430320	130760725	5727	139208499	16	PAY	\N	\N	525	33127655	1	1469.63	INCOME
139817473	139817473	101	1	139583997	174	113	103	0	2025-04-19 17:07:36	48773	0	0	0	48214	139817473	130955735	2221	139583997	32	PAY	\N	\N	539	33284840	1	48773	INCOME
140028435	140028435	101	1	139890369	174	113	103	0	2025-04-28 07:14:40	2582	0	0	0	251522	140028435	131108755	197168	139890369	32	PAY	\N	\N	521	33384939	1	2582	INCOME
140079601	140079601	101	1	139800297	174	113	103	0	2025-04-29 11:24:38	414	0	0	0	6879	140079601	131067346	5727	139800297	16	PAY	\N	\N	525	33414973	1	414	INCOME
140377445	140377445	101	1	138206822	174	113	103	0	2025-05-10 11:19:43	18405	0	0	0	1631354	140377445	130247916	978259	138206822	32	PAY	\N	\N	531	33552846	1	18405	INCOME
140511531	140511531	101	1	140463633	174	113	103	0	2025-05-15 11:00:18	31452	0	0	0	48214	140511531	131411064	2221	140463633	32	PAY	\N	\N	539	33610250	1	31452	INCOME
140887046	140887046	101	1	140727243	174	113	103	0	2025-05-28 12:29:25	1581	0	0	0	251522	140887046	131546664	197168	140727243	32	PAY	\N	\N	521	33785113	1	1581	INCOME
140983280	140983280	101	1	140678319	174	113	103	0	2025-06-02 12:19:50	350	0	0	0	6879	140983280	131516312	5727	140678319	16	PAY	\N	\N	525	33836679	1	350	INCOME
141443005	141443005	101	1	141318603	174	113	103	0	2025-06-20 11:37:57	2180	0	0	0	48214	141443005	131841207	2221	141318603	32	PAY	\N	\N	539	34034157	1	2180	INCOME
141724764	141724764	101	1	141543556	174	113	103	0	2025-06-29 16:54:30	316	0	0	0	251522	141724764	131973128	197168	141543556	32	PAY	\N	\N	521	34154294	1	316	INCOME
141848223	141848223	101	1	141502850	174	113	103	0	2025-07-03 11:23:56	29	0	0	0	6879	141848223	131955320	5727	141502850	16	PAY	\N	\N	525	34221607	1	29	INCOME
142386130	142386130	101	1	142382641	174	113	103	0	2025-07-23 10:44:31	248	0	0	0	251522	142386130	132382481	197168	142382641	32	PAY	\N	\N	521	34486814	1	248	INCOME
143383371	143383371	101	1	143222716	174	113	103	0	2025-08-29 09:51:33	267	0	0	0	251522	143383371	132829119	197168	143222716	32	PAY	\N	\N	521	34926234	1	267	INCOME
143964551	143964551	101	1	139102291	174	113	103	0	2025-09-18 08:49:41	14253	0	0	0	1631354	143964551	130700531	978259	139102291	32	PAY	\N	\N	531	35184549	1	14253	INCOME
143965409	143965409	101	1	140045770	174	113	103	0	2025-09-18 09:16:13	21635	0	0	0	1631354	143965409	131193736	978259	140045770	32	PAY	\N	\N	531	35185183	1	21635	INCOME
143965425	143965425	101	1	140857447	174	113	103	0	2025-09-18 09:16:40	23987	0	0	0	1631354	143965425	131609304	978259	140857447	32	PAY	\N	\N	531	35185191	1	23987	INCOME
143965446	143965446	101	1	141719005	174	113	103	0	2025-09-18 09:17:09	21085	0	0	0	1631354	143965446	132070961	978259	141719005	32	PAY	\N	\N	531	35185202	1	21085	INCOME
143973638	143973638	101	1	142556369	174	113	103	0	2025-09-18 12:47:20	25374	0	0	0	1631354	143973638	132485277	978259	142556369	32	PAY	\N	\N	531	35189970	1	25374	INCOME
144257307	144257307	101	1	144022195	174	113	103	0	2025-09-28 19:55:25	244	0	0	0	251522	144257307	133249068	197168	144022195	32	PAY	\N	\N	521	35312048	1	244	INCOME
144586190	144586190	101	1	144242474	174	113	103	1	2025-10-10 13:35:10	38950.7	0	0	0	1631354	144586190	133373814	978259	144242474	32	PAY	\N	\N	531	35477908	1	38950	INCOME
145086377	145086377	101	1	144737035	174	113	103	0	2025-10-27 19:03:54	3043	0	0	0	48214	145086377	133617960	2221	144737035	16	PAY	\N	\N	539	35705047	1	3043	INCOME
145117378	145117378	101	1	144923960	174	113	103	0	2025-10-28 22:09:58	1231	0	0	0	251522	145117378	133709797	197168	144923960	32	PAY	\N	\N	521	35716168	1	1231	INCOME
145835733	145835733	101	1	145611646	174	113	103	0	2025-11-23 11:14:52	35152	0	0	0	48214	145835733	134070848	2221	145611646	32	PAY	\N	\N	525	36053279	1	35152	INCOME
146013509	146013509	101	1	145833573	174	113	103	0	2025-11-28 20:21:34	2251	0	0	0	251522	146013509	134179698	197168	145833573	32	PAY	\N	\N	521	36135345	1	2251	INCOME
146053848	146053848	101	1	145788598	174	113	103	0	2025-12-01 11:33:54	344	0	0	0	6879	146053848	134150959	5727	145788598	16	PAY	\N	\N	525	36157007	1	344	INCOME
146570614	146570614	101	1	146570430	174	113	103	0	2025-12-17 09:49:06	3246.49	0	0	0	107396	146570614	134553367	1192595	146570430	32	PAY	\N	\N	517	36396898	1	3246.49	INCOME
146664051	146664051	101	1	146492715	174	113	103	0	2025-12-19 22:46:28	58543	0	0	0	48214	146664051	134518833	2221	146492715	32	PAY	\N	\N	525	36440795	1	58543	INCOME
146796992	146796992	101	1	145019688	174	113	103	0	2025-12-24 13:27:36	28962	0	0	0	1631354	146796992	133760094	978259	145019688	32	PAY	\N	\N	531	36498571	1	28962	INCOME
146913732	146913732	101	1	146685704	174	113	103	0	2025-12-29 10:52:48	3571	0	0	0	251522	146913732	134615775	197168	146685704	32	PAY	\N	\N	521	36554508	1	3571	INCOME
146948150	146948150	101	1	146665596	174	113	103	0	2025-12-30 11:28:32	1261	0	0	0	6879	146948150	134600432	5727	146665596	16	PAY	\N	\N	525	36579206	1	1261	INCOME
147596046	147596046	101	1	147429677	174	113	103	0	2026-01-21 14:07:34	112490	0	0	0	48214	147596046	134990378	2221	147429677	32	PAY	\N	\N	525	36874418	1	112490	INCOME
147628905	147628905	101	1	147465425	174	113	103	0	2026-01-22 18:33:31	3154	0	0	0	107396	147628905	135013458	1192595	147465425	32	PAY	\N	\N	517	36893284	1	3154	INCOME
147781422	147781422	101	1	147588523	174	113	103	0	2026-01-28 12:29:52	5762	0	0	0	251522	147781422	135070146	197168	147588523	32	PAY	\N	\N	521	36965650	1	5762	INCOME
147897541	147897541	101	1	147578741	174	113	103	0	2026-02-02 11:35:51	2429	0	0	0	6879	147897541	135063152	5727	147578741	16	PAY	\N	\N	525	37019805	1	2429	INCOME
147976826	147976826	101	1	144242474	174	113	103	2	2026-02-04 11:00:18	38950	0	0	0	1631354	147976826	133373814	978259	144242474	32	PAY	\N	\N	531	37052634	1	38950	INCOME
147976903	147976903	101	1	145913541	174	113	103	0	2026-02-04 11:01:07	35385	0	0	0	1631354	147976903	134217901	978259	145913541	32	PAY	\N	\N	531	37052644	1	35385	INCOME
148591346	148591346	101	1	148325505	174	113	103	0	2026-02-24 18:01:20	97417	0	0	0	48214	148591346	135447931	2221	148325505	32	PAY	\N	\N	525	37333825	1	97417	INCOME
148702200	148702200	101	1	148499515	174	113	103	0	2026-02-28 12:44:58	4826	0	0	0	251522	148702200	135542191	197168	148499515	32	PAY	\N	\N	521	37373349	1	4826	INCOME
148769282	148769282	101	1	148388261	174	113	103	0	2026-03-02 22:54:29	3554	0	0	0	107396	148769282	135474429	1192595	148388261	16	PAY	\N	\N	517	37414907	1	3554	INCOME
148785480	148785480	101	1	148481098	174	113	103	0	2026-03-03 11:24:43	1981	0	0	0	6879	148785480	135526660	5727	148481098	16	PAY	\N	\N	525	37423993	1	1981	INCOME
149105923	149105923	101	1	146894540	174	113	103	0	2026-03-12 12:46:59	42788	0	0	0	1631354	149105923	134725457	978259	146894540	32	PAY	\N	\N	531	37561494	1	42788	INCOME
149373275	149373275	101	1	149178948	174	113	103	0	2026-03-22 20:20:40	82849	0	0	0	48214	149373275	135905166	2221	149178948	32	PAY	\N	\N	525	37690019	1	82849	INCOME
149424352	149424352	101	1	149349692	174	113	103	0	2026-03-23 17:40:06	4422	0	0	0	251522	149424352	135986508	197168	149349692	32	PAY	\N	\N	521	37721798	1	4422	INCOME
149614914	149614914	101	1	149341906	174	113	103	0	2026-03-30 11:29:57	1497	0	0	0	6879	149614914	135980291	5727	149341906	16	PAY	\N	\N	525	37810981	1	1497	INCOME
150192465	150192465	101	1	149240293	174	113	103	0	2026-04-19 10:53:25	2779	0	0	0	107396	150192465	135929707	1192595	149240293	32	PAY	\N	\N	530	38064263	1	2779	INCOME
150359999	150359999	101	1	150323602	174	113	103	0	2026-04-24 11:41:00	5113	0	0	0	251522	150359999	136479988	197168	150323602	32	PAY	\N	\N	521	38148821	1	5113	INCOME
150552311	150552311	101	1	150319159	174	113	103	1	2026-05-01 21:04:36	25879	0	0	0	48214	150552311	136477766	2221	150319159	32	PAY	\N	\N	539	38241697	1	25879	INCOME
150690265	150690265	101	1	150404069	174	113	103	0	2026-05-05 18:33:13	1653	0	0	0	6879	150690265	136526671	5727	150404069	16	PAY	\N	\N	539	38303780	1	1653	INCOME
151060336	151060336	101	1	150137679	174	113	103	0	2026-05-16 14:50:27	3963	0	0	0	107396	151060336	136383588	1192595	150137679	32	PAY	\N	\N	531	38451097	1	3963	INCOME
151111338	151111338	101	1	150333008	174	113	103	0	2026-05-18 15:16:17	41390	0	0	0	1631354	151111338	136486304	978259	150333008	32	PAY	\N	\N	531	38478828	1	41390	INCOME
151379260	151379260	101	1	151036009	174	113	103	0	2026-05-25 18:49:07	41290.64	0	0	0	48214	151379260	136867995	2221	151036009	16	PAY	\N	\N	539	38598278	1	41290.64	INCOME
151426483	151426483	101	1	151205685	174	113	103	0	2026-06-01 11:11:17	3964	0	0	0	251522	151426483	136954249	197168	151205685	16	PAY	\N	\N	521	38638888	1	3964	INCOME
151451512	151451512	101	1	151022101	174	113	103	0	2026-06-01 16:34:22	3778	0	0	0	107396	151451512	136858419	1192595	151022101	32	PAY	\N	\N	530	38650442	1	3778	INCOME
151464784	151464784	101	1	151139409	174	113	103	0	2026-06-01 19:20:17	255	0	0	0	6879	151464784	136915172	5727	151139409	16	PAY	\N	\N	539	38660254	1	255	INCOME
151651883	151651883	101	1	149522491	174	113	103	0	2026-06-08 09:46:08	104711	0	0	0	1631354	151651883	136060815	978259	149522491	32	PAY	\N	\N	521	38753301	1	104711	INCOME
151651905	151651905	101	1	151194549	174	113	103	0	2026-06-08 09:47:17	38669	0	0	0	1631354	151651905	136949631	978259	151194549	32	PAY	\N	\N	521	38753311	1	38669	INCOME
151655669	151655669	101	1	150319159	174	113	103	2	2026-06-08 11:19:58	25879	0	0	0	48214	151655669	136477766	2221	150319159	32	PAY	\N	\N	539	38754578	1	25879	INCOME
152358356	152358356	101	1	152086341	174	113	103	0	2026-07-02 08:12:44	731	0	0	0	251522	152358356	137397123	197168	152086341	16	PAY	\N	\N	521	39062587	1	731	INCOME
152902576	152902576	101	1	152185118	174	113	103	1	2026-07-17 11:37:43	12546.92	0	0	0	1631354	152902576	137452252	978259	152185118	32	PAY	\N	\N	531	39300066	1	12546.5	INCOME
152910254	152910254	101	1	152016939	174	113	103	1	2026-07-17 14:32:19	341.38	0	0	0	107396	152910254	137357238	1192595	152016939	32	PAY	\N	\N	530	39302213	1	340.5	INCOME
152910263	152910263	101	1	152016939	174	113	103	2	2026-07-17 14:32:27	340.5	0	0	0	107396	152910263	137357238	1192595	152016939	32	PAY	\N	\N	530	39302218	1	340.5	INCOME
152911856	152911856	101	1	150319159	174	113	103	3	2026-07-17 15:10:20	25879	0	0	0	48214	152911856	136477766	2221	150319159	32	PAY	\N	\N	525	39302798	1	25879	INCOME
152911936	152911936	101	1	150319159	174	113	103	4	2026-07-17 15:11:20	25879	0	0	0	48214	152911936	136477766	2221	150319159	32	PAY	\N	\N	525	39302814	1	25879	INCOME
152911938	152911938	101	1	152787703	174	113	103	0	2026-07-17 15:11:20	115	0	0	0	48214	152911938	137772302	2221	152787703	32	PAY	\N	\N	525	39302815	1	115	INCOME
